{
  "results": [
    {
      "command": "daselv2 put -f benchmark/data.json -t string -v 'blue' -o - 'favouriteColours.[]'",
      "mean": 0.008311042955000006,
      "stddev": 0.0028937933015657914,
      "median": 0.007951691325000005,
      "user": 0.004359274999999999,
      "system": 0.0024847850000000006,
      "min": 0.004664885325000006,
      "max": 0.029847182325000006,
      "times": [
        0.010331911325000005,
        0.009877144325000003,
        0.009107811325000006,
        0.010030374325000004,
        0.008651085325000005,
        0.008977178325000005,
        0.007811643325000005,
        0.007432992325000005,
        0.007812448325000005,
        0.007630643325000005,
        0.011008398325000005,
        0.007485194325000006,
        0.007044879325000006,
        0.009773784325000007,
        0.009110062325000005,
        0.009474476325000005,
        0.011555622325000008,
        0.009819928325000005,
        0.008885479325000004,
        0.007730358325000005,
        0.007514351325000006,
        0.0072617863250000044,
        0.008437456325000006,
        0.0072709003250000055,
        0.007256813325000004,
        0.004832576325000005,
        0.006022936325000005,
        0.005960903325000005,
        0.005099136325000004,
        0.006551900325000005,
        0.007734799325000006,
        0.008252333325000007,
        0.008369820325000006,
        0.008280035325000004,
        0.009110995325000006,
        0.014248154325000005,
        0.010902831325000008,
        0.010987404325000005,
        0.010996589325000007,
        0.011137343325000007,
        0.010472032325000005,
        0.009808497325000005,
        0.009575201325000005,
        0.009681907325000006,
        0.009293068325000004,
        0.008470071325000005,
        0.008044285325000004,
        0.007798305325000005,
        0.008649715325000005,
        0.012808335325000007,
        0.009021204325000004,
        0.008038569325000005,
        0.008223353325000005,
        0.009257572325000005,
        0.008065728325000004,
        0.007750179325000005,
        0.006835638325000005,
        0.005516335325000004,
        0.008962114325000006,
        0.007672535325000005,
        0.007446532325000006,
        0.0076230913250000054,
        0.007864813325000004,
        0.008304837325000005,
        0.007598130325000005,
        0.006877556325000005,
        0.007624158325000006,
        0.007650534325000006,
        0.029847182325000006,
        0.009609164325000006,
        0.010610700325000007,
        0.009605567325000005,
        0.008910956325000004,
        0.009952645325000006,
        0.009579609325000005,
        0.008316847325000005,
        0.012148052325000006,
        0.009436662325000005,
        0.009072426325000004,
        0.007661545325000006,
        0.006540591325000005,
        0.006319747325000006,
        0.006093583325000005,
        0.0056867663250000046,
        0.0068508523250000045,
        0.0047954413250000045,
        0.006366820325000006,
        0.0065605253250000045,
        0.004902158325000005,
        0.005093479325000005,
        0.006517302325000004,
        0.006821241325000006,
        0.006312295325000004,
        0.0046994613250000055,
        0.004664885325000006,
        0.0049656193250000044,
        0.006640278325000005,
        0.005128624325000005,
        0.005806232325000005,
        0.004872246325000005
      ]
    },
    {
      "command": "dasel put string -f benchmark/data.json -o - 'favouriteColours.[]' 'blue'",
      "mean": 0.012325345395000006,
      "stddev": 0.002757478512954453,
      "median": 0.012795019825000005,
      "user": 0.006404405000000001,
      "system": 0.004203995000000002,
      "min": 0.006377386325000006,
      "max": 0.023562288325000007,
      "times": [
        0.014625156325000006,
        0.014876105325000007,
        0.014263931325000007,
        0.012767452325000005,
        0.013544359325000005,
        0.013704307325000005,
        0.013730095325000007,
        0.013949815325000007,
        0.015144113325000007,
        0.013886304325000005,
        0.013121778325000007,
        0.012689572325000006,
        0.014832127325000007,
        0.012780864325000005,
        0.013336925325000006,
        0.014078956325000006,
        0.014318819325000006,
        0.014709855325000007,
        0.013979541325000008,
        0.014068198325000007,
        0.014198788325000006,
        0.013973502325000005,
        0.012829047325000006,
        0.012458374325000007,
        0.015060746325000006,
        0.014908573325000007,
        0.014208521325000008,
        0.013911788325000007,
        0.013415527325000006,
        0.012809175325000005,
        0.012981799325000005,
        0.013978088325000006,
        0.013289919325000007,
        0.014119076325000007,
        0.012085934325000006,
        0.010964847325000006,
        0.011208538325000007,
        0.010479766325000008,
        0.015202442325000006,
        0.014176542325000006,
        0.014973322325000007,
        0.015667679325000006,
        0.019071605325000008,
        0.013450209325000007,
        0.014021895325000006,
        0.010429866325000006,
        0.011078461325000007,
        0.009506875325000004,
        0.009668154325000004,
        0.009369351325000004,
        0.009312164325000004,
        0.008225599325000006,
        0.010872562325000005,
        0.009725259325000006,
        0.009311154325000005,
        0.010469348325000006,
        0.010752834325000005,
        0.010166186325000007,
        0.019219673325000006,
        0.023562288325000007,
        0.011493330325000006,
        0.011719253325000005,
        0.013170118325000008,
        0.014812955325000005,
        0.013597162325000006,
        0.012029874325000006,
        0.011448974325000007,
        0.010970343325000007,
        0.009718840325000005,
        0.009277532325000004,
        0.010305910325000004,
        0.008692692325000004,
        0.010501784325000006,
        0.009575314325000004,
        0.009399263325000004,
        0.010444175325000006,
        0.011511241325000005,
        0.016814822325000006,
        0.013704643325000005,
        0.015478974325000006,
        0.013538597325000006,
        0.014460360325000008,
        0.013329761325000005,
        0.014254518325000007,
        0.012731335325000006,
        0.012884613325000006,
        0.010811489325000007,
        0.010158413325000004,
        0.009072799325000006,
        0.010845534325000006,
        0.009808757325000004,
        0.008920382325000004,
        0.007564785325000004,
        0.009994780325000004,
        0.008320725325000004,
        0.007016843325000005,
        0.006377386325000006,
        0.008975911325000006,
        0.0073871173250000055,
        0.007889455325000006
      ]
    },
    {
      "command": "jq '.favouriteColours += [\"blue\"]' benchmark/data.json",
      "mean": 0.03043017581500001,
      "stddev": 0.005941844240197385,
      "median": 0.027029038825000008,
      "user": 0.025812495000000005,
      "system": 0.0009365549999999997,
      "min": 0.02573922232500001,
      "max": 0.04651120832500001,