{
  "results": [
    {
      "command": "dasel put string -f benchmark/data.json -o - '.favouriteColours.[]' blue",
      "mean": 0.011503028225000005,
      "stddev": 0.0003398113563895876,
      "median": 0.011468437615,
      "user": 0.007266525,
      "system": 0.0032005200000000005,
      "min": 0.010612430115,
      "max": 0.012744806115000002,
      "times": [
        0.011777230115,
        0.011755124115000001,
        0.011466844115000001,
        0.011324405115,
        0.011454837115000002,
        0.011593108115,
        0.011243584115,
        0.011764093115,
        0.011214074115,
        0.011608366115000001,
        0.011221101115000002,
        0.011629012115,
        0.011403259115000002,
        0.011473507115,
        0.012207988115,
        0.011225084115,
        0.011689932115000001,
        0.012670745115000001,
        0.011714372115000002,
        0.011172628115000001,
        0.011315777115,
        0.011598274115000001,
        0.011616066115,
        0.011779646115,
        0.011316413115,
        0.011376742115000001,
        0.011198251115,
        0.011490478115000001,
        0.012004149115000001,
        0.011425774115,
        0.011461184115,
        0.011661922115,
        0.011718292115,
        0.011142296115,
        0.011473813115,
        0.011403857115,
        0.012302896115000002,
        0.011271245115,
        0.011153574115,
        0.011195693115,
        0.011671227115,
        0.011866218115,
        0.011122606115000001,
        0.011321245115000001,
        0.011130227115,
        0.011618591115,
        0.011454949115000002,
        0.011292365115000001,
        0.011121002115,
        0.010612430115,
        0.012744806115000002,
        0.011223386115000001,
        0.011564823115000001,
        0.011324912115,
        0.011654376115,
        0.011482419115000001,
        0.011811859115,
        0.011153994115000001,
        0.010948123115000001,
        0.011714647115,
        0.011508289115,
        0.011190786115,
        0.011538080115,
        0.011392261115000002,
        0.011619663115000001,
        0.011813756115,
        0.011608790115000002,
        0.011470031115000001,
        0.011783835115,
        0.011313825115,
        0.011369445115000001,
        0.011446490115000001,
        0.011492219115,
        0.011331686115000001,
        0.011030999115,
        0.011580948115000001,
        0.011395958115,
        0.011621725115,
        0.011418462115000002,
        0.011322098115,
        0.011172652115,
        0.011476254115,
        0.011594183115,
        0.011014136115000002,
        0.012154450115000002,
        0.012228036115,
        0.011934385115000001,
        0.011801893115000002,
        0.011049297115,
        0.011771734115000002,
        0.011872436115000001,
        0.011695301115,
        0.011160478115,
        0.011310839115,
        0.011348106115000001,
        0.011989588115000002,
        0.011268205115,
        0.011485904115,
        0.011129774115000001,
        0.011245974115000001
      ]
    },
    {
      "command": "jq '.favouriteColours += [\"blue\"]' benchmark/data.json",
      "mean": 0.026853566435,
      "stddev": 0.0016030292653168505,
      "median": 0.026598129615000004,
      "user": 0.024282144999999998,
      "system": 0.0008254900000000008,
      "min": 0.025738912115000002,
      "max": 0.040109666115000005,
      "times": [
        0.026530553115000004,
        0.026618964115000004,
        0.026111382115000005,
        0.026788468115000002,
        0.026299815115000003,
        0.026249042115000003,
        0.026870723115000005,
        0.026367144115000005,
        0.026869189115000004,
        0.027257172115000002,
        0.025884200115000002,
        0.026350255115000002,
        0.026273911115000003,
        0.026097653115000004,
        0.027352658115000004,
        0.026327087115000005,
        0.026925104115000004,
        0.026020175115000002,
        0.026481943115000003,
        0.026108226115000004,
        0.026550020115000003,
        0.026565420115000002,
        0.026319433115000002,
        0.026308319115000003,
        0.025898555115000003,
        0.026241376115000003,
        0.026166988115000005,
        0.026633869115000004,
        0.026782826115000005,
        0.027258428115000004,
        0.026591438115000005,
        0.026642542115000004,
        0.027558921115000003,
        0.026665221115000002,
        0.026117055115000003,
        0.026403856115000002,
        0.026967008115000003,
        0.026849578115000005,
        0.025738912115000002,
        0.026774230115000002,
        0.026289754115000005,
        0.027155812115000004,
        0.027131109115000003,
        0.026560806115000002,
        0.026872305115000005,
        0.026076381115000002,
        0.026687902115000002,
        0.027441511115000004,
        0.025851021115000004,
        0.026302916115000005,
        0.027359823115000004,
        0.026184928115000002,
        0.026604821115000003,
        0.026351188115000004,
        0.026646768115000004,
        0.027102203115000004,
        0.026740749115000004,
        0.025821226115000002,
        0.026617136115000002,
        0.026889970115000005,
        0.026158733115000003,
        0.026835915115000004,
        0.027016678115000005,
        0.026363673115000003,
        0.027118726115000002,
        0.027367840115000003,
        0.026893745115000003,
        0.026937427115000002,
        0.026263182115000002,
        0.027107614115000005,
        0.026738395115000004,
        0.026227778115000003,
        0.026646433115000003,
        0.031645197115,
        0.040109666115000005,
        0.032342412115000004,
        0.028058056115000004,
        0.026523893115000002,
        0.026439447115000004,
        0.026489626115000005,
        0.026971213115000003,
        0.026471770115000005,
        0.026483050115000004,
        0.026744248115000004,
        0.026467326115000002,
        0.026726932115000004,
        0.026163806115000004,
        0.025969148115000004,
        0.026205272115000004,
        0.026937617115000003,
        0.026547538115000005,
        0.027608507115000003,
        0.026863993115000002,
        0.026367385115000003,
        0.026732832115000004,
        0.025942353115000004,
        0.026404815115000004,
        0.026621153115000004,
        0.027912134115000004,
        0.026425116115000005
      ]
    },
    {
      "command": "yq --yaml-output '.favouriteColours += [\"blue\"]' benchmark/data.yaml",
      "mean": 0.13781880231500004,
      "stddev": 0.010966295731659633,
      "median": 0.134538840115,
      "user": 0.111022705,
      "system": 0.02543946000000001,
      "min": 0.12197060411499999,
      "max": 0.184248179115,