{
  "results": [
    {
      "command": "dasel put string -f benchmark/data.json -o - '.favouriteColours.[]' blue",
      "mean": 0.007695836925000001,
      "stddev": 0.00019087563503183418,
      "median": 0.007672984034999999,
      "user": 0.0036898350000000003,
      "system": 0.0023141650000000004,
      "min": 0.007314827534999999,
      "max": 0.008131585535,
      "times": [
        0.007522922534999999,
        0.0076529275349999995,
        0.007693803535,
        0.007577968535,
        0.008076818534999999,
        0.007556277534999999,
        0.007592185534999999,
        0.007662726534999999,
        0.007512889534999999,
        0.007880081535,
        0.007650282534999999,
        0.007773827535,
        0.007923690535,
        0.007481919534999999,
        0.007596388535,
        0.007457795534999999,
        0.007608541534999999,
        0.007827401534999999,
        0.0077761745349999994,
        0.007528362534999999,
        0.008131585535,
        0.007916759535,
        0.007734710535,
        0.007722198534999999,
        0.0074878565349999985,
        0.007863898534999999,
        0.007538546534999999,
        0.007369195534999999,
        0.0076070115349999995,
        0.007785418535,
        0.007550489535,
        0.007790502534999999,
        0.007413994534999999,
        0.0075503745349999995,
        0.007457323534999999,
        0.007379901534999999,
        0.007514158534999999,
        0.007718180534999999,
        0.007807298535,
        0.007687302534999999,
        0.007470572534999999,
        0.007609518535,
        0.0075114835349999985,
        0.0075931135349999995,
        0.007850870534999999,
        0.007486565535,
        0.007647885534999999,
        0.007412225534999999,
        0.007314827534999999,
        0.007526364535,
        0.007648380534999999,
        0.007840138534999999,
        0.007946844534999999,
        0.0076755545349999985,
        0.007968679534999999,
        0.007632020534999999,
        0.007488375534999999,
        0.007617315534999999,
        0.007951922535,
        0.007638255534999999,
        0.007855030535,
        0.007496688534999999,
        0.007989798534999999,
        0.007557446535,
        0.007969062535,
        0.008046753535,
        0.007787596535,
        0.007833682534999999,
        0.007670413535,
        0.007911168534999999,
        0.007472457534999999,
        0.007661760534999999,
        0.007487473534999999,
        0.007930298535,
        0.007830683534999999,
        0.007585390535,
        0.007926764534999999,
        0.007525204535,
        0.007808793534999999,
        0.007949128534999999,
        0.007725261535,
        0.007680780534999999,
        0.007559759534999998,
        0.0073790285349999984,
        0.007863753534999999,
        0.007783191534999999,
        0.007561516535,
        0.007951560534999999,
        0.0076892265349999996,
        0.007766751535,
        0.007442864535,
        0.007579395534999998,
        0.007970595535,
        0.008066578534999999,
        0.0077033225349999995,
        0.008111142535,
        0.007737401534999999,
        0.0078055445349999985,
        0.007975581535,
        0.0077242305349999995
      ]
    },
    {
      "command": "jq '.favouriteColours += [\"blue\"]' benchmark/data.json",
      "mean": 0.025924091795000003,
      "stddev": 0.0005192613051638813,
      "median": 0.025804321035,
      "user": 0.023758484999999982,
      "system": 0.0007095450000000003,
      "min": 0.025085902535,
      "max": 0.027732080535000002,
      "times": [
        0.026101807535,
        0.025680412535,
        0.026584747535,
        0.025815755535000002,
        0.026094492535,
        0.025539821535,
        0.025621991535,
        0.025322998535000002,
        0.025424293535,
        0.025365070535,
        0.025911482535,
        0.026238621535,
        0.025780561535,
        0.027732080535000002,
        0.025595023535,
        0.025903176535,
        0.025904485535,
        0.026352474535,
        0.025112619535000002,
        0.025726490535,
        0.025532939535,
        0.025392533535,
        0.025606135535,
        0.026052471535,
        0.026581265535,
        0.025543002535,
        0.025856342535,
        0.025797190535,
        0.026357146535,
        0.025573993535,
        0.027545248535,
        0.026744193535000002,
        0.025599045535,
        0.026688049535,
        0.026068348535,
        0.025680371535,
        0.026334426535,
        0.025740631535,
        0.025576302535,
        0.025548128535,
        0.025085902535,
        0.026147973535,
        0.025512158535,
        0.025561130535,
        0.025788610535,
        0.025214504535,
        0.025388170535,
        0.026232088535,
        0.026649690535,
        0.025811212535,
        0.025970935535,
        0.025362394535,
        0.026424309535,
        0.027022516535,
        0.026303366535,
        0.026791477535,
        0.026268131535,
        0.025980677535,
        0.026163577535,
        0.026469189535,
        0.025560159535,
        0.026058422535,
        0.025527064535,
        0.026256565535,
        0.026631531535,
        0.026975467535000002,
        0.025899816535000002,
        0.025797429535,
        0.025562173535,
        0.025338071535,
        0.026601893535,
        0.025518342535000002,
        0.026612417535000002,
        0.025960121535000002,
        0.025334231535,
        0.025402614535,
        0.025470690535,
        0.025387367535,
        0.025737691535,
        0.025305304535,
        0.025934504535,
        0.025676734535,
        0.025534227535,
        0.026852483535,
        0.026399035535,
        0.025695270535000002,
        0.026336543535,
        0.025213354535,
        0.025526552535,
        0.026387597535,
        0.025464699535,
        0.026580438535,
        0.025644133535,
        0.025605947535,
        0.025663059535,
        0.026071891535,
        0.025275470535,
        0.025851259535,
        0.025832877535,
        0.026151525535
      ]
    },
    {
      "command": "yq --yaml-output '.favouriteColours += [\"blue\"]' benchmark/data.yaml",
      "mean": 0.12594753783500004,
      "stddev": 0.0038148351592384136,
      "median": 0.125904413035,
      "user": 0.10424009499999999,
      "system": 0.021324984999999998,
      "min": 0.11850149453500002,
      "max": 0.150440288535,