{
  "results": [
    {
      "command": "dasel put string -f benchmark/data.json -o - '.favouriteColours.[]' blue",
      "mean": 0.00748936833,
      "stddev": 0.000264462343358804,
      "median": 0.007480348050000001,
      "user": 0.003594975,
      "system": 0.0022205999999999997,
      "min": 0.007046676050000001,
      "max": 0.008982870050000001,
      "times": [
        0.008982870050000001,
        0.007496370050000001,
        0.007557220050000001,
        0.007339679050000001,
        0.007450972050000001,
        0.007413756050000001,
        0.007562165050000002,
        0.007569691050000001,
        0.008153138050000001,
        0.007744759050000001,
        0.007493732050000002,
        0.007452715050000001,
        0.007591304050000001,
        0.007374775050000001,
        0.007450690050000002,
        0.007550888050000001,
        0.007445108050000001,
        0.007631383050000001,
        0.007256681050000002,
        0.007170808050000001,
        0.007493065050000001,
        0.007236937050000001,
        0.007556847050000001,
        0.007601662050000001,
        0.007605327050000001,
        0.007843113050000001,
        0.007560411050000002,
        0.007570944050000002,
        0.007566593050000001,
        0.007221612050000001,
        0.007883095050000002,
        0.007401603050000002,
        0.007585911050000001,
        0.007389084050000001,
        0.0072379600500000005,
        0.007404603050000002,
        0.007210974050000001,
        0.007396352050000001,
        0.007455294050000002,
        0.007438062050000001,
        0.007579147050000002,
        0.00726050305,
        0.007323700050000001,
        0.007256509050000002,
        0.007188998050000001,
        0.007485160050000002,
        0.007365605050000001,
        0.007330281050000002,
        0.007432896050000002,
        0.007276756050000001,
        0.007571667050000001,
        0.007598524050000001,
        0.007638202050000001,
        0.00804032405,
        0.007482337050000001,
        0.007663666050000002,
        0.007640929050000002,
        0.007274023050000002,
        0.007987835050000001,
        0.007478359050000001,
        0.007538659050000002,
        0.0075217910500000006,
        0.007215572050000001,
        0.007502616050000001,
        0.007395346050000001,
        0.007513335050000002,
        0.007686569050000001,
        0.007270366050000001,
        0.00754308505,
        0.008372604050000001,
        0.007187983050000001,
        0.007648076050000001,
        0.007713995050000002,
        0.007750062050000001,
        0.007601367050000002,
        0.007715677050000001,
        0.007373097050000001,
        0.00737179305,
        0.007359110050000001,
        0.007554153050000002,
        0.007241769050000001,
        0.007352573050000002,
        0.007329419050000001,
        0.00707224805,
        0.007493553050000001,
        0.007543667050000001,
        0.007534644050000001,
        0.0073654190500000005,
        0.007133214050000001,
        0.007543714050000001,
        0.007046676050000001,
        0.007163081050000001,
        0.007390006050000002,
        0.007400307050000001,
        0.007509437050000001,
        0.007178451050000001,
        0.0073237280500000005,
        0.007326838050000001,
        0.007289040050000001,
        0.007640214050000002
      ]
    },
    {
      "command": "jq '.favouriteColours += [\"blue\"]' benchmark/data.json",
      "mean": 0.02606790929999999,
      "stddev": 0.0013476122942615864,
      "median": 0.025802644550000003,
      "user": 0.023838005000000006,
      "system": 0.0007552699999999994,
      "min": 0.025051484050000003,
      "max": 0.03453290405,
      "times": [
        0.02605819905,
        0.02631608905,
        0.02638170005,
        0.02673892505,
        0.025485684050000002,
        0.025558371050000004,
        0.025917620050000003,
        0.025353269050000002,
        0.02554438305,
        0.026087790050000004,
        0.02539549605,
        0.02548304905,
        0.025979638050000003,
        0.025762341050000002,
        0.025391604050000002,
        0.027691450050000004,
        0.026501529050000004,
        0.025584131050000004,
        0.025879019050000004,
        0.02556511205,
        0.026117913050000004,
        0.02536842505,
        0.025558813050000004,
        0.02579175905,
        0.025856577050000003,
        0.03398972405,
        0.03453290405,
        0.02996517405,
        0.025538131050000003,
        0.026029273050000003,
        0.02512216005,
        0.026506627050000002,
        0.028083318050000004,
        0.02592999005,
        0.026141050050000003,
        0.026786483050000004,
        0.025807544050000002,
        0.02627386405,
        0.02531819105,
        0.025051484050000003,
        0.02583333205,
        0.02587000605,
        0.02528073905,
        0.025825473050000002,
        0.026134326050000004,
        0.02539658905,
        0.02592661505,
        0.02566061705,
        0.025819763050000003,
        0.025754581050000003,
        0.02675467105,
        0.026072296050000002,
        0.026464309050000002,
        0.025278139050000002,
        0.02528249905,
        0.026077119050000003,
        0.025557024050000002,
        0.02589172505,
        0.025923323050000002,
        0.026244201050000002,
        0.026187771050000003,
        0.02573778305,
        0.02511582005,
        0.025516934050000002,
        0.02547340005,
        0.025353320050000003,
        0.02646873505,
        0.025765641050000003,
        0.02710143505,
        0.025691910050000002,
        0.025560912050000002,
        0.025672213050000003,
        0.02562601205,
        0.026490977050000003,
        0.025476160050000002,
        0.025625982050000003,
        0.025270215050000003,
        0.02535093705,
        0.026013752050000002,
        0.025197642050000003,
        0.02600167805,
        0.025783986050000002,
        0.025764535050000002,
        0.02542094505,
        0.026183550050000004,
        0.026398768050000004,
        0.026718888050000004,
        0.026054168050000003,
        0.02574280605,
        0.02600848005,
        0.025834975050000004,
        0.025152180050000004,
        0.02579774505,
        0.02569899905,
        0.026458581050000003,
        0.025810629050000002,
        0.025503870050000002,
        0.025453860050000002,
        0.025191762050000004,
        0.025620819050000004
      ]
    },
    {
      "command": "yq --yaml-output '.favouriteColours += [\"blue\"]' benchmark/data.yaml",
      "mean": 0.11972933700999999,
      "stddev": 0.003316689616933133,
      "median": 0.11928791505,
      "user": 0.09888492499999998,
      "system": 0.020445469999999997,
      "min": 0.11260607905,
      "max": 0.12868130605000003,