{
  "results": [
    {
      "command": "dasel put string -f benchmark/data.json -o - '.favouriteColours.[]' blue",
      "mean": 0.01074560605999999,
      "stddev": 0.002565904426131488,
      "median": 0.01034594081,
      "user": 0.006543215,
      "system": 0.0027203099999999997,
      "min": 0.00922459381,
      "max": 0.028096286810000003,
      "times": [
        0.010423283810000003,
        0.010607837810000003,
        0.010405962810000002,
        0.014054133810000001,
        0.01047590981,
        0.009968876810000003,
        0.010719661810000003,
        0.01038203281,
        0.010065928810000003,
        0.00956951881,
        0.010156199810000002,
        0.00961877081,
        0.01020379481,
        0.010544718810000003,
        0.010302234810000001,
        0.009752587810000001,
        0.009671522810000003,
        0.01052908781,
        0.010719094810000003,
        0.010970891810000001,
        0.01106206081,
        0.01041990881,
        0.010098459810000002,
        0.010580473810000001,
        0.010983755810000002,
        0.011055838810000003,
        0.010087660810000003,
        0.010588775810000003,
        0.010504523810000003,
        0.010561440810000003,
        0.01007471281,
        0.009653712810000003,
        0.009718539810000003,
        0.01008531881,
        0.010540512810000003,
        0.010739943810000003,
        0.010797203810000003,
        0.01073749581,
        0.01147945681,
        0.01050143781,
        0.010579445810000001,
        0.01019012981,
        0.009695110810000001,
        0.009610790810000002,
        0.010827075810000003,
        0.010464942810000002,
        0.00965852281,
        0.009521188810000001,
        0.00944248181,
        0.01114219181,
        0.010661369810000002,
        0.010142238810000002,
        0.010022242810000002,
        0.010002343810000001,
        0.010436936810000002,
        0.01013088681,
        0.009979768810000001,
        0.009621066810000002,
        0.00961997681,
        0.009368100810000002,
        0.009820846810000002,
        0.00998855581,
        0.010337090810000001,
        0.010428289810000001,
        0.009534885810000001,
        0.00956456281,
        0.010152463810000002,
        0.009825485810000003,
        0.010119814810000002,
        0.010382627810000003,
        0.009684626810000003,
        0.009699618810000001,
        0.01043976181,
        0.010299802810000001,
        0.00980080581,
        0.00922459381,
        0.009287511810000003,
        0.00938601881,
        0.009838518810000002,
        0.010984726810000001,
        0.01021705681,
        0.010057606810000001,
        0.009782498810000002,
        0.028096286810000003,
        0.01339288281,
        0.01080146081,
        0.02737707081,
        0.013266989810000001,
        0.01156118481,
        0.011588567810000002,
        0.011731673810000003,
        0.011582456810000002,
        0.01099133381,
        0.01141641581,
        0.010931835810000002,
        0.010190140810000001,
        0.011182031810000003,
        0.01018264081,
        0.010524970810000003,
        0.01035479081
      ]
    },
    {
      "command": "jq '.favouriteColours += [\"blue\"]' benchmark/data.json",
      "mean": 0.029717968229999996,
      "stddev": 0.007042352224718085,
      "median": 0.027961677310000002,
      "user": 0.026183165000000005,
      "system": 0.0013271400000000005,
      "min": 0.02489173981,
      "max": 0.08150093281000001,
      "times": [
        0.02539766681,
        0.02591768381,
        0.02489173981,
        0.02627743881,
        0.02580793881,
        0.06220114281000001,
        0.08150093281000001,
        0.03850792981000001,
        0.03827218181000001,
        0.037405038810000006,
        0.038684926810000006,
        0.03509285781,
        0.03415695381000001,
        0.033117121810000004,
        0.03346577481000001,
        0.03170570181000001,
        0.03223057781000001,
        0.03181430181000001,
        0.032589436810000004,
        0.032123471810000005,
        0.02791760381,
        0.031089404810000002,
        0.03018494581,
        0.02676192481,
        0.030833481810000004,
        0.029050827810000002,
        0.028170829810000002,
        0.031834831810000006,
        0.03203511581000001,
        0.03174697281,
        0.027259185810000003,
        0.030267394810000004,
        0.030827947810000002,
        0.032550361810000004,
        0.03165984981000001,
        0.03142173981000001,
        0.030692029810000004,
        0.03082911281,
        0.030701049810000002,
        0.03094812581,
        0.03145657281000001,
        0.032493052810000006,
        0.030995893810000005,
        0.031957140810000007,
        0.03207424181000001,
        0.031791988810000005,
        0.031362846810000004,
        0.03029201281,
        0.027243413810000002,
        0.02596256081,
        0.027609244810000003,
        0.027598343810000002,
        0.02800575081,
        0.02956285381,
        0.03091035581,
        0.029851899810000002,
        0.029129596810000002,
        0.026166905810000002,
        0.027075963810000003,
        0.030476518810000002,
        0.03039222081,
        0.02914189981,
        0.031839576810000006,
        0.029126189810000005,
        0.02598345381,
        0.02568177681,
        0.02565880481,
        0.02626827881,
        0.025692115810000003,
        0.02647198081,
        0.025099248810000002,
        0.02573720581,
        0.02585640281,
        0.02519404281,
        0.02529973881,
        0.02702091081,
        0.02575339481,
        0.025049053810000003,
        0.02544664081,
        0.02543611481,
        0.025994925810000003,
        0.027766656810000002,
        0.02546315881,
        0.02622488481,
        0.026447672810000003,
        0.025277967810000003,
        0.024998964810000003,
        0.02567997681,
        0.02563435981,
        0.02655776181,
        0.025118105810000003,
        0.02586393281,
        0.02642208181,
        0.02550922181,
        0.026237295810000002,
        0.02585543381,
        0.02587726181,
        0.026277336810000003,
        0.027471541810000003,
        0.02500851281
      ]
    },
    {
      "command": "yq --yaml-output '.favouriteColours += [\"blue\"]' benchmark/data.yaml",
      "mean": 0.11296318684999998,
      "stddev": 0.003584986625461639,
      "median": 0.11203660481000001,
      "user": 0.093023545,
      "system": 0.019176600000000005,
      "min": 0.10778233981000002,
      "max": 0.13125237281000002,