{
  "results": [
    {
      "command": "daselv2 put -f benchmark/data.json -t string -v 'blue' -o - 'favouriteColours.[]'",
      "mean": 0.006857731805000002,
      "stddev": 0.000556804461095103,
      "median": 0.006689051115000002,
      "user": 0.003541089999999997,
      "system": 0.001966855,
      "min": 0.006176364115000003,
      "max": 0.008708232115000002,
      "times": [
        0.008046658115000003,
        0.006737070115000002,
        0.006455556115000002,
        0.0068489901150000036,
        0.0077960381150000025,
        0.008165093115000003,
        0.007300585115000003,
        0.006919831115000002,
        0.006445431115000002,
        0.007378174115000002,
        0.008587250115000004,
        0.007170800115000002,
        0.0067869481150000036,
        0.0066666511150000034,
        0.006910616115000002,
        0.007268627115000002,
        0.0077300261150000035,
        0.006498311115000002,
        0.006262198115000003,
        0.0066464171150000025,
        0.006563694115000003,
        0.007177438115000002,
        0.007179266115000003,
        0.007528474115000003,
        0.006676185115000002,
        0.006656173115000002,
        0.006495676115000003,
        0.006295267115000003,
        0.007021015115000003,
        0.0069525681150000036,
        0.006728009115000003,
        0.006419973115000003,
        0.006204575115000003,
        0.006460183115000002,
        0.006720952115000003,
        0.006401468115000003,
        0.006836124115000003,
        0.007491076115000004,
        0.007726362115000003,
        0.006379957115000003,
        0.006770716115000002,
        0.006511431115000002,
        0.007866231115000002,
        0.008367048115000003,
        0.006378255115000002,
        0.0064249031150000035,
        0.006284421115000003,
        0.006362380115000003,
        0.006772255115000002,
        0.0068348911150000035,
        0.007170949115000002,
        0.007592480115000003,
        0.007494627115000003,
        0.0064030971150000025,
        0.006431830115000002,
        0.006562299115000003,
        0.007046919115000003,
        0.007342610115000002,
        0.006624679115000002,
        0.006456785115000002,
        0.006176364115000003,
        0.006424148115000002,
        0.006298885115000003,
        0.006677123115000003,
        0.006647377115000002,
        0.007236667115000003,
        0.007291771115000003,
        0.006833281115000003,
        0.0066489331150000035,
        0.006693177115000002,
        0.006250839115000002,
        0.006869024115000002,
        0.007364254115000003,
        0.0065180271150000035,
        0.006190620115000003,
        0.006315317115000003,
        0.006499475115000002,
        0.006725527115000003,
        0.007727324115000003,
        0.006384520115000002,
        0.006289286115000002,
        0.006372065115000002,
        0.006377824115000003,
        0.006326594115000002,
        0.006727793115000004,
        0.006442968115000003,
        0.007502823115000003,
        0.006889579115000002,
        0.0065543921150000035,
        0.006193409115000003,
        0.006616431115000003,
        0.006602450115000004,
        0.006985747115000003,
        0.007284834115000003,
        0.006300427115000003,
        0.006355995115000002,
        0.006684925115000002,
        0.006956559115000004,
        0.0075936721150000035,
        0.008708232115000002
      ]
    },
    {
      "command": "dasel put string -f benchmark/data.json -o - '.favouriteColours.[]' blue",
      "mean": 0.008579670904999998,
      "stddev": 0.0007206988022403204,
      "median": 0.008336359615000004,
      "user": 0.004725379999999999,
      "system": 0.002686724999999999,
      "min": 0.007442958115000002,
      "max": 0.011006261115000002,
      "times": [
        0.007828226115000003,
        0.008099370115000002,
        0.008018410115000003,
        0.009026818115000003,
        0.008894004115000003,
        0.009259831115000002,
        0.008366486115000004,
        0.008239168115000002,
        0.008677960115000003,
        0.010203002115000004,
        0.010816121115000002,
        0.008083105115000003,
        0.007964778115000003,
        0.008330691115000002,
        0.008557606115000003,
        0.009170440115000003,
        0.009912510115000004,
        0.009423896115000004,
        0.008318982115000003,
        0.008588341115000004,
        0.008695836115000003,
        0.010797924115000003,
        0.008720301115000002,
        0.008485085115000002,
        0.008387728115000003,
        0.008634144115000002,
        0.009230572115000004,
        0.008031340115000002,
        0.007792497115000003,
        0.007967525115000002,
        0.008470964115000004,
        0.008734316115000003,
        0.007749460115000002,
        0.008636810115000003,
        0.009046717115000004,
        0.008138108115000002,
        0.007952535115000003,
        0.008180476115000003,
        0.008329332115000003,
        0.008909596115000003,
        0.007969619115000003,
        0.007815975115000004,
        0.008094722115000003,
        0.008207553115000004,
        0.008444076115000003,
        0.009625163115000003,
        0.009240167115000003,
        0.008074079115000002,
        0.007830002115000003,
        0.008133096115000004,
        0.008215975115000003,
        0.008634288115000003,
        0.009681163115000002,
        0.009215108115000002,
        0.008094412115000003,
        0.007979092115000003,
        0.008332844115000003,
        0.009713703115000003,
        0.009765688115000002,
        0.007977991115000003,
        0.007926703115000003,
        0.008044289115000002,
        0.007970494115000002,
        0.008381927115000003,
        0.009213837115000003,
        0.0077242191150000035,
        0.008206231115000002,
        0.008208733115000004,
        0.009050828115000003,
        0.009505762115000004,
        0.008927063115000003,
        0.008339875115000003,
        0.008023569115000002,
        0.008021964115000002,
        0.009943410115000002,
        0.008738889115000002,
        0.008579748115000002,
        0.007917516115000002,
        0.008911835115000002,
        0.008029444115000003,
        0.008197454115000002,
        0.008343558115000003,
        0.011006261115000002,
        0.010128273115000003,
        0.008326738115000003,
        0.007859934115000003,
        0.008321782115000002,
        0.008833102115000003,
        0.007981780115000003,
        0.007442958115000002,
        0.008034072115000002,
        0.008298174115000003,
        0.008477092115000003,
        0.008753019115000003,
        0.009385379115000004,
        0.008015486115000003,
        0.008060514115000002,
        0.008037817115000003,
        0.008896222115000003,
        0.008185401115000003
      ]
    },
    {
      "command": "jq '.favouriteColours += [\"blue\"]' benchmark/data.json",
      "mean": 0.029399306595000008,
      "stddev": 0.006829989288529789,
      "median": 0.028163663615000004,
      "user": 0.02404002999999999,
      "system": 0.0011566649999999994,
      "min": 0.027178259115000006,
      "max": 0.09284568011500001,