{
  "results": [
    {
      "command": "dasel put string -f benchmark/data.json -o - '.favouriteColours.[]' blue",
      "mean": 0.007574510899999997,
      "stddev": 0.0003489234984006836,
      "median": 0.007492643900000001,
      "user": 0.003650074999999999,
      "system": 0.0022484400000000013,
      "min": 0.0069858124,
      "max": 0.008725937400000001,
      "times": [
        0.007872845400000002,
        0.008004303400000003,
        0.0078741654,
        0.0081739324,
        0.008725937400000001,
        0.007854348400000002,
        0.008080639400000002,
        0.008128520400000002,
        0.0080886314,
        0.007902130400000002,
        0.007937743400000002,
        0.007841491400000001,
        0.008018298400000002,
        0.007737601400000001,
        0.008371157400000002,
        0.008041381400000002,
        0.0079427454,
        0.007917878400000002,
        0.0079066814,
        0.0075309904000000006,
        0.0077125994000000015,
        0.007652511400000002,
        0.0073345624,
        0.0075877494000000005,
        0.007447113400000001,
        0.007410114400000002,
        0.007367874400000001,
        0.007347997400000001,
        0.007442270400000002,
        0.0081754684,
        0.0073365004,
        0.007662176400000001,
        0.0072437454,
        0.007349971400000001,
        0.007258703400000001,
        0.007101379400000001,
        0.0072202514000000015,
        0.0074932624000000015,
        0.0073936064000000015,
        0.007155742400000001,
        0.0071684544000000005,
        0.007690855400000001,
        0.007469303400000001,
        0.007262005400000001,
        0.0074453624000000015,
        0.007296271400000001,
        0.0073582854,
        0.007254015400000002,
        0.0071194404000000005,
        0.0073149004,
        0.007259870400000001,
        0.008576843400000003,
        0.007970767400000002,
        0.007687157400000001,
        0.007683215400000001,
        0.0074808204,
        0.0077076844,
        0.007462639400000001,
        0.0074920254,
        0.0075143804,
        0.007447334400000001,
        0.007616823400000001,
        0.007722056400000001,
        0.0073832104,
        0.007274253400000001,
        0.007401447400000001,
        0.007173218400000001,
        0.0082321554,
        0.0082209684,
        0.007709554400000001,
        0.007677329400000001,
        0.0079107034,
        0.0075647684000000005,
        0.007599767400000001,
        0.0075343954,
        0.007506129400000001,
        0.0073463414,
        0.007510236400000001,
        0.008028668400000001,
        0.007381957400000001,
        0.007670704400000001,
        0.007349503400000001,
        0.0069858124,
        0.007426412400000001,
        0.007208249400000001,
        0.0073245544000000015,
        0.0076684664000000015,
        0.007262795400000002,
        0.007294369400000001,
        0.007265080400000001,
        0.0070508774000000015,
        0.007271995400000001,
        0.006996433400000001,
        0.007379923400000001,
        0.007574361400000001,
        0.007352533400000001,
        0.007597876400000001,
        0.0072003244,
        0.007225603400000002,
        0.007244573400000002
      ]
    },
    {
      "command": "jq '.favouriteColours += [\"blue\"]' benchmark/data.json",
      "mean": 0.026439836750000004,
      "stddev": 0.0017763533974488662,
      "median": 0.025941436900000003,
      "user": 0.024184705000000008,
      "system": 0.0007435400000000003,
      "min": 0.024849522400000004,
      "max": 0.0365811944,
      "times": [
        0.026817816400000003,
        0.025866582400000004,
        0.027128980400000002,
        0.026055605400000004,
        0.0255700714,
        0.025499432400000004,
        0.027467491400000002,
        0.025997366400000003,
        0.026777476400000003,
        0.027401635400000002,
        0.027045130400000002,
        0.0273013414,
        0.026182526400000003,
        0.025656141400000002,
        0.025861976400000004,
        0.025677622400000003,
        0.026285813400000003,
        0.025413102400000002,
        0.026209116400000003,
        0.026384835400000004,
        0.0266230754,
        0.026539217400000002,
        0.026099894400000004,
        0.026396015400000004,
        0.026134850400000003,
        0.026059222400000002,
        0.026586183400000005,
        0.026230398400000004,
        0.026075782400000004,
        0.026477146400000002,
        0.025559238400000003,
        0.026790290400000003,
        0.0270955634,
        0.0341469534,
        0.0365811944,
        0.0333237374,
        0.030895110400000005,
        0.029854061400000003,
        0.026022796400000003,
        0.028794310400000005,
        0.0301399754,
        0.026282314400000003,
        0.025512842400000003,
        0.025508305400000004,
        0.025293669400000003,
        0.025274611400000004,
        0.025481188400000004,
        0.025491550400000004,
        0.0258814784,
        0.026675625400000003,
        0.026449293400000004,
        0.025773174400000005,
        0.025970951400000004,
        0.027128381400000002,
        0.0261541534,
        0.025844967400000002,
        0.025988888400000004,
        0.025737994400000002,
        0.025526509400000005,
        0.025784046400000003,
        0.025582774400000004,
        0.025911922400000002,
        0.0256572964,
        0.025400092400000004,
        0.025485082400000005,
        0.0259762764,
        0.025746172400000003,
        0.025971184400000003,
        0.025737499400000002,
        0.025651329400000002,
        0.027536696400000005,
        0.027482409400000005,
        0.025297122400000004,
        0.0258618684,
        0.025482411400000002,
        0.025611358400000003,
        0.025881777400000004,
        0.025356856400000002,
        0.025192382400000005,
        0.026284416400000003,
        0.025830602400000003,
        0.025484144400000002,
        0.0255804134,
        0.025791813400000002,
        0.026052543400000003,
        0.026326371400000003,
        0.025768903400000005,
        0.0261289674,
        0.028123660400000004,
        0.025335972400000004,
        0.025460911400000005,
        0.025742659400000003,
        0.025743452400000002,
        0.025771191400000004,
        0.025453077400000003,
        0.025525163400000002,
        0.024849522400000004,
        0.0257848214,
        0.024921151400000004,
        0.026416376400000004
      ]
    },
    {
      "command": "yq --yaml-output '.favouriteColours += [\"blue\"]' benchmark/data.yaml",
      "mean": 0.12856123353000007,
      "stddev": 0.009832372520663584,
      "median": 0.12905391640000002,
      "user": 0.105906195,
      "system": 0.02209578,
      "min": 0.11561263340000001,
      "max": 0.18689803740000002,