{
  "results": [
    {
      "command": "daselv2 put -f benchmark/data.json -t string -v 'blue' -o - 'favouriteColours.[]'",
      "mean": 0.006559234080000001,
      "stddev": 0.00031854298910522985,
      "median": 0.006491430500000001,
      "user": 0.0034752449999999983,
      "system": 0.0019132700000000006,
      "min": 0.0061455780000000005,
      "max": 0.008277945000000002,
      "times": [
        0.006303749000000001,
        0.006631118000000002,
        0.006537565,
        0.007438413000000001,
        0.0064620170000000005,
        0.006565493,
        0.006521805,
        0.006858463,
        0.006817912000000001,
        0.006348036000000001,
        0.006693780000000002,
        0.006865791000000001,
        0.006582719000000001,
        0.006369064000000001,
        0.006204007000000001,
        0.006465219000000001,
        0.006740448000000001,
        0.006536465000000002,
        0.006334705000000001,
        0.00631221,
        0.006295486000000001,
        0.006552023000000001,
        0.006945283000000002,
        0.007000094000000002,
        0.006553250000000002,
        0.0063897450000000005,
        0.006361923,
        0.006184466000000001,
        0.006665724000000001,
        0.006420157000000001,
        0.006370204000000001,
        0.006288761,
        0.006343052000000002,
        0.006363932000000001,
        0.00647316,
        0.006402695000000002,
        0.006668931000000001,
        0.006541594000000001,
        0.006582801000000001,
        0.006318445000000001,
        0.006391798000000001,
        0.006816351000000002,
        0.006677724000000001,
        0.006354416000000002,
        0.006566185,
        0.006488604,
        0.006282272,
        0.006343139000000001,
        0.006340616,
        0.0061589270000000015,
        0.006322890000000001,
        0.006777022000000001,
        0.006579106000000001,
        0.006367268000000001,
        0.0061455780000000005,
        0.0063252740000000005,
        0.007078150000000002,
        0.006927046000000001,
        0.006444273,
        0.007286268,
        0.008277945000000002,
        0.006734930000000002,
        0.006724939000000001,
        0.0063336170000000015,
        0.0064386220000000015,
        0.0066451320000000015,
        0.006584144000000002,
        0.006644218,
        0.0061654460000000015,
        0.006394843000000001,
        0.006808028000000001,
        0.006577802000000001,
        0.006859139,
        0.0067177190000000005,
        0.0066748760000000015,
        0.006459542,
        0.006456209000000001,
        0.006369647000000001,
        0.006324126000000001,
        0.006717296000000001,
        0.006654964000000001,
        0.006629765000000001,
        0.006462782,
        0.0061580160000000005,
        0.006389663,
        0.0064942570000000015,
        0.0076943210000000005,
        0.006775359000000002,
        0.006167174000000001,
        0.0062170340000000015,
        0.006594792,
        0.006984558000000002,
        0.006617657000000001,
        0.006359693000000001,
        0.006477142000000002,
        0.006428988000000002,
        0.006472503000000001,
        0.006237141000000002,
        0.006502066000000001,
        0.006713701000000001
      ]
    },
    {
      "command": "dasel put string -f benchmark/data.json -o - '.favouriteColours.[]' blue",
      "mean": 0.008422656970000003,
      "stddev": 0.00025259091696336404,
      "median": 0.008380131000000002,
      "user": 0.004592984999999998,
      "system": 0.0025722500000000003,
      "min": 0.007787787000000001,
      "max": 0.009244352,
      "times": [
        0.008415565000000002,
        0.008523451000000001,
        0.008440252,
        0.009034088000000001,
        0.007981774,
        0.008095846,
        0.008162243000000001,
        0.008717780000000001,
        0.008437570000000002,
        0.008281179000000001,
        0.008536304000000002,
        0.008375172000000002,
        0.008247918000000002,
        0.008279651,
        0.008390803,
        0.008225355000000002,
        0.008426573000000001,
        0.008228413,
        0.008110071000000002,
        0.008865932000000002,
        0.008358800000000001,
        0.008252533000000001,
        0.008431301,
        0.008291585,
        0.008620712,
        0.008442852,
        0.008188211,
        0.008339394000000002,
        0.008153110000000002,
        0.008107502,
        0.008528822000000002,
        0.008870019000000002,
        0.008918309000000001,
        0.008473604000000001,
        0.008328539000000001,
        0.008514341000000002,
        0.008199196,
        0.008438659000000001,
        0.008860850000000002,
        0.008555207,
        0.008248031000000001,
        0.008231746000000002,
        0.008178108000000002,
        0.008615023000000001,
        0.008343317000000001,
        0.008848316000000002,
        0.008246622,
        0.008353140000000002,
        0.008884523000000002,
        0.008460423000000002,
        0.008209031,
        0.008008005,
        0.008596640000000001,
        0.008597531000000002,
        0.008138745000000001,
        0.008335233000000001,
        0.008312650000000001,
        0.008536947000000001,
        0.008326726000000001,
        0.008189442000000002,
        0.008295920000000002,
        0.008300092000000002,
        0.008616051000000001,
        0.008408462000000002,
        0.008564943000000002,
        0.008644960000000002,
        0.008815857000000002,
        0.008879512,
        0.009244352,
        0.008562036,
        0.008493366,
        0.008165944000000001,
        0.008532769,
        0.009191958000000002,
        0.008291675000000002,
        0.008156465000000002,
        0.008450780000000001,
        0.008731780000000001,
        0.008357380000000001,
        0.008227090000000001,
        0.008327979000000001,
        0.008419013000000001,
        0.008301521000000001,
        0.007787787000000001,
        0.008470077000000001,
        0.008395379000000001,
        0.008554001,
        0.008121759000000001,
        0.008370102,
        0.008148166000000002,
        0.008274022,
        0.008502364000000002,
        0.008295774,
        0.008303814000000001,
        0.008456303000000002,
        0.008316067000000002,
        0.008602751,
        0.008684052000000001,
        0.008385090000000001,
        0.008308599000000002
      ]
    },
    {
      "command": "jq '.favouriteColours += [\"blue\"]' benchmark/data.json",
      "mean": 0.02827737350000002,
      "stddev": 0.0009034554968123969,
      "median": 0.027977958500000004,
      "user": 0.023749294999999986,
      "system": 0.0010989999999999995,
      "min": 0.027433315000000003,
      "max": 0.032711741,