{
  "results": [
    {
      "command": "dasel put string -f benchmark/data.json -o - '.favouriteColours.[]' blue",
      "mean": 0.007471383829999999,
      "stddev": 0.0005285311917679467,
      "median": 0.007572259350000002,
      "user": 0.0035711449999999982,
      "system": 0.0022151700000000002,
      "min": 0.005890472350000002,
      "max": 0.008784296350000002,
      "times": [
        0.007355288350000003,
        0.007454252350000003,
        0.007649182350000002,
        0.008326939350000001,
        0.0067600533500000014,
        0.0063660033500000015,
        0.006427279350000002,
        0.006304287350000002,
        0.006405671350000003,
        0.006210854350000001,
        0.006233399350000002,
        0.005890472350000002,
        0.006294751350000002,
        0.005891864350000001,
        0.006253733350000002,
        0.006145311350000002,
        0.006661261350000003,
        0.007744203350000003,
        0.007568508350000003,
        0.007585837350000003,
        0.007388833350000002,
        0.007499116350000001,
        0.007531383350000002,
        0.008784296350000002,
        0.0077182533500000025,
        0.007588208350000002,
        0.007576489350000002,
        0.0074869943500000015,
        0.0074274023500000026,
        0.007676789350000003,
        0.007450821350000003,
        0.007686444350000002,
        0.0074698183500000025,
        0.007486786350000002,
        0.0076193933500000015,
        0.007288612350000003,
        0.007496083350000002,
        0.007399368350000003,
        0.007571539350000002,
        0.007593948350000003,
        0.007442867350000002,
        0.007478826350000002,
        0.007337702350000003,
        0.0076498493500000014,
        0.007775376350000002,
        0.007826157350000001,
        0.007827164350000002,
        0.007572979350000002,
        0.007340970350000002,
        0.007329747350000002,
        0.0073925863500000025,
        0.007958061350000002,
        0.007554710350000002,
        0.007888054350000001,
        0.008004131350000002,
        0.007506041350000003,
        0.007651192350000002,
        0.007538700350000002,
        0.0072406323500000015,
        0.008079086350000002,
        0.007850206350000001,
        0.007623219350000002,
        0.007444550350000002,
        0.007227941350000003,
        0.007661824350000002,
        0.007902001350000002,
        0.007822378350000003,
        0.007790700350000002,
        0.007596475350000001,
        0.007745617350000003,
        0.0073676463500000015,
        0.0074259293500000025,
        0.007530417350000002,
        0.007632811350000003,
        0.007875618350000002,
        0.007614882350000003,
        0.007594946350000003,
        0.007715428350000003,
        0.007312374350000003,
        0.007576725350000002,
        0.007616044350000002,
        0.007436865350000002,
        0.007797028350000002,
        0.0073908593500000026,
        0.0074942383500000015,
        0.007566217350000001,
        0.007591867350000002,
        0.007729536350000002,
        0.007444300350000002,
        0.008343553350000003,
        0.0077824263500000015,
        0.007518235350000003,
        0.007990870350000002,
        0.007854410350000002,
        0.008379094350000001,
        0.008308257350000002,
        0.007855173350000003,
        0.007855824350000002,
        0.0076070213500000015,
        0.007600292350000003
      ]
    },
    {
      "command": "jq '.favouriteColours += [\"blue\"]' benchmark/data.json",
      "mean": 0.026165148249999985,
      "stddev": 0.0006962736030723437,
      "median": 0.026032610350000002,
      "user": 0.023808374999999996,
      "system": 0.0007980099999999996,
      "min": 0.025147629350000002,
      "max": 0.029326769350000004,
      "times": [
        0.026631387350000004,
        0.025761434350000004,
        0.029326769350000004,
        0.025888087350000002,
        0.026607081350000002,
        0.025861911350000003,
        0.02525239535,
        0.026341998350000003,
        0.025670610350000005,
        0.025862237350000004,
        0.027130177350000003,
        0.025762493350000002,
        0.026048546350000003,
        0.025958022350000002,
        0.025593044350000003,
        0.025995754350000004,
        0.025359760350000003,
        0.025457379350000003,
        0.025846572350000003,
        0.025417712350000003,
        0.02712054335,
        0.026437704350000004,
        0.025846445350000004,
        0.026072385350000005,
        0.025399541350000002,
        0.025438571350000005,
        0.026358148350000003,
        0.027254668350000004,
        0.028401029350000002,
        0.026141421350000003,
        0.026684416350000004,
        0.026570316350000005,
        0.026402119350000003,
        0.025900802350000002,
        0.02524868435,
        0.026038444350000002,
        0.025868239350000002,
        0.026410235350000002,
        0.026043148350000003,
        0.026501038350000002,
        0.026239775350000005,
        0.026792714350000003,
        0.026178040350000004,
        0.026026776350000003,
        0.026684252350000003,
        0.028081502350000002,
        0.026120185350000002,
        0.026169356350000002,
        0.02697127335,
        0.02629220935,
        0.026071415350000002,
        0.025805236350000003,
        0.026331433350000003,
        0.026061483350000005,
        0.025655670350000003,
        0.025458106350000002,
        0.026591310350000005,
        0.026210382350000002,
        0.026252507350000003,
        0.02590744035,
        0.026389942350000004,
        0.025890147350000003,
        0.026127140350000005,
        0.027055605350000005,
        0.026012183350000002,
        0.026005359350000003,
        0.025745408350000002,
        0.025860025350000003,
        0.025587237350000003,
        0.025780624350000003,
        0.025820421350000004,
        0.025701823350000003,
        0.02598712435,
        0.025781878350000002,
        0.026096741350000004,
        0.026105399350000003,
        0.025573211350000003,
        0.026301307350000004,
        0.025417282350000004,
        0.025944575350000002,
        0.027733246350000004,
        0.027199062350000004,
        0.025147629350000002,
        0.026463487350000002,
        0.025825343350000002,
        0.025316330350000003,
        0.025530278350000005,
        0.026158248350000003,
        0.02548239735,
        0.026577540350000005,
        0.025755887350000003,
        0.026397950350000005,
        0.025682016350000003,
        0.025561003350000003,
        0.026319995350000003,
        0.026683060350000003,
        0.025428614350000003,
        0.025945900350000002,
        0.028375938350000005,
        0.025935108350000003
      ]
    },
    {
      "command": "yq --yaml-output '.favouriteColours += [\"blue\"]' benchmark/data.yaml",
      "mean": 0.11979522072999997,
      "stddev": 0.0036675098471354384,
      "median": 0.11925983785000001,
      "user": 0.09875344500000001,
      "system": 0.020621989999999996,
      "min": 0.11081932935000001,
      "max": 0.14216417435,