{
  "results": [
    {
      "command": "dasel put string -f benchmark/data.json -o - '.favouriteColours.[]' blue",
      "mean": 0.007487404100000003,
      "stddev": 0.0002139426444585737,
      "median": 0.007454785140000001,
      "user": 0.0036084049999999977,
      "system": 0.00222095,
      "min": 0.007091900640000001,
      "max": 0.008509569640000002,
      "times": [
        0.007611151640000001,
        0.007258736640000001,
        0.007473821640000001,
        0.007535928640000002,
        0.007391703640000002,
        0.007553838640000001,
        0.0071528636400000015,
        0.007465827640000002,
        0.007434303640000002,
        0.007276449640000002,
        0.007445952640000001,
        0.007292111640000001,
        0.007350041640000001,
        0.007325355640000001,
        0.007431163640000002,
        0.007640214640000002,
        0.007387946640000002,
        0.007553718640000002,
        0.007543915640000001,
        0.007260992640000002,
        0.007320443640000002,
        0.007164796640000002,
        0.007380333640000002,
        0.007785945640000002,
        0.007411609640000002,
        0.0076061016400000014,
        0.007384219640000002,
        0.007289761640000001,
        0.007581773640000001,
        0.008085213640000002,
        0.007823247640000001,
        0.007640614640000001,
        0.007458334640000001,
        0.007565668640000002,
        0.007745564640000001,
        0.007238193640000001,
        0.0074216366400000015,
        0.007314052640000002,
        0.0076237336400000015,
        0.007570382640000001,
        0.007300922640000002,
        0.007580075640000001,
        0.007340606640000002,
        0.007634315640000002,
        0.007722541640000002,
        0.007781520640000001,
        0.007896441640000001,
        0.007787304640000001,
        0.007951217640000001,
        0.008065191640000002,
        0.007606909640000001,
        0.0075142926400000015,
        0.007413850640000002,
        0.007223784640000001,
        0.007490526640000002,
        0.007307840640000002,
        0.007399042640000002,
        0.007522046640000002,
        0.007659678640000002,
        0.007501481640000002,
        0.007521242640000002,
        0.007329709640000001,
        0.007499618640000002,
        0.007304667640000002,
        0.007607745640000002,
        0.007501810640000002,
        0.007358233640000001,
        0.007657352640000002,
        0.007297986640000002,
        0.007277442640000001,
        0.007427643640000002,
        0.007355437640000002,
        0.008509569640000002,
        0.007459186640000002,
        0.007278065640000001,
        0.007452137640000002,
        0.0071476926400000015,
        0.007494823640000002,
        0.007798368640000001,
        0.007320560640000001,
        0.007395895640000002,
        0.007453594640000002,
        0.007422013640000001,
        0.007711264640000002,
        0.007391533640000001,
        0.007401268640000002,
        0.007455975640000001,
        0.007378364640000001,
        0.007413248640000002,
        0.007361063640000002,
        0.0075080866400000015,
        0.007312826640000002,
        0.007451896640000002,
        0.007633555640000001,
        0.007493427640000001,
        0.0074683006400000015,
        0.007471051640000002,
        0.007303941640000002,
        0.007524641640000001,
        0.007091900640000001
      ]
    },
    {
      "command": "jq '.favouriteColours += [\"blue\"]' benchmark/data.json",
      "mean": 0.026194780670000008,
      "stddev": 0.0014505587314920228,
      "median": 0.025932372640000007,
      "user": 0.023934574999999993,
      "system": 0.000763819999999999,
      "min": 0.024890726640000003,
      "max": 0.03557428564000001,
      "times": [
        0.025551045640000006,
        0.027261168640000003,
        0.026493255640000005,
        0.025375694640000005,
        0.025588964640000003,
        0.025840458640000005,
        0.025962100640000003,
        0.025353002640000004,
        0.026082497640000004,
        0.026051475640000005,
        0.025991853640000003,
        0.025689551640000006,
        0.025609232640000004,
        0.025805613640000006,
        0.025754983640000003,
        0.025502574640000004,
        0.026287906640000004,
        0.026386854640000006,
        0.025688195640000005,
        0.027308958640000006,
        0.026034097640000003,
        0.025852311640000004,
        0.03018731964,
        0.03557428564000001,
        0.03389286164000001,
        0.02987903764,
        0.025867418640000004,
        0.026095511640000006,
        0.025931854640000005,
        0.025491403640000004,
        0.025430100640000005,
        0.026284441640000003,
        0.026764264640000004,
        0.026389875640000005,
        0.026118262640000004,
        0.026670400640000005,
        0.026274992640000005,
        0.026031688640000005,
        0.026286909640000005,
        0.026577059640000004,
        0.026039647640000003,
        0.025571482640000004,
        0.025467138640000005,
        0.025813387640000005,
        0.025961633640000006,
        0.025354777640000003,
        0.025823693640000006,
        0.025312792640000005,
        0.025402957640000005,
        0.026062282640000003,
        0.025403908640000004,
        0.025244709640000005,
        0.025946412640000003,
        0.027303569640000004,
        0.026108120640000003,
        0.025512099640000004,
        0.025596705640000005,
        0.026352548640000004,
        0.025798825640000005,
        0.025478216640000006,
        0.026003528640000006,
        0.025814146640000004,
        0.025790242640000006,
        0.025440745640000005,
        0.025451944640000005,
        0.025331779640000003,
        0.025465032640000003,
        0.027221243640000004,
        0.025697845640000005,
        0.025842782640000006,
        0.025846441640000006,
        0.027219273640000003,
        0.026373024640000003,
        0.026053878640000003,
        0.026234661640000004,
        0.025944784640000003,
        0.025932890640000004,
        0.025453412640000006,
        0.025666269640000003,
        0.025941392640000005,
        0.025158543640000003,
        0.026002036640000004,
        0.025605949640000004,
        0.025928049640000006,
        0.026186857640000005,
        0.026655296640000003,
        0.026564610640000003,
        0.025739209640000003,
        0.027423617640000005,
        0.025810834640000006,
        0.026389367640000005,
        0.025828134640000004,
        0.026066439640000005,
        0.026041059640000003,
        0.025372427640000004,
        0.024890726640000003,
        0.025953095640000003,
        0.025340112640000006,
        0.026024642640000005,
        0.024997330640000006
      ]
    },
    {
      "command": "yq --yaml-output '.favouriteColours += [\"blue\"]' benchmark/data.yaml",
      "mean": 0.12379211115000002,
      "stddev": 0.008093960082608586,
      "median": 0.12072656364,
      "user": 0.10210354500000002,
      "system": 0.021189180000000002,
      "min": 0.11100608664,
      "max": 0.14306597164,