{
  "results": [
    {
      "command": "dasel put -f benchmark/data.json -t string -v 'blue' -o - 'favouriteColours.[]'",
      "mean": 0.006362884364999999,
      "stddev": 0.00021501631877681013,
      "median": 0.006345151515,
      "user": 0.003443860000000001,
      "system": 0.001869379999999999,
      "min": 0.006018476514999999,
      "max": 0.0073172925150000005,
      "times": [
        0.006285630515,
        0.006190678515000001,
        0.0064769245149999995,
        0.0066152145150000004,
        0.006414079515000001,
        0.006417764515,
        0.006147338515,
        0.006328375515,
        0.006544164514999999,
        0.0063866315149999995,
        0.006177446515000001,
        0.006176046515,
        0.0069701705150000005,
        0.006454626515000001,
        0.006344655515,
        0.006442166515,
        0.006207638515000001,
        0.006285788515,
        0.006344216515000001,
        0.0073172925150000005,
        0.006210722514999999,
        0.006205306515,
        0.006308549514999999,
        0.006406979514999999,
        0.006401095515,
        0.006405238515,
        0.006264520515,
        0.006576170515,
        0.006380617514999999,
        0.0061836115149999996,
        0.006415497515,
        0.006059463515,
        0.0066564505150000005,
        0.006390071515,
        0.006695017515,
        0.006230377515,
        0.0061458605150000005,
        0.006552898515000001,
        0.0063762415150000005,
        0.006424465515,
        0.006347593515,
        0.006113812515000001,
        0.0061793385150000005,
        0.006712640515,
        0.006125994515,
        0.006432969514999999,
        0.006206103515,
        0.006190709515,
        0.006345647515,
        0.006344366515,
        0.0065856965149999995,
        0.006147578515,
        0.006247137514999999,
        0.006612234515000001,
        0.0063190065149999995,
        0.006321301515000001,
        0.006210777515,
        0.0062047815150000005,
        0.006866539515000001,
        0.006466353515,
        0.006383908515,
        0.006176126515,
        0.006091127514999999,
        0.006462394515000001,
        0.006456186515,
        0.006509539514999999,
        0.006829870514999999,
        0.006248740515,
        0.006349296515,
        0.006252177515,
        0.006457510515000001,
        0.006359014515000001,
        0.006604236515,
        0.006422258514999999,
        0.006251306514999999,
        0.006283833515,
        0.006061921515000001,
        0.006348020515,
        0.0069515515149999995,
        0.006421775515,
        0.006444836515,
        0.006021763515,
        0.006270246514999999,
        0.0063259375149999995,
        0.006424371514999999,
        0.006423192515,
        0.006153273515,
        0.006279562515,
        0.006343872515,
        0.006243765514999999,
        0.006374543514999999,
        0.006113235514999999,
        0.006062575515,
        0.006646376515,
        0.006359892515,
        0.006508915515,
        0.006018476514999999,
        0.006058310515,
        0.006234202515,
        0.006263698514999999
      ]
    },
    {
      "command": "jq '.favouriteColours += [\"blue\"]' benchmark/data.json",
      "mean": 0.028399219705000003,
      "stddev": 0.0009524072849964119,
      "median": 0.028088513515,
      "user": 0.023799939999999995,
      "system": 0.00112113,
      "min": 0.027354593515,
      "max": 0.032038109515,
      "times": [
        0.027485935515,
        0.027776079515000003,
        0.027974774515000002,
        0.027717035515000002,
        0.027661780515,
        0.027603428515,
        0.027563089515,
        0.027770672515000004,
        0.028244305515,
        0.028182605515,
        0.028703815515,
        0.029604238515,
        0.027552224515,
        0.027668676515,
        0.027627101515000002,
        0.027955253515,
        0.028984689515000002,
        0.027381655515000002,
        0.028505019515,
        0.028220889515,
        0.028747226515,
        0.027816066515,
        0.027896558515000003,
        0.030341618515,
        0.028236090515,
        0.030039593515000004,
        0.029978222515,
        0.027606009515000002,
        0.027805401515,
        0.028048066515000004,
        0.027979122515000003,
        0.027740270515,
        0.032038109515,
        0.028850299515000004,
        0.027872919515000004,
        0.027708877515,
        0.028613513515,
        0.027555784515,
        0.027564075515,
        0.028037817515,
        0.028462489515,
        0.030730131515000002,
        0.029946475515,
        0.027887746515,
        0.027675255515,
        0.028428883515000003,
        0.027679488515,
        0.028610245515,
        0.027944329514999998,
        0.028388234515,
        0.028757537515,
        0.027924577515,
        0.028533675515000002,
        0.027651419515,
        0.027476454515000002,
        0.031904643515000004,
        0.029474061515000004,
        0.028529887515000005,
        0.028398705515000004,
        0.027798463515000003,
        0.028081163515,
        0.029142420515000003,
        0.028892992515,
        0.028775335515,
        0.028124017515000002,
        0.029203821515,
        0.028283671515000004,
        0.027782925515,
        0.027856053515,
        0.027717681515000002,
        0.028454654515000004,
        0.028361255515000003,
        0.028245853515000002,
        0.028550859515,
        0.030769878515,
        0.029673417515,
        0.027561498515,
        0.027483428515,
        0.027721674515000003,
        0.027954484515000003,
        0.027354593515,
        0.027656025515,
        0.031317862515,
        0.028605168515,
        0.028095863515,
        0.028610676515000003,
        0.029606363515000005,
        0.029093520515,
        0.028593980515,
        0.028766658515,
        0.027564031515,
        0.028120136514999998,
        0.027876981515000003,
        0.027395492515,
        0.028079876515000005,
        0.027791276515000005,
        0.027983107515,
        0.027973714515000005,
        0.028941524515000004,
        0.028996405515000004
      ]
    },
    {
      "command": "yq --yaml-output '.favouriteColours += [\"blue\"]' benchmark/data.yaml",
      "mean": 0.12725773959500006,
      "stddev": 0.0026978371156123255,
      "median": 0.126534050015,
      "user": 0.10090008999999994,
      "system": 0.022193170000000005,
      "min": 0.12426769551500001,
      "max": 0.14200735451500002,