{
  "results": [
    {
      "command": "daselv2 put -f benchmark/data.json -t string -v 'blue' -o - 'favouriteColours.[]'",
      "mean": 0.0030796292600000007,
      "stddev": 0.0005543495444265115,
      "median": 0.0029784873500000005,
      "user": 0.0029777149999999997,
      "system": 0.0008156249999999993,
      "min": 0.0023323258500000006,
      "max": 0.00533458885,
      "times": [
        0.005015956850000001,
        0.00533458885,
        0.003854332850000001,
        0.00302978785,
        0.0025078328500000007,
        0.0031201458500000005,
        0.00314391585,
        0.003067409850000001,
        0.0027433178499999995,
        0.003029531850000001,
        0.00431061185,
        0.003673954850000001,
        0.00299315585,
        0.002603457850000001,
        0.0026632238500000002,
        0.003319163850000001,
        0.002963818850000001,
        0.003543648850000001,
        0.00379848885,
        0.004786713850000001,
        0.003902555850000001,
        0.0034742118500000006,
        0.00257472385,
        0.00247770485,
        0.0026157318500000006,
        0.002814044850000001,
        0.0030092878500000003,
        0.00274457285,
        0.0032798168500000006,
        0.0030159708500000007,
        0.0033438218500000012,
        0.0027733758500000007,
        0.0025515808500000004,
        0.002598826850000001,
        0.002755139850000001,
        0.003480314850000001,
        0.0028736468499999997,
        0.002697550850000001,
        0.003121601850000001,
        0.0029350268500000012,
        0.0029245448500000003,
        0.00275993085,
        0.003237495850000001,
        0.0031784768500000005,
        0.00314184585,
        0.0031579888499999997,
        0.00251580985,
        0.002701940850000001,
        0.002771641850000001,
        0.0032264888500000005,
        0.003352087850000001,
        0.002526330850000001,
        0.002669355850000001,
        0.002445341850000001,
        0.0027555958500000005,
        0.0030297438500000006,
        0.002558833850000001,
        0.002893303850000001,
        0.00405565385,
        0.0033032328500000006,
        0.0027349318500000004,
        0.0024487768500000007,
        0.00288488185,
        0.0030390098499999997,
        0.00360192185,
        0.0028727388500000006,
        0.0023471768500000004,
        0.00267252185,
        0.0036079288500000008,
        0.0037547468500000007,
        0.0030805808500000004,
        0.00452537385,
        0.003665385850000001,
        0.0028662428500000007,
        0.00272390885,
        0.0023323258500000006,
        0.002766236850000001,
        0.0030323228499999997,
        0.00323022085,
        0.003339148850000001,
        0.00253763385,
        0.003524368850000001,
        0.003080200850000001,
        0.0030280138500000005,
        0.00268080985,
        0.0029375988500000005,
        0.00253871485,
        0.00295651385,
        0.0035928348500000006,
        0.0024439188500000007,
        0.0027454398499999998,
        0.0027362768500000002,
        0.003296946850000001,
        0.0034817628500000003,
        0.002508982850000001,
        0.002829853850000001,
        0.00323316385,
        0.0030075918499999996,
        0.0028504518499999996,
        0.0026772518500000012
      ]
    },
    {
      "command": "dasel put string -f benchmark/data.json -o - '.favouriteColours.[]' blue",
      "mean": 0.004862943900000001,
      "stddev": 0.0006601535473790619,
      "median": 0.004695193350000001,
      "user": 0.004092624999999998,
      "system": 0.0014529149999999993,
      "min": 0.004146119850000001,
      "max": 0.007370474850000001,
      "times": [
        0.006250238850000001,
        0.0065690778500000005,
        0.006368696850000001,
        0.006814423850000001,
        0.00463092685,
        0.00454507585,
        0.00477633385,
        0.00471568585,
        0.004777617850000001,
        0.00455351285,
        0.004221950850000001,
        0.004612095850000001,
        0.00530384085,
        0.00567453285,
        0.00605003785,
        0.0049715448500000006,
        0.007370474850000001,
        0.00491009085,
        0.006915558850000001,
        0.00496009585,
        0.00611658285,
        0.00418471485,
        0.004412486850000001,
        0.0046570538500000005,
        0.00480081685,
        0.004423121850000001,
        0.004665242850000001,
        0.004867962850000001,
        0.00451034885,
        0.00422601685,
        0.00479465785,
        0.0045716318500000006,
        0.00500850785,
        0.004205109850000001,
        0.004337762850000001,
        0.00494332385,
        0.00448665285,
        0.004405153850000001,
        0.004252353850000001,
        0.004534214850000001,
        0.004657032850000001,
        0.00477918385,
        0.00547156585,
        0.0066598468500000015,
        0.00470313485,
        0.004536557850000001,
        0.004313701850000001,
        0.005145156850000001,
        0.004785213850000001,
        0.004706949850000001,
        0.00433878085,
        0.004451442850000001,
        0.00475372885,
        0.004540795850000001,
        0.004719714850000001,
        0.00507692285,
        0.00485857785,
        0.004574128850000001,
        0.004268222850000001,
        0.0045751188500000005,
        0.005263597850000001,
        0.005104380850000001,
        0.004618248850000001,
        0.006674052850000001,
        0.004531824850000001,
        0.004434478850000001,
        0.00449402585,
        0.005556425850000001,
        0.00504263785,
        0.00469931885,
        0.004285274850000001,
        0.0047353998500000005,
        0.00461385785,
        0.004587562850000001,
        0.004790927850000001,
        0.00522425585,
        0.004775503850000001,
        0.00492427485,
        0.00445571285,
        0.00475918585,
        0.004857221850000001,
        0.004384980850000001,
        0.004396709850000001,
        0.004691067850000001,
        0.00502221085,
        0.00439007485,
        0.00446942885,
        0.0041524488500000005,
        0.0044333928500000005,
        0.00467535885,
        0.00464987285,
        0.00448154785,
        0.005098020850000001,
        0.00430883785,
        0.004358157850000001,
        0.004253659850000001,
        0.00495026185,
        0.004875002850000001,
        0.004817752850000001,
        0.004146119850000001
      ]
    },
    {
      "command": "jq '.favouriteColours += [\"blue\"]' benchmark/data.json",
      "mean": 0.024433323230000005,
      "stddev": 0.0009065949891649218,
      "median": 0.02421618835,
      "user": 0.023163005000000004,
      "system": 0.00003473239999999986,
      "min": 0.023624192850000003,
      "max": 0.02830352085,