{
  "results": [
    {
      "command": "dasel put string -f benchmark/data.json -o - '.favouriteColours.[]' blue",
      "mean": 0.0075150284,
      "stddev": 0.00022218333492683958,
      "median": 0.0075294533,
      "user": 0.003603209999999999,
      "system": 0.0022570449999999996,
      "min": 0.007072125799999999,
      "max": 0.0080955458,
      "times": [
        0.007549536799999999,
        0.007522337799999999,
        0.0075485208,
        0.007631581799999999,
        0.007587061799999999,
        0.007206521799999999,
        0.0075574548,
        0.0074610618,
        0.007690653799999999,
        0.007505516799999999,
        0.007452817799999999,
        0.007493990799999999,
        0.007570419799999999,
        0.007243584799999999,
        0.0076608488,
        0.007757273799999999,
        0.0075854528,
        0.0080348948,
        0.0073901578,
        0.007303069799999999,
        0.0075695447999999995,
        0.007072125799999999,
        0.007638716799999999,
        0.007570765799999999,
        0.0075801628,
        0.0074063398,
        0.0071782268,
        0.007310237799999999,
        0.007192627799999999,
        0.007765114799999999,
        0.0078233618,
        0.0075208398,
        0.007382176799999999,
        0.0073566038,
        0.0072606388,
        0.0075595587999999995,
        0.007533984799999999,
        0.007658431799999999,
        0.0079161268,
        0.0073727368,
        0.007637918799999999,
        0.0075602598,
        0.007254593799999999,
        0.0074496888,
        0.0075074617999999985,
        0.007688758799999999,
        0.007630414799999999,
        0.0071000258,
        0.007363424799999999,
        0.007086834799999999,
        0.0077030378,
        0.007547424799999999,
        0.0079386618,
        0.0080955458,
        0.007746050799999999,
        0.007312334799999999,
        0.008086311799999999,
        0.0076633468,
        0.0076577977999999994,
        0.0074620568,
        0.007276628799999999,
        0.0075501548,
        0.0079372648,
        0.0079234498,
        0.0078303278,
        0.0077957788,
        0.0076142008,
        0.0074820328,
        0.007197141799999999,
        0.007806665799999999,
        0.0075307498,
        0.0077816628,
        0.0077309297999999995,
        0.007304506799999999,
        0.0075680847999999995,
        0.007117451799999999,
        0.0073364808,
        0.0074969818,
        0.007520425799999999,
        0.0075624978,
        0.0073559687999999995,
        0.0072533758,
        0.007429955799999999,
        0.007110771799999999,
        0.0076667487999999995,
        0.0075865568,
        0.0075381418,
        0.0075793418,
        0.0073497497999999994,
        0.0073567167999999995,
        0.0074320498,
        0.007294154799999999,
        0.0075281568,
        0.0073260788,
        0.0075113278,
        0.007281585799999999,
        0.007192920799999999,
        0.007469463799999999,
        0.007425097799999999,
        0.0075382248
      ]
    },
    {
      "command": "jq '.favouriteColours += [\"blue\"]' benchmark/data.json",
      "mean": 0.025858485559999998,
      "stddev": 0.0007566462139422446,
      "median": 0.0256872323,
      "user": 0.023685009999999996,
      "system": 0.0007340949999999992,
      "min": 0.024862467800000003,
      "max": 0.029715760799999998,
      "times": [
        0.026355597799999998,
        0.0256609728,
        0.0257705408,
        0.0258910128,
        0.0252539528,
        0.0261436688,
        0.025523893800000003,
        0.0270252828,
        0.025745326800000003,
        0.0256656398,
        0.025857168800000004,
        0.0256617418,
        0.0268592738,
        0.0268086888,
        0.0258939408,
        0.025817196799999997,
        0.0258080038,
        0.0255417898,
        0.0263284268,
        0.025254353799999997,
        0.0266677358,
        0.025693321800000002,
        0.0255975798,
        0.026125351800000002,
        0.0258515968,
        0.0255973668,
        0.0256317198,
        0.0252444498,
        0.025036491799999998,
        0.025941024800000004,
        0.0267406828,
        0.0254779968,
        0.0253891158,
        0.0254233808,
        0.025193172800000004,
        0.026405301800000003,
        0.025651688800000003,
        0.0256883948,
        0.025877678799999998,
        0.0263885408,
        0.025322047799999997,
        0.025322629800000003,
        0.0256704428,
        0.0250287998,
        0.025769557800000002,
        0.025249980800000002,
        0.0255183078,
        0.0256978708,
        0.028944115799999996,
        0.0260933088,
        0.0253500808,
        0.0261671178,
        0.026140243799999997,
        0.0257878228,
        0.0256363738,
        0.0252964018,
        0.0262524408,
        0.025686069800000003,
        0.025353237799999997,
        0.0257401118,
        0.0254421358,
        0.0258274468,
        0.0253881158,
        0.025972825800000002,
        0.025860874800000003,
        0.026370194800000003,
        0.026812925799999998,
        0.025736848800000003,
        0.0252184238,
        0.029715760799999998,
        0.0254352938,
        0.025566881800000003,
        0.025642249800000003,
        0.025479081799999997,
        0.026156039800000003,
        0.0255302158,
        0.0265452468,
        0.0258874278,
        0.0254457248,
        0.0253316898,
        0.0251870628,
        0.025461639799999998,
        0.025668611799999998,
        0.0272050188,
        0.026280152799999998,
        0.025028386800000003,
        0.024862467800000003,
        0.0265090698,
        0.025398576800000003,
        0.0252426148,
        0.0252256458,
        0.0258184068,
        0.0251312878,
        0.026119678799999997,
        0.026269607799999997,
        0.0251508358,
        0.025200597800000002,
        0.0256783238,
        0.028817626799999996,
        0.0257115078
      ]
    },
    {
      "command": "yq --yaml-output '.favouriteColours += [\"blue\"]' benchmark/data.yaml",
      "mean": 0.11894145103000003,
      "stddev": 0.0029127881128360685,
      "median": 0.11879336480000001,
      "user": 0.09819434999999999,
      "system": 0.020310204999999998,
      "min": 0.1120564628,
      "max": 0.1310386128,