{
  "results": [
    {
      "command": "dasel put string -f benchmark/data.json -o - '.favouriteColours.[]' blue",
      "mean": 0.007263768884999997,
      "stddev": 0.00036814576706292935,
      "median": 0.007169547354999999,
      "user": 0.004016774999999999,
      "system": 0.00244949,
      "min": 0.006396380355,
      "max": 0.008547455354999999,
      "times": [
        0.007580701355,
        0.007465089354999999,
        0.007508138354999999,
        0.007155240355,
        0.007408327354999999,
        0.007134620354999999,
        0.006964492354999999,
        0.007034661354999999,
        0.007123544354999999,
        0.006891256355,
        0.007119368354999999,
        0.008055132355,
        0.007734591354999999,
        0.007119870355,
        0.007206855355,
        0.007537852354999999,
        0.008199577355,
        0.007292902355,
        0.007236714355,
        0.0070820863549999995,
        0.0067894753549999996,
        0.007124844355,
        0.007352769355,
        0.007273009355,
        0.007320292354999999,
        0.007178413355,
        0.006906445354999999,
        0.007034289354999999,
        0.0068076943549999994,
        0.006703888355,
        0.0066648443549999995,
        0.006396380355,
        0.007033295355,
        0.007148561354999999,
        0.007245092355,
        0.006693591354999999,
        0.006826266354999999,
        0.007064776355,
        0.007691137354999999,
        0.007129266355,
        0.007287138355,
        0.0070749543549999995,
        0.007067211355,
        0.007176193354999999,
        0.0072147293549999995,
        0.007862906355,
        0.007206798355,
        0.007437274354999999,
        0.007093208355,
        0.007048961354999999,
        0.007089849354999999,
        0.007143378354999999,
        0.007440505355,
        0.007044447354999999,
        0.007451628355,
        0.006927896354999999,
        0.007186107354999999,
        0.007460270355,
        0.006942855354999999,
        0.007531562355,
        0.007120044354999999,
        0.007032824355,
        0.007048294355,
        0.007206706355,
        0.007098650355,
        0.007116778354999999,
        0.007052821354999999,
        0.007425522355,
        0.007470303354999999,
        0.007120776354999999,
        0.007079180354999999,
        0.006945178355,
        0.007034374354999999,
        0.007176259354999999,
        0.007726210354999999,
        0.007278541354999999,
        0.007162901354999999,
        0.006935842354999999,
        0.007120153354999999,
        0.007210729354999999,
        0.007579711354999999,
        0.007401657354999999,
        0.008547455354999999,
        0.007682736354999999,
        0.008478488355,
        0.008046104355,
        0.008160464354999999,
        0.007754409355,
        0.007467391355,
        0.007142756355,
        0.006904172355,
        0.007548499355,
        0.007670810355,
        0.007451092354999999,
        0.007547126354999999,
        0.007569245355,
        0.007428606354999999,
        0.006740050354999999,
        0.006894810354999999,
        0.007075977354999999
      ]
    },
    {
      "command": "jq '.favouriteColours += [\"blue\"]' benchmark/data.json",
      "mean": 0.026172947735000007,
      "stddev": 0.0006243576733260405,
      "median": 0.026160682355000003,
      "user": 0.023809315,
      "system": 0.0008212700000000008,
      "min": 0.024677750355,
      "max": 0.028109320355000002,
      "times": [
        0.026041118355000004,
        0.026481025355,
        0.025511194355000003,
        0.026677235355000002,
        0.025768397355,
        0.025423609355,
        0.026220040355,
        0.025381727355,
        0.025352214355,
        0.024677750355,
        0.028109320355000002,
        0.024959520355,
        0.025863401355000003,
        0.027066548354999997,
        0.026216345355000004,
        0.027126044355000004,
        0.026512201355,
        0.026539849355,
        0.026518661355,
        0.027213815355000004,
        0.027307606355,
        0.025875445355,
        0.026326498355,
        0.026605188355000003,
        0.026826860355000003,
        0.025902369355000003,
        0.026600026355,
        0.027852127355,
        0.026293298355,
        0.025750683354999998,
        0.026903361355000002,
        0.026035523355,
        0.026847222355,
        0.025470068355,
        0.026598260355,
        0.026032183355000002,
        0.026206501355,
        0.026612046355000002,
        0.026583678355,
        0.026292840355,
        0.026207644355000004,
        0.026333453355,
        0.025533001355,
        0.025883542355000004,
        0.026207513355000003,
        0.025940804355,
        0.026913887355,
        0.027201247355,
        0.025868549355,
        0.025999810355,
        0.026571729355000004,
        0.025639309355,
        0.025958342355000004,
        0.026985053355000004,
        0.025944285355,
        0.027021765354999998,
        0.025559102355000002,
        0.025318658355000002,
        0.025891763355,
        0.026114688355,
        0.025580829355,
        0.026141747355,
        0.025888303355000003,
        0.026033839354999998,
        0.026132801355,
        0.025305021355,
        0.027128458355000003,
        0.026635693355000004,
        0.025137898355,
        0.026250269355,
        0.026600200355,
        0.025328266355000004,
        0.025645825355,
        0.026477693354999998,
        0.025209294355000002,
        0.025854675355000002,
        0.026555842354999998,
        0.026544847354999998,
        0.026107487355,
        0.026442784355,
        0.025783059355,
        0.026497567355,
        0.025819850355,
        0.025473932355,
        0.027047957355,
        0.025486289355000004,
        0.025226806355,
        0.026795959355000003,
        0.025825762355000004,
        0.026052060355000003,
        0.026433516355,
        0.025486512354999998,
        0.026409353354999998,
        0.026547382355000003,
        0.026228578355000004,
        0.026179617355000004,
        0.025838742355,
        0.024956190354999998,
        0.026667876355,
        0.025860021355
      ]
    },
    {
      "command": "yq --yaml-output '.favouriteColours += [\"blue\"]' benchmark/data.yaml",
      "mean": 0.12221595686499999,
      "stddev": 0.017432284322806118,
      "median": 0.11211573235500001,
      "user": 0.100479685,
      "system": 0.021095819999999998,
      "min": 0.10740467235500001,
      "max": 0.177478775355,