{
  "results": [
    {
      "command": "dasel put string -f benchmark/data.json -o - '.favouriteColours.[]' blue",
      "mean": 0.009760050005000005,
      "stddev": 0.00036187139699947154,
      "median": 0.009715748885,
      "user": 0.006235464999999998,
      "system": 0.0025066449999999996,
      "min": 0.009310070885,
      "max": 0.011398156885000002,
      "times": [
        0.009707783885000001,
        0.011119256885000001,
        0.009714102885,
        0.009410400885000001,
        0.009419173885000002,
        0.009650442885,
        0.009310070885,
        0.009773954885000002,
        0.009746322885,
        0.009657045885000002,
        0.009960313885,
        0.010745744885000002,
        0.009785855885000002,
        0.009452875885000002,
        0.010594760885000002,
        0.010015855885000001,
        0.009787662885000001,
        0.009534351885,
        0.009523936885,
        0.010155149885,
        0.009912524885000001,
        0.009502943885000002,
        0.009505831885000001,
        0.009701741885000002,
        0.009322048885000002,
        0.009750933885000002,
        0.009913250885,
        0.009507249885000001,
        0.010103195885000001,
        0.009677228885000002,
        0.009466037885,
        0.009521159885000002,
        0.009979915885000001,
        0.009807876885,
        0.009436841885000002,
        0.009475032885000002,
        0.009569031885,
        0.009735554885,
        0.009723808885,
        0.010085761885,
        0.009871679885000002,
        0.009466909885000001,
        0.009793008885000001,
        0.009750642885,
        0.010146314885,
        0.010331548885000002,
        0.009509241885000002,
        0.009495684885000001,
        0.009686402885,
        0.009843018885,
        0.009952371885000002,
        0.009694506885,
        0.009317590885000001,
        0.009667707885000001,
        0.009954591885,
        0.010152948885,
        0.010224963885,
        0.009904730885,
        0.009424058885000001,
        0.009366067885,
        0.009584761885000001,
        0.009595624885000001,
        0.009928599885000002,
        0.011398156885000002,
        0.009824604885000001,
        0.009324956885000001,
        0.009449842885,
        0.010073900885,
        0.010057937885000002,
        0.009578680885000001,
        0.009492749885,
        0.009763607885000001,
        0.009803679885000001,
        0.009928487885000002,
        0.009717394885000001,
        0.009896339885000001,
        0.009365476885000001,
        0.009319091885000002,
        0.009784171885000002,
        0.009870636885,
        0.009842046885,
        0.009485804885,
        0.009693113885000002,
        0.009439649885000002,
        0.009878981885,
        0.010120968885000001,
        0.009607457885000002,
        0.009474702885000002,
        0.009380052885000002,
        0.010212511885000001,
        0.010419105885000002,
        0.010013395885000002,
        0.009461250885000001,
        0.009366783885,
        0.009453590885000002,
        0.009483141885,
        0.009772304885000001,
        0.009999851885000001,
        0.009380928885,
        0.009443615885000001
      ]
    },
    {
      "command": "jq '.favouriteColours += [\"blue\"]' benchmark/data.json",
      "mean": 0.025889885314999996,
      "stddev": 0.0006921174270629423,
      "median": 0.025738129885000002,
      "user": 0.023647834999999996,
      "system": 0.0006684649999999997,
      "min": 0.024752702885000002,
      "max": 0.028847281885000003,
      "times": [
        0.025378159885,
        0.025281468885000002,
        0.025650194885,
        0.025595632885,
        0.026072899885000004,
        0.025065220885000003,
        0.026631824885000002,
        0.025450321885000002,
        0.026195632885000004,
        0.025941066885000003,
        0.028847281885000003,
        0.025262731885,
        0.026640378885000003,
        0.025473160885000002,
        0.025523182885000002,
        0.026529126885000004,
        0.025499919885000003,
        0.026870269885000003,
        0.024796294885000004,
        0.025875293885,
        0.026999580885000003,
        0.025358545885000004,
        0.025853656885000003,
        0.025624812885,
        0.025451341885000003,
        0.025815352885000004,
        0.025353298885000004,
        0.026296858885000003,
        0.026335414885000002,
        0.025429199885000003,
        0.025618198885000002,
        0.026012712885,
        0.025916623885000004,
        0.025359180885000002,
        0.026401601885,
        0.025461491885000003,
        0.025449000885000003,
        0.025728293885000003,
        0.026733307885,
        0.026157255885,
        0.025830323885000003,
        0.025519993885,
        0.025726947885000004,
        0.026289429885000003,
        0.025684590885,
        0.027490032885,
        0.025499653885,
        0.025638635885000004,
        0.025756963885,
        0.025554668885000003,
        0.026017157885000003,
        0.026135945885,
        0.026243301885,
        0.025474495885000004,
        0.027886361885000002,
        0.025967985885000003,
        0.025469997885,
        0.025747592885000004,
        0.025728666885,
        0.025178467885000003,
        0.026271838885000003,
        0.026233844885000003,
        0.027620909885000003,
        0.026365965885000002,
        0.025847052885000003,
        0.025376099885000003,
        0.025612026885000003,
        0.025611543885,
        0.025969629885,
        0.025403585885000003,
        0.025065235885000002,
        0.025551209885000002,
        0.026204748885000004,
        0.025686045885,
        0.025808445885000003,
        0.025719051885000004,
        0.026122111885000004,
        0.026005103885000002,
        0.025184914885000003,
        0.025319869885000002,
        0.027005997885,
        0.026236048885000002,
        0.025458213885,
        0.025819679885000002,
        0.024999808885000002,
        0.024752702885000002,
        0.025185441885000003,
        0.025196059885000004,
        0.025031628885,
        0.027641469885000002,
        0.025031347885000003,
        0.025988975885,
        0.026151896885,
        0.025211813885000003,
        0.025775010885,
        0.026245717885000002,
        0.025457959885000003,
        0.027715418885000002,
        0.026229882885000003,
        0.026097200885
      ]
    },
    {
      "command": "yq --yaml-output '.favouriteColours += [\"blue\"]' benchmark/data.yaml",
      "mean": 0.125257534715,
      "stddev": 0.023804433642038252,
      "median": 0.115424047385,
      "user": 0.10064370499999996,
      "system": 0.022222524999999996,
      "min": 0.108564487885,
      "max": 0.272146421885,