{
  "results": [
    {
      "command": "dasel -f benchmark/data.json 'favouriteNumbers.[1]'",
      "mean": 0.0073496734099999985,
      "stddev": 0.0036914331712599602,
      "median": 0.006460646130000001,
      "user": 0.0035876750000000024,
      "system": 0.0021380000000000006,
      "min": 0.00597117913,
      "max": 0.03772959813,
      "times": [
        0.006519679130000001,
        0.00654890313,
        0.006175697130000001,
        0.00624721313,
        0.006342610130000001,
        0.00625072913,
        0.006172391130000001,
        0.006435259130000001,
        0.006610284130000001,
        0.00622405113,
        0.00601815013,
        0.00597117913,
        0.006160610130000001,
        0.006298259130000001,
        0.0063177111300000005,
        0.00634033413,
        0.00630358913,
        0.00622389213,
        0.006239248130000001,
        0.006246357130000001,
        0.006149700130000001,
        0.0060695761300000005,
        0.0060761641300000006,
        0.00640893413,
        0.00647370213,
        0.00643712913,
        0.006134280130000001,
        0.006034034130000001,
        0.006448795130000001,
        0.00818899113,
        0.00695896413,
        0.006691784130000001,
        0.01500124413,
        0.01069697313,
        0.03772959813,
        0.019654440130000003,
        0.017440570130000003,
        0.011436739130000002,
        0.008720704130000001,
        0.00804556113,
        0.007154735130000001,
        0.00690525013,
        0.006437901130000001,
        0.006682708130000001,
        0.00758430813,
        0.00664425913,
        0.00940566913,
        0.0068664801300000015,
        0.007956676130000001,
        0.008972623130000001,
        0.00798854713,
        0.006990120130000001,
        0.00650620713,
        0.00663062413,
        0.006317902130000001,
        0.006642203130000001,
        0.00615498513,
        0.00616977313,
        0.00668394213,
        0.006657466130000001,
        0.006459387130000001,
        0.00638795713,
        0.006624499130000001,
        0.00668046213,
        0.00658050613,
        0.006911879130000001,
        0.007186278130000001,
        0.006702321130000001,
        0.006306060130000001,
        0.00620083613,
        0.00662977413,
        0.006280561130000001,
        0.006254274130000001,
        0.00672631513,
        0.007884697130000002,
        0.00692250013,
        0.00675870313,
        0.007063796130000001,
        0.00666908213,
        0.0068873651300000015,
        0.006554795130000001,
        0.006303176130000001,
        0.006343605130000001,
        0.006345598130000001,
        0.00689395613,
        0.006461905130000001,
        0.006227898130000001,
        0.006363320130000001,
        0.006304729130000001,
        0.00639182613,
        0.00622681913,
        0.00650212113,
        0.006640678130000001,
        0.006267085130000001,
        0.00630245313,
        0.006154223130000001,
        0.006163134130000001,
        0.006159591130000001,
        0.006180467130000001,
        0.00626629213
      ]
    },
    {
      "command": "jq '.favouriteNumbers[1]' benchmark/data.json",
      "mean": 0.028646198899999985,
      "stddev": 0.0027799013127299643,
      "median": 0.027889337630000004,
      "user": 0.023899595000000006,
      "system": 0.0011214300000000003,
      "min": 0.02710830213,
      "max": 0.050913984130000006,
      "times": [
        0.030682412130000003,
        0.02710830213,
        0.027382847130000002,
        0.028035495130000004,
        0.02727840113,
        0.02780534513,
        0.028243352130000003,
        0.02802089613,
        0.028409311130000003,
        0.027553511130000003,
        0.028947189130000002,
        0.027719423130000004,
        0.029446096130000002,
        0.031010166130000003,
        0.02883329013,
        0.02932229913,
        0.02770429713,
        0.02732033713,
        0.02748533913,
        0.02768220413,
        0.02737574313,
        0.028597823130000005,
        0.027451969130000003,
        0.02753534113,
        0.030356711130000005,
        0.027114291130000003,
        0.027409292130000002,
        0.02771678213,
        0.028159166130000003,
        0.03165325513,
        0.02779460013,
        0.02808559713,
        0.027596823130000003,
        0.02800078013,
        0.027431373130000002,
        0.027891211130000003,
        0.02998368513,
        0.03156308713,
        0.02827884913,
        0.027759760130000005,
        0.027570505130000002,
        0.02768312713,
        0.027887464130000005,
        0.027602039130000002,
        0.027583272130000003,
        0.02805963013,
        0.028228562130000003,
        0.027975313130000005,
        0.02869347213,
        0.027630951130000005,
        0.02784746213,
        0.02762175013,
        0.027632086130000004,
        0.028509247130000005,
        0.027633982130000005,
        0.027765327130000003,
        0.02834747413,
        0.039964786130000006,
        0.050913984130000006,
        0.029628873130000004,
        0.027700376130000003,
        0.029087688130000004,
        0.02793352313,
        0.027256435130000003,
        0.02758097413,
        0.027996341130000005,
        0.027143589130000003,
        0.02836013213,
        0.031137630130000003,
        0.02828359213,
        0.03133461413,
        0.02917873413,
        0.027658346130000004,
        0.02741153013,
        0.02812766713,
        0.031104883130000004,
        0.028290387130000004,
        0.027950887130000004,
        0.027505031130000003,
        0.027399449130000003,
        0.027529715130000004,
        0.027593919130000002,
        0.02869741913,
        0.027759843130000003,
        0.03174043213,
        0.030755697130000002,
        0.028232881130000005,
        0.027453881130000003,
        0.02744267413,
        0.027832890130000003,
        0.02892702513,
        0.027589305130000002,
        0.027343147130000002,
        0.03084427713,
        0.027625282130000005,
        0.02785249913,
        0.02845276913,
        0.027198595130000003,
        0.028254267130000003,
        0.028525596130000004
      ]
    },
    {
      "command": "yq --yaml-output '.favouriteNumbers[1]' benchmark/data.yaml",
      "mean": 0.12669245109999996,
      "stddev": 0.0022642594642072926,
      "median": 0.12620047863,
      "user": 0.10019732499999998,
      "system": 0.022073319999999997,
      "min": 0.12339177812999999,
      "max": 0.13411126313,