{
  "results": [
    {
      "command": "dasel -f benchmark/data.json '.favouriteNumbers.[1]'",
      "mean": 0.007374731579999998,
      "stddev": 0.00022811510581285615,
      "median": 0.007359770939999999,
      "user": 0.003529555,
      "system": 0.0022181650000000002,
      "min": 0.006930396939999999,
      "max": 0.008022186939999999,
      "times": [
        0.007203881939999999,
        0.007111781939999998,
        0.007480843939999998,
        0.007487962939999998,
        0.007652272939999999,
        0.007072093939999999,
        0.007520487939999998,
        0.007247517939999999,
        0.007755518939999998,
        0.007622365939999998,
        0.007323269939999999,
        0.007349281939999998,
        0.007217715939999998,
        0.0071581949399999985,
        0.007203105939999998,
        0.007240247939999999,
        0.0072463159399999985,
        0.007227193939999999,
        0.007086397939999998,
        0.007350062939999998,
        0.007125502939999999,
        0.007598874939999999,
        0.007428485939999999,
        0.007419115939999999,
        0.007662465939999999,
        0.007265457939999998,
        0.007361427939999999,
        0.007257004939999998,
        0.0070849969399999985,
        0.007565551939999999,
        0.007242936939999999,
        0.007334556939999998,
        0.007477335939999999,
        0.007144765939999998,
        0.007192825939999999,
        0.007066964939999999,
        0.007448134939999999,
        0.007447894939999999,
        0.007262575939999999,
        0.007442726939999999,
        0.007130100939999999,
        0.007166571939999999,
        0.0074416139399999985,
        0.007554248939999998,
        0.007729530939999999,
        0.007541561939999999,
        0.007183780939999998,
        0.007359502939999999,
        0.007305051939999999,
        0.007500494939999999,
        0.007280619939999999,
        0.007303138939999998,
        0.007441562939999999,
        0.007098865939999998,
        0.00797769194,
        0.007714575939999998,
        0.007283562939999999,
        0.008022186939999999,
        0.007646763939999998,
        0.007360267939999999,
        0.007586496939999999,
        0.007242318939999998,
        0.0075528659399999995,
        0.007411305939999999,
        0.007425969939999998,
        0.007459460939999998,
        0.007420216939999999,
        0.007445193939999998,
        0.007897660939999999,
        0.007326837939999998,
        0.007374262939999998,
        0.007417736939999998,
        0.007456609939999998,
        0.007482562939999999,
        0.006930396939999999,
        0.007360038939999998,
        0.007101771939999999,
        0.007336275939999999,
        0.007295978939999999,
        0.007590933939999998,
        0.007459587939999999,
        0.007078218939999998,
        0.006948544939999998,
        0.007148154939999999,
        0.007049825939999998,
        0.007350509939999999,
        0.007369734939999998,
        0.007215515939999999,
        0.007399526939999999,
        0.007040930939999998,
        0.007178781939999999,
        0.007046957939999998,
        0.007748619939999999,
        0.007747969939999999,
        0.007287375939999999,
        0.007741912939999999,
        0.007495568939999998,
        0.007034790939999998,
        0.007738362939999999,
        0.007849549939999999
      ]
    },
    {
      "command": "jq '.favouriteNumbers[1]' benchmark/data.json",
      "mean": 0.02595012028,
      "stddev": 0.0012085539248356532,
      "median": 0.02563331994,
      "user": 0.023743795000000012,
      "system": 0.000748455,
      "min": 0.02474230894,
      "max": 0.03216789994,
      "times": [
        0.02556706994,
        0.026277399939999998,
        0.02530071594,
        0.025583399939999998,
        0.02639843994,
        0.02514627094,
        0.02620810794,
        0.02645015694,
        0.025526568939999997,
        0.02589434694,
        0.02534442494,
        0.02543805394,
        0.025259238939999998,
        0.02615988394,
        0.024938940939999998,
        0.02554983194,
        0.025248639939999998,
        0.02531746594,
        0.02560072494,
        0.02542805594,
        0.02490120894,
        0.02558698994,
        0.02616118794,
        0.02539011094,
        0.026923039939999997,
        0.02621691394,
        0.025547304939999998,
        0.02573492694,
        0.025734000939999998,
        0.025983355939999998,
        0.02556021494,
        0.02541950894,
        0.02560930294,
        0.02500484094,
        0.02568695394,
        0.025469255939999998,
        0.026377847939999997,
        0.02530544694,
        0.02556703594,
        0.02620528094,
        0.02559359494,
        0.025336846939999998,
        0.02734973894,
        0.02569881794,
        0.02499930994,
        0.02668750894,
        0.031729048940000004,
        0.03216789994,
        0.03107930294,
        0.02918423794,
        0.02584203694,
        0.02565890094,
        0.02512350494,
        0.02542107494,
        0.02595352694,
        0.02517631494,
        0.02694556394,
        0.02632871194,
        0.026474102939999997,
        0.02813861194,
        0.02629905794,
        0.026465690939999998,
        0.025988970939999998,
        0.025358954939999998,
        0.025266244939999998,
        0.02504437294,
        0.02608299594,
        0.025275406939999998,
        0.02511609394,
        0.025928699939999997,
        0.02510971094,
        0.02474230894,
        0.025918402939999998,
        0.02539835494,
        0.02563510794,
        0.02539874894,
        0.02634995694,
        0.026511732939999998,
        0.02498102494,
        0.02588803994,
        0.025445322939999997,
        0.025228503939999997,
        0.02529163294,
        0.025992068939999998,
        0.02573199994,
        0.02556510494,
        0.02498072794,
        0.02587494094,
        0.02581410294,
        0.02542172994,
        0.02563153194,
        0.025819029939999998,
        0.02527829694,
        0.025757822939999998,
        0.026811821939999998,
        0.026766637939999997,
        0.02568241994,
        0.02577767794,
        0.025286343939999997,
        0.02618330394
      ]
    },
    {
      "command": "yq --yaml-output '.favouriteNumbers[1]' benchmark/data.yaml",
      "mean": 0.11806377021000003,
      "stddev": 0.002610518634310806,
      "median": 0.11810174243999999,
      "user": 0.09730519500000001,
      "system": 0.020330985,
      "min": 0.11314442194,
      "max": 0.12680000194,