{
  "results": [
    {
      "command": "dasel -f benchmark/data.json '.favouriteNumbers.[1]'",
      "mean": 0.011291746444999999,
      "stddev": 0.00044536121395292576,
      "median": 0.011188738795,
      "user": 0.0071535700000000015,
      "system": 0.003079095,
      "min": 0.010758032795,
      "max": 0.013837475795000002,
      "times": [
        0.011694652795,
        0.011255894795,
        0.011111009795,
        0.012316353795,
        0.011112245795,
        0.011304691795,
        0.010854857795,
        0.012284383795,
        0.010822636795,
        0.011729205795,
        0.010794539795,
        0.011244050795,
        0.011444054795,
        0.011438518795,
        0.010989768795,
        0.011127783795,
        0.011817725795,
        0.010872819795,
        0.011469905795,
        0.010887741795,
        0.010958685795,
        0.011166773795,
        0.011234722795,
        0.013837475795000002,
        0.010833586795,
        0.011366009795,
        0.011082834795,
        0.011613560795,
        0.011035998795,
        0.011262818795,
        0.011603047795,
        0.011678341795,
        0.011252294795,
        0.010808884795,
        0.011437461795,
        0.010849120795,
        0.011611382795,
        0.011302373795,
        0.011362564795,
        0.010959993795,
        0.011149049795,
        0.011650271795,
        0.010869299795,
        0.010961852795,
        0.011301461795,
        0.011525437795,
        0.011201191795,
        0.010990753795,
        0.011040828795,
        0.010819799795,
        0.011534373795,
        0.011614239795,
        0.011037526795,
        0.011065415795,
        0.011008134795000001,
        0.011258995795,
        0.011072511795,
        0.011294470795,
        0.011257486795,
        0.011413833795,
        0.011176285795,
        0.011395549795,
        0.010978760795,
        0.011071346795,
        0.012259663795,
        0.012216300795,
        0.011335687795,
        0.011155240795,
        0.011587173795,
        0.011109712795,
        0.011044975795,
        0.011115924795,
        0.011383392795,
        0.012355742795,
        0.010758032795,
        0.011072551795,
        0.011379446795,
        0.012138232795,
        0.011152544795,
        0.011032397795,
        0.011045218795,
        0.010917138795,
        0.011435555795,
        0.011013506795,
        0.011131094795,
        0.010779606795,
        0.011401930795,
        0.011102643795,
        0.012127185795,
        0.010981066795,
        0.011076114795,
        0.011233946795,
        0.011050606795000001,
        0.010967761795,
        0.010789609795,
        0.011360891795,
        0.011248297795,
        0.011344927795,
        0.011464963795,
        0.011085892795
      ]
    },
    {
      "command": "jq '.favouriteNumbers[1]' benchmark/data.json",
      "mean": 0.026813250515000008,
      "stddev": 0.0017721309131579473,
      "median": 0.026267949795000002,
      "user": 0.024387299999999997,
      "system": 0.0007452049999999999,
      "min": 0.025463036795,
      "max": 0.035472616795,
      "times": [
        0.026705806795000002,
        0.027153688795000002,
        0.025782921795,
        0.029949997795000002,
        0.026420227795,
        0.026424879795,
        0.026672392795,
        0.026152922795000002,
        0.025912425795000003,
        0.026096246795,
        0.026250060795000002,
        0.026367116795,
        0.030879142795,
        0.029387814795,
        0.029514552795000003,
        0.026623981795,
        0.026326566795000002,
        0.026009367795000002,
        0.026033743795,
        0.026430675795,
        0.026403997795000002,
        0.025527993795000002,
        0.028532820795000004,
        0.026349664795,
        0.026118908795,
        0.026389425795,
        0.025633178795,
        0.027237848795000002,
        0.025975376795,
        0.026512191795,
        0.025997364795000002,
        0.025800447795,
        0.026134511795000002,
        0.025802517795,
        0.026724106795,
        0.025728028795,
        0.026637043795000002,
        0.025484617795,
        0.026841157795,
        0.027700720795,
        0.025666907795000003,
        0.025876099795,
        0.026013227795,
        0.026232778795,
        0.026370381795,
        0.026187046795000002,
        0.025931665795,
        0.026356936795,
        0.025463036795,
        0.025685849795,
        0.026009765795,
        0.026212634795000002,
        0.025896352795,
        0.026279200795000002,
        0.026893957795,
        0.025987791795,
        0.027986723795,
        0.026261981795,
        0.034075089795,
        0.035472616795,
        0.031879558795,
        0.026903665795,
        0.025961582795,
        0.026078350795,
        0.026033358795,
        0.029759972795,
        0.026415419795000002,
        0.028991379795,
        0.029830920795,
        0.026086649795,
        0.025727712795,
        0.026316453795,
        0.026532857795,
        0.025766184795,
        0.026292197795,
        0.025733931795,
        0.026387384795,
        0.026315859795,
        0.026285374795,
        0.025772340795,
        0.026113098795,
        0.025926668795,
        0.026105051795,
        0.025549019795000003,
        0.025809260795,
        0.026453076795000002,
        0.025712310795000002,
        0.026616767795,
        0.032602095795,
        0.029811933795000002,
        0.025670742795,
        0.025985094795,
        0.026273917795,
        0.027002859795,
        0.025780296795,
        0.026695090795,
        0.026471875795000002,
        0.025887426795,
        0.026214744795,
        0.026086048795
      ]
    },
    {
      "command": "yq --yaml-output '.favouriteNumbers[1]' benchmark/data.yaml",
      "mean": 0.13382924353500003,
      "stddev": 0.005180897077138431,
      "median": 0.133119060295,
      "user": 0.10808172999999999,
      "system": 0.024611955000000005,
      "min": 0.125458776795,
      "max": 0.155983859795,