{
  "results": [
    {
      "command": "dasel -f benchmark/data.json 'favouriteNumbers.[1]'",
      "mean": 0.00635752122,
      "stddev": 0.00025960674630749877,
      "median": 0.006305711959999999,
      "user": 0.003419844999999999,
      "system": 0.0019429299999999983,
      "min": 0.006009078459999999,
      "max": 0.007195183459999999,
      "times": [
        0.006305259459999999,
        0.006239443459999999,
        0.006630731459999999,
        0.006817907459999998,
        0.006132444459999999,
        0.006009078459999999,
        0.006098210459999998,
        0.006344225459999998,
        0.006330901459999998,
        0.006601554459999999,
        0.006014611459999998,
        0.006230046459999999,
        0.006463985459999998,
        0.0065551944599999985,
        0.006218247459999998,
        0.006321928459999999,
        0.006199290459999998,
        0.006340107459999999,
        0.006107630459999999,
        0.006167278459999998,
        0.006093175459999999,
        0.0062627284599999986,
        0.007122985459999998,
        0.006383657459999999,
        0.006321455459999998,
        0.006026373459999998,
        0.006200250459999999,
        0.006366417459999999,
        0.006176276459999998,
        0.006172964459999998,
        0.006298416459999999,
        0.006387977459999998,
        0.006522533459999999,
        0.0065445064599999984,
        0.006306164459999999,
        0.006169388459999998,
        0.0063856524599999985,
        0.0063289034599999985,
        0.006258371459999999,
        0.006288224459999998,
        0.006169429459999999,
        0.006525911459999999,
        0.006954677459999999,
        0.006557090459999998,
        0.006363186459999998,
        0.006139175459999998,
        0.006198463459999998,
        0.006317476459999999,
        0.006165556459999999,
        0.006402421459999998,
        0.006138676459999999,
        0.007110788459999998,
        0.007195183459999999,
        0.006934585459999998,
        0.0065421894599999985,
        0.006207540459999999,
        0.006197190459999998,
        0.006362123459999999,
        0.006337009459999999,
        0.006598220459999998,
        0.006169120459999998,
        0.006193291459999998,
        0.006392793459999999,
        0.006201519459999999,
        0.006510353459999998,
        0.006115095459999999,
        0.006131801459999999,
        0.006308934459999999,
        0.006252530459999999,
        0.006160885459999998,
        0.006235361459999998,
        0.006548866459999999,
        0.0062314224599999985,
        0.006245806459999998,
        0.006463681459999999,
        0.006106889459999999,
        0.006219020459999999,
        0.006610498459999999,
        0.006411532459999999,
        0.0061626274599999985,
        0.0061111154599999985,
        0.006122243459999999,
        0.006217913459999998,
        0.006847355459999999,
        0.007100674459999999,
        0.006144141459999999,
        0.006755651459999998,
        0.006321139459999998,
        0.006487576459999998,
        0.006110760459999998,
        0.006048822459999999,
        0.006567325459999999,
        0.006972156459999998,
        0.006304989459999999,
        0.006393309459999998,
        0.006070273459999999,
        0.006227118459999998,
        0.006366124459999999,
        0.006333945459999999,
        0.006416056459999998
      ]
    },
    {
      "command": "jq '.favouriteNumbers[1]' benchmark/data.json",
      "mean": 0.0282465288,
      "stddev": 0.0010177425256845524,
      "median": 0.027897549960000004,
      "user": 0.02371517499999999,
      "system": 0.0011021399999999982,
      "min": 0.027171056460000002,
      "max": 0.032095894459999996,
      "times": [
        0.029639136460000003,
        0.02747630346,
        0.027481369460000002,
        0.028033654460000005,
        0.02804687346,
        0.02833238546,
        0.030112347460000004,
        0.029379660460000002,
        0.027853381460000003,
        0.027873141460000004,
        0.02791354046,
        0.030271245460000002,
        0.027271898460000003,
        0.02770352446,
        0.027804894460000004,
        0.02869106646,
        0.029239590460000003,
        0.02838132246,
        0.02848515246,
        0.030230956460000003,
        0.02756228646,
        0.02779650446,
        0.028463642460000004,
        0.02813390946,
        0.028134126460000002,
        0.027989128460000002,
        0.028310732460000005,
        0.027811762460000004,
        0.02795020046,
        0.027325328460000003,
        0.027419204460000002,
        0.02770185146,
        0.02765885946,
        0.02748800946,
        0.028062792460000003,
        0.02777310446,
        0.027965412460000002,
        0.027905068460000005,
        0.02767576646,
        0.028105874460000003,
        0.02833441846,
        0.02773124546,
        0.028008401460000002,
        0.027596079460000002,
        0.028033746459999998,
        0.027946244460000002,
        0.03007340346,
        0.03162938446,
        0.02760326646,
        0.032095894459999996,
        0.02753431246,
        0.02767583746,
        0.02780920146,
        0.027337232460000003,
        0.027702648460000003,
        0.028161291460000005,
        0.028087140460000003,
        0.02804187646,
        0.02767119146,
        0.027364943460000003,
        0.03177782046,
        0.02752999546,
        0.02788633146,
        0.02791166746,
        0.028781707460000003,
        0.028741565460000004,
        0.02789186746,
        0.027171056460000002,
        0.028943713460000003,
        0.03029204046,
        0.02781195146,
        0.02778735346,
        0.027883885460000004,
        0.02776182946,
        0.028876148460000004,
        0.027895644460000004,
        0.02802406746,
        0.027761720460000004,
        0.02771787846,
        0.027903487460000004,
        0.027777224460000003,
        0.027766885460000005,
        0.027714115460000004,
        0.027899455460000003,
        0.028948231460000005,
        0.02740714046,
        0.02776900646,
        0.027865708460000003,
        0.03195266946,
        0.02769682746,
        0.02805412646,
        0.02788138646,
        0.027637301460000003,
        0.02729399046,
        0.02793815546,
        0.028192323459999998,
        0.030011881460000004,
        0.02927549446,
        0.027751335460000002,
        0.027575117460000003
      ]
    },
    {
      "command": "yq --yaml-output '.favouriteNumbers[1]' benchmark/data.yaml",
      "mean": 0.12657182063000005,
      "stddev": 0.002732937322925262,
      "median": 0.12573578296000004,
      "user": 0.10010729500000001,
      "system": 0.02187283,
      "min": 0.12356042446,
      "max": 0.14108237246000002,