{
  "results": [
    {
      "command": "daselv2 -f benchmark/data.json 'favouriteNumbers.[1]'",
      "mean": 0.006853961384999999,
      "stddev": 0.0005102840170043213,
      "median": 0.006673485674999999,
      "user": 0.003499425,
      "system": 0.0019915500000000004,
      "min": 0.006181714675,
      "max": 0.008691269675,
      "times": [
        0.006974612674999998,
        0.007737828674999999,
        0.007066373674999999,
        0.007684662674999999,
        0.007954241675,
        0.008336342674999999,
        0.006623464674999999,
        0.007696532674999999,
        0.007007624674999999,
        0.008691269675,
        0.007288840675,
        0.006518784675,
        0.006489945674999999,
        0.006266442674999999,
        0.0064770486749999995,
        0.006590339674999999,
        0.0068070216749999985,
        0.007239497675,
        0.007235215675,
        0.007191882674999999,
        0.006511036675,
        0.0065923726749999995,
        0.006629194675,
        0.007420483674999999,
        0.006903212674999999,
        0.006481567674999999,
        0.006500639674999999,
        0.006469118675,
        0.006459652675,
        0.0075701216749999994,
        0.007429281675,
        0.006492513674999999,
        0.006189655674999999,
        0.0063986616749999985,
        0.006652728674999999,
        0.006856286675,
        0.006483053674999999,
        0.0067699626749999995,
        0.007959163674999999,
        0.006781926674999999,
        0.006378451674999999,
        0.006644724675,
        0.0064598876749999996,
        0.006625889675,
        0.0074104436749999995,
        0.006634267675,
        0.006209889675,
        0.0063032156749999995,
        0.006611821674999999,
        0.006943203674999999,
        0.007894554675,
        0.006661543674999999,
        0.007773946674999999,
        0.006636904674999999,
        0.007058437674999999,
        0.006569380675,
        0.006810509675,
        0.0069241596749999995,
        0.007607212674999999,
        0.006711881675,
        0.006365916675,
        0.006182201674999999,
        0.0066767266749999995,
        0.006569447674999999,
        0.007428687675,
        0.006670244674999999,
        0.006349415674999999,
        0.006497188675,
        0.006437939674999999,
        0.006420824674999999,
        0.0064154646749999995,
        0.006632676674999999,
        0.007636911675,
        0.006750490675,
        0.006615453674999999,
        0.006181714675,
        0.006668761674999999,
        0.006498419674999999,
        0.007194881674999999,
        0.006693212674999999,
        0.0063906366749999985,
        0.006700941674999999,
        0.006822715674999999,
        0.006928645674999999,
        0.006931915674999999,
        0.007330627675,
        0.007729498675,
        0.006753524674999999,
        0.006611521674999999,
        0.006330781674999999,
        0.006209153674999999,
        0.0067207936749999996,
        0.006852843674999999,
        0.0072650396749999995,
        0.006624682674999998,
        0.006541682674999999,
        0.006288567674999999,
        0.006751088674999999,
        0.006858647674999999,
        0.007567310674999999
      ]
    },
    {
      "command": "dasel -f benchmark/data.json '.favouriteNumbers.[1]'",
      "mean": 0.008433146624999999,
      "stddev": 0.0005307371609262613,
      "median": 0.008322163674999999,
      "user": 0.004611215,
      "system": 0.002638799999999999,
      "min": 0.007537841674999999,
      "max": 0.010097266675,
      "times": [
        0.008016392675,
        0.008032169674999999,
        0.008337822674999999,
        0.009269762675,
        0.008113485674999999,
        0.007687693674999999,
        0.008340572675,
        0.008414922674999999,
        0.008860017675,
        0.008160261674999999,
        0.008888413675,
        0.008551521675,
        0.008055372674999998,
        0.007864030675,
        0.008277910675,
        0.008855292675,
        0.007997187675,
        0.007984672674999999,
        0.007990721675,
        0.008149584675,
        0.008776951675,
        0.008612591675,
        0.007928290675,
        0.008021713675,
        0.007966481675,
        0.008276264674999999,
        0.008049725675,
        0.008391266675,
        0.008834706675,
        0.008068070674999999,
        0.008069055674999999,
        0.008125412674999999,
        0.008565592674999999,
        0.009671703674999999,
        0.008828584674999999,
        0.008824113675,
        0.008307344675,
        0.008106741675,
        0.008846734674999999,
        0.009770390674999999,
        0.008317045674999999,
        0.008075057674999999,
        0.007994143674999999,
        0.008212602675,
        0.008537623675,
        0.009042610675,
        0.0078105016749999995,
        0.008165564674999999,
        0.008444591675,
        0.008300605675,
        0.008870743674999999,
        0.009181740675,
        0.008275788675,
        0.007913341675,
        0.007873486675,
        0.009269105675,
        0.008586424674999999,
        0.009062180675,
        0.008036080675,
        0.007909054674999999,
        0.008445710674999999,
        0.008327281675,
        0.008893281675,
        0.009175472674999999,
        0.009054726675,
        0.008405899675,
        0.007775460675,
        0.007953913674999999,
        0.008111969674999999,
        0.008552502674999999,
        0.009056724674999999,
        0.007803922675,
        0.008268059675,
        0.008416617675,
        0.008523964674999999,
        0.009055148675,
        0.009858816675,
        0.008389757675,
        0.008363504675,
        0.008431955675,
        0.010097266675,
        0.009939678674999999,
        0.007835640675,
        0.007537841674999999,
        0.007817667674999999,
        0.009128082675,
        0.008133535675,
        0.008408386674999999,
        0.007957596675,
        0.008039672675,
        0.008161283674999999,
        0.007824435675,
        0.009000102675,
        0.009102423674999999,
        0.008724777675,
        0.008064300674999999,
        0.007779297675,
        0.008072937674999999,
        0.008369383675,
        0.008687812675
      ]
    },
    {
      "command": "jq '.favouriteNumbers[1]' benchmark/data.json",
      "mean": 0.028166577205,
      "stddev": 0.0008160626370133986,
      "median": 0.027948372675000003,
      "user": 0.023605865,
      "system": 0.001083490000000001,
      "min": 0.027196334675000003,
      "max": 0.031893850675,