{
  "results": [
    {
      "command": "dasel -f benchmark/data.json '.favouriteNumbers.[1]'",
      "mean": 0.007353242300000003,
      "stddev": 0.00028659884968590296,
      "median": 0.0073021347,
      "user": 0.003511705,
      "system": 0.002203835,
      "min": 0.0068712152,
      "max": 0.0084325972,
      "times": [
        0.0075164232,
        0.007583232200000001,
        0.007387887199999999,
        0.0084325972,
        0.007163270199999999,
        0.0070707821999999995,
        0.0070530332,
        0.0071666302,
        0.0071601902,
        0.007271318200000001,
        0.007547101200000001,
        0.007141338200000001,
        0.0071893572000000005,
        0.007201099200000001,
        0.0068712152,
        0.0073377352,
        0.007380152199999999,
        0.0074239452,
        0.0073094402000000004,
        0.007105490200000001,
        0.0071967242,
        0.0070162841999999994,
        0.0073130202,
        0.007402016199999999,
        0.007256194200000001,
        0.0072137032,
        0.0071010762,
        0.0070747852,
        0.0073266912,
        0.0071997041999999995,
        0.0075835792,
        0.0074282252,
        0.0072829802,
        0.007147115200000001,
        0.007012946200000001,
        0.0071176602,
        0.0070745252,
        0.0072719752,
        0.0072285612,
        0.007375901200000001,
        0.0079861312,
        0.007866122199999999,
        0.0074322422,
        0.008000686199999999,
        0.0073075501999999995,
        0.0074822462,
        0.007329266199999999,
        0.007217956199999999,
        0.0073698582,
        0.0070582202000000005,
        0.007855143200000001,
        0.0075827531999999994,
        0.007690978199999999,
        0.0077073102,
        0.0072994342000000005,
        0.0072708572,
        0.007264842200000001,
        0.007035472199999999,
        0.0079473922,
        0.0074633422,
        0.0074536661999999995,
        0.0075361702,
        0.006989543199999999,
        0.0071725302,
        0.007343461200000001,
        0.007311852200000001,
        0.0073182072,
        0.007077295200000001,
        0.0071414512,
        0.0071396092,
        0.0071247101999999994,
        0.0074046702,
        0.0071979272,
        0.0073126902,
        0.0070384892,
        0.0069890142,
        0.0072678102,
        0.0078304942,
        0.007816754200000001,
        0.0072180581999999995,
        0.0073050282,
        0.0073913932,
        0.0074172572,
        0.0078883912,
        0.007239652199999999,
        0.007240414200000001,
        0.007406913199999999,
        0.0083650922,
        0.007417088200000001,
        0.0073293762,
        0.0072430612,
        0.007538676199999999,
        0.008022603199999999,
        0.007505587199999999,
        0.0073041642,
        0.007048675200000001,
        0.007243357200000001,
        0.007129229200000001,
        0.0073001051999999995,
        0.007200051200000001
      ]
    },
    {
      "command": "jq '.favouriteNumbers[1]' benchmark/data.json",
      "mean": 0.02577838400000001,
      "stddev": 0.0007866398568107466,
      "median": 0.0256217392,
      "user": 0.02358953499999999,
      "system": 0.0007471750000000002,
      "min": 0.024820102200000003,
      "max": 0.0295165792,
      "times": [
        0.025515414200000003,
        0.025484258200000002,
        0.0251808412,
        0.025765044200000004,
        0.027195377200000002,
        0.026396368200000003,
        0.025425236200000003,
        0.025054836200000003,
        0.0249159922,
        0.025912859200000003,
        0.025847774200000003,
        0.025233985200000003,
        0.026018545200000003,
        0.0248857032,
        0.0252420242,
        0.025407658200000002,
        0.025568982200000003,
        0.0262993912,
        0.025232148200000002,
        0.0253271792,
        0.0286019492,
        0.0255480852,
        0.0269940372,
        0.025946780200000002,
        0.025249634200000003,
        0.0251023122,
        0.0257010912,
        0.025427484200000003,
        0.025125805200000004,
        0.025610845200000003,
        0.0258229092,
        0.0254677152,
        0.025595988200000003,
        0.024891152200000002,
        0.0256726102,
        0.025795115200000003,
        0.025383683200000003,
        0.025716778200000002,
        0.025656815200000002,
        0.0271691862,
        0.028259379200000004,
        0.025674665200000002,
        0.0262723922,
        0.0255147312,
        0.026254169200000003,
        0.026247360200000003,
        0.0260529632,
        0.0251225332,
        0.0251380632,
        0.025421949200000002,
        0.0251114942,
        0.0254513872,
        0.025754605200000003,
        0.0255951482,
        0.0252948422,
        0.025709032200000002,
        0.025565132200000003,
        0.0250448342,
        0.0264627482,
        0.0253864502,
        0.024820102200000003,
        0.0258380362,
        0.025066279200000003,
        0.025036947200000003,
        0.025642768200000002,
        0.028151612200000002,
        0.025534200200000003,
        0.0262148242,
        0.0256326332,
        0.0258071742,
        0.0252762142,
        0.0249888862,
        0.025549394200000002,
        0.025235738200000003,
        0.026100483200000003,
        0.0261289892,
        0.0295165792,
        0.0259300202,
        0.0261551172,
        0.025884152200000003,
        0.026040316200000004,
        0.025926561200000003,
        0.025523876200000004,
        0.0258692522,
        0.025387901200000004,
        0.0253213332,
        0.0256684522,
        0.025818543200000002,
        0.026140223200000003,
        0.0250237892,
        0.0254241392,
        0.0258254792,
        0.0254648412,
        0.028080146200000003,
        0.0257745592,
        0.025327202200000003,
        0.025951182200000002,
        0.025743714200000004,
        0.025393321200000003,
        0.025899941200000002
      ]
    },
    {
      "command": "yq --yaml-output '.favouriteNumbers[1]' benchmark/data.yaml",
      "mean": 0.12023791877999997,
      "stddev": 0.003571097233763955,
      "median": 0.1196250032,
      "user": 0.09904734500000002,
      "system": 0.020742325,
      "min": 0.1099746612,
      "max": 0.13691415120000003,