{
  "results": [
    {
      "command": "dasel -f benchmark/data.json '.favouriteNumbers.[1]'",
      "mean": 0.007252645744999998,
      "stddev": 0.00023834116096857645,
      "median": 0.007222174885,
      "user": 0.0034899749999999998,
      "system": 0.0021898900000000003,
      "min": 0.006827557385,
      "max": 0.008332795385,
      "times": [
        0.007265480385,
        0.007234265384999999,
        0.007223420385,
        0.007128095385,
        0.007363287385,
        0.007047626385,
        0.008219845385,
        0.007302908384999999,
        0.007471908385,
        0.007637027385,
        0.007552029385000001,
        0.007482790385,
        0.007659830385,
        0.007297624385,
        0.007549062384999999,
        0.007351407385,
        0.008035891385,
        0.008332795385,
        0.007497402384999999,
        0.007152500385,
        0.007213118385,
        0.0072133743850000005,
        0.007251562385,
        0.0071449403849999996,
        0.007150582385,
        0.007159134385,
        0.007117608385,
        0.007324090384999999,
        0.007026649385,
        0.007156647384999999,
        0.007224142385,
        0.007125756384999999,
        0.007480906385,
        0.007165660385,
        0.007078530385,
        0.007220200385,
        0.007119700385,
        0.0074478603849999995,
        0.007094505385,
        0.007055075385,
        0.0071356233849999996,
        0.006974577385,
        0.007494536385,
        0.007155446385,
        0.007291519385,
        0.007173560385,
        0.007035554385,
        0.0072506903849999995,
        0.007005864384999999,
        0.007075803384999999,
        0.006936757385000001,
        0.007043170385,
        0.007236359385,
        0.007140513385,
        0.007359670384999999,
        0.007053846385,
        0.007431084385,
        0.007508449384999999,
        0.007204499385,
        0.007415103385,
        0.007347874385,
        0.007622050385000001,
        0.007181068384999999,
        0.006958303385,
        0.007231370385,
        0.007306054385,
        0.007291477385,
        0.007233232385,
        0.006995732385,
        0.007161957385000001,
        0.0071997003850000005,
        0.007232391385,
        0.007267650384999999,
        0.007161264384999999,
        0.007270093385000001,
        0.006946822384999999,
        0.007065164384999999,
        0.007220929385,
        0.006972292385,
        0.007354720384999999,
        0.007278601385,
        0.007355264384999999,
        0.0074269983849999995,
        0.006909355385,
        0.007226546384999999,
        0.007193821385,
        0.007331090384999999,
        0.007130798385,
        0.006827557385,
        0.007223653385000001,
        0.007063129385,
        0.0071161503850000005,
        0.007069582385,
        0.007063163385,
        0.0074675833850000005,
        0.007128057384999999,
        0.007395032385,
        0.0072367343850000005,
        0.007018116385,
        0.007285314385
      ]
    },
    {
      "command": "jq '.favouriteNumbers[1]' benchmark/data.json",
      "mean": 0.025776698185000006,
      "stddev": 0.0007501884612879056,
      "median": 0.025581003385000002,
      "user": 0.023609005000000006,
      "system": 0.0007237899999999995,
      "min": 0.024776416385,
      "max": 0.030059232385000002,
      "times": [
        0.026278522385000003,
        0.025559486385000003,
        0.025749426385000003,
        0.025485797385,
        0.025542643385,
        0.026000839385000002,
        0.025293461385,
        0.025113732385000004,
        0.030059232385000002,
        0.027522235385000003,
        0.025933225385,
        0.025242390385,
        0.025859343385000004,
        0.024910308385000003,
        0.024916391385,
        0.025627394385000002,
        0.024776416385,
        0.025588282385,
        0.026635594385000003,
        0.025583773385,
        0.026009730385,
        0.025342674385,
        0.025149853385000004,
        0.025805016385000004,
        0.025869929385000004,
        0.024943202385000002,
        0.026065067385,
        0.027766326384999998,
        0.025606158385,
        0.025549824385000003,
        0.025570045385000004,
        0.025580566385000003,
        0.025581440385,
        0.026183703385,
        0.025450062385,
        0.025645687385000004,
        0.025107433385000003,
        0.025026395385000004,
        0.026090469385000002,
        0.027315110385,
        0.026668647385,
        0.026081565384999998,
        0.025525469385,
        0.025317863385,
        0.027051460385000003,
        0.025537761385000003,
        0.025476949385000003,
        0.025868571385000004,
        0.025376004384999998,
        0.025546637385,
        0.025398907385000002,
        0.025348916385000003,
        0.026941106385000003,
        0.025775414385,
        0.026048292384999998,
        0.025328368385,
        0.025548218385,
        0.025421942385,
        0.025758955385000004,
        0.025119008385000002,
        0.025941319385,
        0.025566998384999998,
        0.028141594385000003,
        0.025319764385,
        0.025430186384999998,
        0.025470244385,
        0.025403902385000003,
        0.025637667385,
        0.025339382384999998,
        0.025909440385000003,
        0.025680750385,
        0.025322110385,
        0.026255932385,
        0.025508748385000002,
        0.025515880385000002,
        0.025716516385,
        0.025047928385,
        0.026021244385000003,
        0.025503103385000003,
        0.025777563385,
        0.026515014385,
        0.025697329385000002,
        0.026249367385,
        0.025962107385000002,
        0.025717250385,
        0.025366974384999998,
        0.025437992385000004,
        0.025650283385,
        0.025215445385,
        0.025288918384999998,
        0.025763923384999998,
        0.024925987385,
        0.025856665384999998,
        0.025666438385000004,
        0.025563522385000002,
        0.025445257385000003,
        0.025001009385000002,
        0.027579814385,
        0.026280696385000003,
        0.025498290385000004
      ]
    },
    {
      "command": "yq --yaml-output '.favouriteNumbers[1]' benchmark/data.yaml",
      "mean": 0.12335311994500005,
      "stddev": 0.008100810329121454,
      "median": 0.120808154885,
      "user": 0.101577145,
      "system": 0.021335190000000007,
      "min": 0.112065573385,
      "max": 0.14226197738500002,