{
  "results": [
    {
      "command": "dasel -f benchmark/data.json '.favouriteNumbers.[1]'",
      "mean": 0.0073714959850000004,
      "stddev": 0.0002457281949511217,
      "median": 0.007348074715000001,
      "user": 0.0035221499999999995,
      "system": 0.0021876399999999994,
      "min": 0.006984272215000002,
      "max": 0.008300104215000001,
      "times": [
        0.007645372215000001,
        0.007650819215000002,
        0.007453373215000001,
        0.007546584215000001,
        0.008300104215000001,
        0.007169429215000002,
        0.0073479842150000006,
        0.007357913215000001,
        0.007644175215000002,
        0.007524322215,
        0.007168894215000001,
        0.007281515215000001,
        0.0071867542150000005,
        0.007124785215,
        0.007277865215000002,
        0.007231751215,
        0.007477980215000001,
        0.0073661452150000015,
        0.007429598215000001,
        0.007311920215000002,
        0.007033486215000001,
        0.0073363702150000005,
        0.007531863215000002,
        0.007242205215,
        0.0074253712150000005,
        0.007112734215000001,
        0.007378727215,
        0.0074200222150000005,
        0.007366952215000002,
        0.007322529215000002,
        0.0073753422150000005,
        0.007632534215,
        0.0073821492150000015,
        0.007264923215000002,
        0.007192003215000001,
        0.007148021215000001,
        0.007643009215000001,
        0.007348165215000001,
        0.007365289215000001,
        0.0074695042150000005,
        0.007028806215000001,
        0.007634570215000001,
        0.007863317215,
        0.007757233215000001,
        0.007475736215000001,
        0.007028410215000001,
        0.0072115132150000014,
        0.0072041602150000016,
        0.006984272215000002,
        0.007167562215000001,
        0.006997059215,
        0.007371554215000001,
        0.007334637215000002,
        0.007146717215000001,
        0.007130831215000001,
        0.007095343215000001,
        0.007161345215000002,
        0.007370294215000002,
        0.007407802215000002,
        0.007569126215000001,
        0.0072509252150000005,
        0.007216721215000001,
        0.007087196215000001,
        0.007058022215000001,
        0.007343269215000002,
        0.007225141215000001,
        0.007264603215000002,
        0.007239915215000002,
        0.007033441215000002,
        0.0070853132150000015,
        0.007201624215000001,
        0.0075789732150000014,
        0.007827417215000002,
        0.007537237215000001,
        0.007765126215000001,
        0.007241379215000001,
        0.007144014215000001,
        0.007222807215000002,
        0.007764372215000001,
        0.007475194215000001,
        0.007343658215000002,
        0.007105023215000001,
        0.007343275215,
        0.007154096215000001,
        0.007532287215000001,
        0.007412994215000001,
        0.0075414052150000015,
        0.007909698215000002,
        0.007424279215000001,
        0.007402111215000002,
        0.007416014215000001,
        0.007117651215000001,
        0.0071953212150000015,
        0.007394845215000001,
        0.007571320215000002,
        0.007292685215000001,
        0.008119307215000001,
        0.007995017215,
        0.007441066215000002,
        0.007446069215000002
      ]
    },
    {
      "command": "jq '.favouriteNumbers[1]' benchmark/data.json",
      "mean": 0.025724607235000013,
      "stddev": 0.0006818380621430941,
      "median": 0.025538926715,
      "user": 0.023540779999999997,
      "system": 0.0007125600000000001,
      "min": 0.024774843215,
      "max": 0.029354361215,
      "times": [
        0.026110047215,
        0.025461215215,
        0.025644741215000003,
        0.025740623215,
        0.025491961215000004,
        0.025745621215,
        0.025952383215,
        0.025448864215000006,
        0.026077473215,
        0.025521183215,
        0.025341164215000003,
        0.025603786215,
        0.025684205215000006,
        0.025576552215,
        0.025498829215000005,
        0.025466702215000005,
        0.025338218215,
        0.027379065215000005,
        0.024937577215,
        0.026103630215,
        0.026097486215,
        0.025474185215,
        0.025169799215000004,
        0.025755227215000003,
        0.025414016215,
        0.025422977215000003,
        0.025748590215000006,
        0.025511342215000003,
        0.025314478215000005,
        0.025306519215000003,
        0.025917375215000003,
        0.025404273215000002,
        0.025307750215,
        0.025242257215,
        0.026123470215,
        0.026577192215000003,
        0.024774843215,
        0.026391907215000003,
        0.026135946215000004,
        0.025088043215,
        0.025127049215000002,
        0.025339089215,
        0.025702235215,
        0.025299955215000003,
        0.025435460215000004,
        0.025433943215000004,
        0.025169717215000005,
        0.025804880215,
        0.025052019215000006,
        0.025799843215,
        0.026337491215,
        0.024856259215000003,
        0.027119494215000005,
        0.026232003215,
        0.025334761215,
        0.025935717215,
        0.025963969215,
        0.025399207215000004,
        0.026069415215000002,
        0.025217677215000005,
        0.025300303215,
        0.026383368215,
        0.025571700215,
        0.025428397215000002,
        0.029354361215,
        0.025530026215,
        0.025162466215000005,
        0.025517435215000002,
        0.025529524215000002,
        0.025479930215000002,
        0.027115211215000004,
        0.025141947215000002,
        0.025893860215,
        0.025170274215000003,
        0.025590919215,
        0.025525212215000002,
        0.025524890215000005,
        0.025451296215000002,
        0.025445151215000003,
        0.027645285215000003,
        0.025874914215000003,
        0.025547827215,
        0.025647803215,
        0.025629300215000005,
        0.025851189215,
        0.025346933215,
        0.024950375215,
        0.026354682215,
        0.025858437215000002,
        0.025431212215000006,
        0.025564782215000005,
        0.028683929215,
        0.025371802215000003,
        0.025643933215000005,
        0.025682380215,
        0.025615993215,
        0.025652275215,
        0.025830826215000005,
        0.025365473215000003,
        0.025863385215
      ]
    },
    {
      "command": "yq --yaml-output '.favouriteNumbers[1]' benchmark/data.yaml",
      "mean": 0.11862233877499995,
      "stddev": 0.0039011617599002645,
      "median": 0.11820592121500001,
      "user": 0.09779764000000003,
      "system": 0.02037572,
      "min": 0.109839594215,
      "max": 0.14154473721500002,