{
  "results": [
    {
      "command": "daselv2 -f benchmark/data.json 'favouriteNumbers.[1]'",
      "mean": 0.006875608924999999,
      "stddev": 0.0006363445252029738,
      "median": 0.006663586525,
      "user": 0.0035500949999999996,
      "system": 0.002005559999999999,
      "min": 0.006024338525000001,
      "max": 0.009156460525,
      "times": [
        0.007233170525000001,
        0.007688477525000001,
        0.0066750235250000005,
        0.006847469525,
        0.007162727525000001,
        0.007518645524999999,
        0.007321778524999999,
        0.0063180985249999995,
        0.0066615095249999996,
        0.0066131265250000005,
        0.007752314525,
        0.008012467525,
        0.006411382525,
        0.0069022635250000006,
        0.006889084525,
        0.009156460525,
        0.007069693525,
        0.006858803525,
        0.0073238725250000004,
        0.007958970525,
        0.008000450525,
        0.006694047525,
        0.006464590524999999,
        0.006802592525,
        0.008704897525,
        0.006860809525000001,
        0.0066656635250000006,
        0.006188728524999999,
        0.006185609525,
        0.006612514525,
        0.006518821524999999,
        0.007235663525,
        0.006392221525,
        0.006024338525000001,
        0.0063381265249999996,
        0.006634597525000001,
        0.006430269525000001,
        0.006917015525,
        0.007289254525,
        0.007426371524999999,
        0.006193584525,
        0.006532909525,
        0.006392136525,
        0.006415585525,
        0.008235363525,
        0.006366211525,
        0.006145859525,
        0.006115230524999999,
        0.0065400655249999995,
        0.006568760525,
        0.006446457524999999,
        0.0067745695249999995,
        0.007337875525000001,
        0.007867325525,
        0.006633429525,
        0.006373113525,
        0.0062878715250000005,
        0.006446581525,
        0.0073258135250000005,
        0.0065007475249999995,
        0.006330295525,
        0.006375584525,
        0.006197420525,
        0.0064580595250000004,
        0.006577395525,
        0.006819830525000001,
        0.007241745525000001,
        0.007475792525,
        0.0067268585250000006,
        0.006500690525,
        0.006610461525,
        0.0064933105250000005,
        0.007728641525,
        0.006447586525,
        0.007123841525000001,
        0.006161837525,
        0.0062460785250000005,
        0.006495567525000001,
        0.006766090525000001,
        0.006649362525000001,
        0.007090710525,
        0.007193828524999999,
        0.008674766525,
        0.0066481125249999995,
        0.006719994525,
        0.006683425525,
        0.008773783525,
        0.007081647525,
        0.006427626525000001,
        0.006279506525000001,
        0.006213732525,
        0.006404180525000001,
        0.006497719525000001,
        0.006721362525,
        0.0072628375249999995,
        0.007674524525,
        0.007406418525,
        0.006462854525000001,
        0.006608856525,
        0.007047134525
      ]
    },
    {
      "command": "dasel -f benchmark/data.json '.favouriteNumbers.[1]'",
      "mean": 0.009330577784999997,
      "stddev": 0.001286733208685465,
      "median": 0.008990322025,
      "user": 0.004921565,
      "system": 0.0028971299999999995,
      "min": 0.007870161525,
      "max": 0.013474508525000001,
      "times": [
        0.010067970525,
        0.009500837525,
        0.008179113525,
        0.009239314525,
        0.009422142525,
        0.009734742525,
        0.008430103525,
        0.008323500525,
        0.010464666525000001,
        0.010255359525,
        0.008198362525,
        0.007972923525,
        0.008036418525,
        0.008412416525,
        0.008565135525,
        0.009479173525,
        0.010309237525,
        0.009613405525,
        0.008080423525,
        0.008153417525,
        0.008232956525,
        0.008731050525,
        0.009365048525000001,
        0.008002510525000001,
        0.008011242525,
        0.008390621525000001,
        0.009026487525,
        0.009512842525,
        0.009954795525,
        0.008866820525,
        0.008093146525,
        0.008126389525,
        0.008287981525,
        0.009269428525,
        0.008280191525,
        0.008658154525,
        0.008542400525,
        0.008400052525,
        0.008660990525,
        0.009084514525,
        0.009893143525,
        0.008923971525,
        0.008551303525,
        0.008108201525,
        0.008513223525,
        0.009439309525,
        0.008280772525,
        0.008954156525,
        0.008928156525,
        0.009086642525,
        0.009406448525,
        0.008264235525,
        0.009422983525,
        0.008157343525,
        0.007992741525,
        0.008152200525,
        0.008807379525,
        0.011192178525,
        0.009346363525,
        0.010279783525,
        0.013221896524999999,
        0.012510279525000001,
        0.012428737525,
        0.013474508525000001,
        0.013446186525,
        0.011511112525,
        0.011803127525,
        0.010443979525000001,
        0.008327624525,
        0.008166815525000001,
        0.009713110525,
        0.008823675525,
        0.009768978525,
        0.011423730525,
        0.011289560525,
        0.010071179525,
        0.009977162525,
        0.010890418525,
        0.011121887525,
        0.009370688525,
        0.009621913525,
        0.010960678525,
        0.010498157525000001,
        0.010076922525,
        0.010052786525,
        0.008716409525,
        0.009441326525,
        0.008183369525,
        0.009093355525000001,
        0.008041933525,
        0.008225240525,
        0.008243949525,
        0.008512755525,
        0.010247712525000001,
        0.008223605525,
        0.007870161525,
        0.008173882525,
        0.008433776525,
        0.010318538525,
        0.008699810525
      ]
    },
    {
      "command": "jq '.favouriteNumbers[1]' benchmark/data.json",
      "mean": 0.03644501110500001,
      "stddev": 0.01306621311390983,
      "median": 0.028865399524999998,
      "user": 0.028878475000000008,
      "system": 0.00225578,
      "min": 0.027056626525000002,
      "max": 0.10595296552500001,