{
  "results": [
    {
      "command": "dasel -f benchmark/data.json '.favouriteNumbers.[1]'",
      "mean": 0.00731861934,
      "stddev": 0.0006254435144588306,
      "median": 0.00713690339,
      "user": 0.003999910000000001,
      "system": 0.0025040400000000008,
      "min": 0.006575625890000001,
      "max": 0.01034778789,
      "times": [
        0.007038361890000001,
        0.007144279890000001,
        0.00702836989,
        0.00759794489,
        0.00724161989,
        0.007318122890000001,
        0.007121749889999999,
        0.00708318889,
        0.00701371089,
        0.00737301689,
        0.00719316689,
        0.00700380689,
        0.00794216689,
        0.00698784889,
        0.0072775198900000004,
        0.00714602189,
        0.00735208289,
        0.00712952689,
        0.00705990389,
        0.00752117289,
        0.00775612889,
        0.00755391989,
        0.00791799189,
        0.01034778789,
        0.01031133589,
        0.00985283589,
        0.00849188289,
        0.007745122889999999,
        0.00749452789,
        0.00748782389,
        0.00720482089,
        0.00733998189,
        0.00711824089,
        0.007708210889999999,
        0.00768200789,
        0.007562532889999999,
        0.00797050289,
        0.0072928598899999995,
        0.00717050589,
        0.0070532028900000005,
        0.007145894890000001,
        0.0072843978900000005,
        0.00702787689,
        0.00800408689,
        0.00733670589,
        0.00752703689,
        0.007037718889999999,
        0.00700225889,
        0.006917220890000001,
        0.00692890889,
        0.00711558789,
        0.007104951890000001,
        0.00755763389,
        0.0072822228900000004,
        0.007216623889999999,
        0.007654032890000001,
        0.00738705789,
        0.00731816989,
        0.00706183489,
        0.00684179389,
        0.00689835789,
        0.00694810389,
        0.006862966890000001,
        0.00697655589,
        0.00679009989,
        0.0070159268899999995,
        0.006575625890000001,
        0.00704394689,
        0.00683768689,
        0.006916623889999999,
        0.00695713989,
        0.006944320889999999,
        0.00683581489,
        0.007334537889999999,
        0.00701603489,
        0.00700286089,
        0.00712601989,
        0.007100699889999999,
        0.007072841890000001,
        0.00723023289,
        0.00834995989,
        0.00747165189,
        0.006890927890000001,
        0.00688752189,
        0.006936035889999999,
        0.00858475389,
        0.00760051889,
        0.00736361789,
        0.00748293389,
        0.0072451458900000005,
        0.006861759889999999,
        0.00701723789,
        0.0069779898899999995,
        0.00673163989,
        0.006596575889999999,
        0.00726260489,
        0.006978191890000001,
        0.00695210689,
        0.0068541148900000005,
        0.006942419889999999
      ]
    },
    {
      "command": "jq '.favouriteNumbers[1]' benchmark/data.json",
      "mean": 0.025915303840000004,
      "stddev": 0.0008654322891145143,
      "median": 0.025756914390000003,
      "user": 0.02363578,
      "system": 0.0007949799999999997,
      "min": 0.02479828689,
      "max": 0.029916833890000005,
      "times": [
        0.025750258890000002,
        0.02683148889,
        0.02646693589,
        0.02589781689,
        0.02552975889,
        0.02625617389,
        0.02645668589,
        0.02557582689,
        0.02640421389,
        0.025814986890000002,
        0.025415445890000003,
        0.02484928489,
        0.026644784890000002,
        0.025717590890000003,
        0.024996527890000002,
        0.02665366489,
        0.026378680890000002,
        0.02509242989,
        0.02599406589,
        0.02546789889,
        0.029916833890000005,
        0.02560556589,
        0.02523854089,
        0.02597346189,
        0.02676038889,
        0.02594693289,
        0.026338735890000003,
        0.026393854890000002,
        0.02536582289,
        0.02790352489,
        0.027681097890000003,
        0.026672058890000003,
        0.02652324289,
        0.02731642289,
        0.026239633890000003,
        0.02600173289,
        0.026006837890000002,
        0.02636859189,
        0.02638373489,
        0.025814914890000002,
        0.02548329489,
        0.02594142289,
        0.024942469890000003,
        0.02561650189,
        0.025488650890000002,
        0.02506029389,
        0.02570339589,
        0.025918346890000003,
        0.02482499589,
        0.026064366890000003,
        0.025627129890000003,
        0.02492131489,
        0.02491583289,
        0.02680343189,
        0.02523751589,
        0.02663683189,
        0.02583558789,
        0.02516138689,
        0.02576356989,
        0.02613304689,
        0.02567428289,
        0.026429316890000002,
        0.02526124489,
        0.02479828689,
        0.02508498289,
        0.02641478389,
        0.02531938089,
        0.02525988989,
        0.02600401189,
        0.02495633389,
        0.02528582089,
        0.02657043589,
        0.02552757489,
        0.027149023890000002,
        0.02583835689,
        0.02513992089,
        0.02606778589,
        0.02539440789,
        0.02623755289,
        0.029324250890000004,
        0.025442444890000002,
        0.02487021089,
        0.02665209789,
        0.02535017989,
        0.02564265189,
        0.02566191189,
        0.02523808889,
        0.025340395890000002,
        0.02635216789,
        0.02517627189,
        0.025350803890000002,
        0.028008567890000002,
        0.02585239189,
        0.025656185890000002,
        0.02556641289,
        0.02571481189,
        0.02496767889,
        0.02620314289,
        0.02514780289,
        0.02487267489
      ]
    },
    {
      "command": "yq --yaml-output '.favouriteNumbers[1]' benchmark/data.yaml",
      "mean": 0.10923013373,
      "stddev": 0.002493510703645035,
      "median": 0.10856269289,
      "user": 0.09034315,
      "system": 0.018462400000000004,
      "min": 0.10399433389,
      "max": 0.11819231489,