{
  "results": [
    {
      "command": "daselv2 -f benchmark/data.json 'favouriteNumbers.[1]'",
      "mean": 0.006514253420000005,
      "stddev": 0.00023920540841924985,
      "median": 0.006499365910000002,
      "user": 0.0034387200000000006,
      "system": 0.001897159999999999,
      "min": 0.006029065410000001,
      "max": 0.007518131410000002,
      "times": [
        0.006359525410000002,
        0.006347639410000001,
        0.006576967410000002,
        0.006356866410000002,
        0.006479986410000001,
        0.006564113410000003,
        0.0065071984100000015,
        0.006296185410000002,
        0.006579091410000001,
        0.006270604410000002,
        0.006377850410000002,
        0.006337435410000002,
        0.0064835464100000025,
        0.006029065410000001,
        0.006624118410000003,
        0.006805352410000002,
        0.006504854410000002,
        0.006361274410000001,
        0.006281048410000002,
        0.006218516410000001,
        0.006569730410000002,
        0.0067085914100000026,
        0.006597795410000003,
        0.006550108410000002,
        0.006199433410000002,
        0.006646654410000001,
        0.0066885634100000025,
        0.006426557410000002,
        0.006253597410000002,
        0.006507234410000002,
        0.006513284410000002,
        0.006509154410000002,
        0.006532394410000001,
        0.0062824794100000015,
        0.006370951410000002,
        0.007518131410000002,
        0.0066445524100000024,
        0.006324154410000001,
        0.006117128410000002,
        0.006303271410000002,
        0.006296227410000002,
        0.006374254410000002,
        0.006644465410000001,
        0.006604774410000002,
        0.006767576410000002,
        0.006675733410000002,
        0.0066030214100000015,
        0.006599147410000002,
        0.006396714410000002,
        0.0063837354100000025,
        0.006366449410000002,
        0.007385814410000002,
        0.006801945410000001,
        0.006620137410000003,
        0.006766972410000002,
        0.006599058410000002,
        0.006998681410000002,
        0.006589350410000002,
        0.006254862410000003,
        0.0064223514100000025,
        0.006246433410000002,
        0.006586239410000002,
        0.006303758410000002,
        0.006372647410000001,
        0.006681676410000002,
        0.006438418410000002,
        0.006268517410000002,
        0.006369256410000001,
        0.006462034410000001,
        0.006868734410000002,
        0.006789160410000002,
        0.006677967410000003,
        0.006568746410000001,
        0.0063789354100000015,
        0.006527026410000003,
        0.007141169410000002,
        0.006495515410000001,
        0.006374035410000001,
        0.006697130410000002,
        0.006644469410000003,
        0.006503216410000002,
        0.006392894410000002,
        0.006225889410000001,
        0.0064580144100000025,
        0.0068659544100000015,
        0.006844370410000002,
        0.006483242410000001,
        0.006274596410000001,
        0.006224130410000002,
        0.006540259410000002,
        0.006295319410000002,
        0.006269856410000002,
        0.0063334874100000015,
        0.006879290410000002,
        0.006494981410000001,
        0.006418471410000001,
        0.006356486410000002,
        0.0067143114100000015,
        0.006515453410000002,
        0.006666962410000001
      ]
    },
    {
      "command": "dasel -f benchmark/data.json '.favouriteNumbers.[1]'",
      "mean": 0.008647657960000004,
      "stddev": 0.0007277783433625674,
      "median": 0.008415794910000003,
      "user": 0.004660040000000002,
      "system": 0.0026595400000000006,
      "min": 0.007886576410000002,
      "max": 0.011274111410000003,
      "times": [
        0.008091182410000002,
        0.008500325410000002,
        0.008437382410000001,
        0.008153446410000003,
        0.008247395410000002,
        0.008421636410000002,
        0.011274111410000003,
        0.010322209410000002,
        0.008463181410000003,
        0.009376744410000002,
        0.008555214410000001,
        0.008573467410000002,
        0.008128346410000003,
        0.008813606410000003,
        0.008438236410000003,
        0.009196735410000002,
        0.008564181410000002,
        0.010511814410000002,
        0.009468749410000001,
        0.008802863410000002,
        0.008605001410000002,
        0.010925524410000002,
        0.009946141410000001,
        0.008616927410000003,
        0.008637830410000002,
        0.010160582410000002,
        0.008824594410000003,
        0.008436981410000002,
        0.009372740410000002,
        0.009647739410000002,
        0.008806561410000002,
        0.008272658410000001,
        0.008816100410000001,
        0.008556087410000001,
        0.008144582410000002,
        0.008199081410000001,
        0.008271778410000001,
        0.008409896410000003,
        0.008233549410000002,
        0.008232787410000003,
        0.008105463410000001,
        0.008582689410000002,
        0.008192368410000001,
        0.008075073410000001,
        0.007968772410000002,
        0.008254628410000003,
        0.008527812410000002,
        0.008479314410000003,
        0.008354950410000003,
        0.008147517410000003,
        0.008525995410000002,
        0.008955531410000002,
        0.008065773410000003,
        0.008226882410000002,
        0.008409953410000002,
        0.008214646410000002,
        0.010703925410000002,
        0.011114687410000003,
        0.010800033410000002,
        0.009392145410000002,
        0.008435751410000003,
        0.009202693410000002,
        0.008168179410000002,
        0.008639129410000002,
        0.008029818410000002,
        0.008601068410000003,
        0.008394223410000002,
        0.008408747410000002,
        0.008187698410000001,
        0.008291510410000001,
        0.008568021410000001,
        0.008768702410000002,
        0.008409633410000002,
        0.007994059410000002,
        0.008288848410000002,
        0.008213092410000003,
        0.008336138410000003,
        0.008298858410000002,
        0.008338562410000002,
        0.008073126410000003,
        0.008204922410000003,
        0.007886576410000002,
        0.008812249410000002,
        0.008339298410000001,
        0.008733824410000002,
        0.007943106410000003,
        0.008180954410000002,
        0.008153251410000001,
        0.008367307410000002,
        0.008332021410000001,
        0.008155285410000003,
        0.008937120410000002,
        0.008431322410000002,
        0.008183839410000003,
        0.008171576410000003,
        0.008491446410000002,
        0.008337803410000002,
        0.008296235410000002,
        0.008074806410000001,
        0.008528844410000002
      ]
    },
    {
      "command": "jq '.favouriteNumbers[1]' benchmark/data.json",
      "mean": 0.028413096960000005,
      "stddev": 0.001565334465344961,
      "median": 0.02790975291,
      "user": 0.023769529999999994,
      "system": 0.0011027,
      "min": 0.027314145410000004,
      "max": 0.03813759741,