{
  "results": [
    {
      "command": "dasel -f benchmark/data.json '.favouriteNumbers.[1]'",
      "mean": 0.007573479969999996,
      "stddev": 0.0004345104145941967,
      "median": 0.007512426229999999,
      "user": 0.00360402,
      "system": 0.002259339999999998,
      "min": 0.006880857229999999,
      "max": 0.00880019023,
      "times": [
        0.00795342223,
        0.007796241229999999,
        0.00740275623,
        0.00756866923,
        0.007347996229999999,
        0.00744545223,
        0.007277470229999999,
        0.007276469229999999,
        0.007373189229999999,
        0.0073359922299999995,
        0.007295159229999999,
        0.0075080342299999984,
        0.00739812523,
        0.00837497523,
        0.007610013229999999,
        0.007639101229999999,
        0.007757991229999999,
        0.00802784323,
        0.00747370023,
        0.00838896623,
        0.00746693723,
        0.007789454229999999,
        0.00761664523,
        0.0070075172299999995,
        0.007576677229999999,
        0.0074605012299999995,
        0.008397404229999999,
        0.00794315923,
        0.007709880229999999,
        0.00786120523,
        0.00783021923,
        0.007248396229999999,
        0.007594724229999999,
        0.00752033123,
        0.00726524523,
        0.00751681823,
        0.0073137362299999994,
        0.007222541229999999,
        0.00804111123,
        0.00806527623,
        0.008173367229999999,
        0.007848495229999999,
        0.00805323423,
        0.00843111423,
        0.00813391023,
        0.008017328229999999,
        0.008069150229999999,
        0.007799276229999999,
        0.0077536412299999986,
        0.007832121229999999,
        0.00768564523,
        0.008197472229999999,
        0.00880019023,
        0.007693243229999999,
        0.007895099229999999,
        0.008010545229999999,
        0.00769677723,
        0.00875175823,
        0.00833090923,
        0.007846511229999999,
        0.00795641123,
        0.00785943823,
        0.00808593723,
        0.007815195229999999,
        0.00776641323,
        0.007845166229999999,
        0.00784299223,
        0.007468336229999999,
        0.00743845223,
        0.00796493823,
        0.00746738823,
        0.007107237229999999,
        0.007047495229999999,
        0.007193848229999999,
        0.007313945229999999,
        0.007187629229999999,
        0.007111067229999999,
        0.0072703762299999985,
        0.006880857229999999,
        0.00711035023,
        0.007083310229999999,
        0.00703351323,
        0.007187580229999999,
        0.0071143072299999985,
        0.007278114229999999,
        0.00706335623,
        0.007204820229999999,
        0.00722440823,
        0.00694777223,
        0.007297305229999999,
        0.007049038229999999,
        0.007107102229999999,
        0.0071706622299999995,
        0.006902144229999999,
        0.00715972923,
        0.006925817229999999,
        0.0070184742299999985,
        0.007003366229999999,
        0.0069123862299999995,
        0.00721217723
      ]
    },
    {
      "command": "jq '.favouriteNumbers[1]' benchmark/data.json",
      "mean": 0.025599639100000002,
      "stddev": 0.000716319436532611,
      "median": 0.025464516729999997,
      "user": 0.023508329999999997,
      "system": 0.0006330499999999995,
      "min": 0.02457945023,
      "max": 0.029065428230000002,
      "times": [
        0.02552632523,
        0.02565299923,
        0.02500715823,
        0.02524150523,
        0.02581522423,
        0.02564376523,
        0.02480491323,
        0.02560331323,
        0.02568629823,
        0.02506121623,
        0.02500619323,
        0.02537586823,
        0.02543574923,
        0.02542545623,
        0.02832333623,
        0.02521131423,
        0.02504666723,
        0.02558119523,
        0.02526057823,
        0.025776402230000002,
        0.02518312423,
        0.02609337023,
        0.02643111823,
        0.02614923523,
        0.02457945023,
        0.02543119223,
        0.02554591023,
        0.02540090523,
        0.02520807123,
        0.02518457223,
        0.02574884523,
        0.02669455223,
        0.026050409230000002,
        0.02553861723,
        0.02518881523,
        0.02588590323,
        0.02540403323,
        0.02503784023,
        0.02570788523,
        0.02567567023,
        0.02572220623,
        0.02498207223,
        0.02529867623,
        0.02539124823,
        0.02512945323,
        0.02537459723,
        0.02526400423,
        0.02567634723,
        0.02539770323,
        0.027171647230000002,
        0.02588456723,
        0.02532196223,
        0.02559126023,
        0.02540289623,
        0.02482902823,
        0.02551168723,
        0.02498197523,
        0.02584492623,
        0.02532297123,
        0.02509891023,
        0.02571300323,
        0.02542479223,
        0.02554012623,
        0.02516353523,
        0.02513025523,
        0.02566985223,
        0.02553780923,
        0.028191647230000002,
        0.02575477023,
        0.025960317230000002,
        0.02584281923,
        0.02629115623,
        0.02534184223,
        0.02602365923,
        0.02597623123,
        0.02594110023,
        0.02524532723,
        0.02549328423,
        0.02470164423,
        0.02486975723,
        0.02551187623,
        0.02493767823,
        0.02483112823,
        0.029065428230000002,
        0.02784723823,
        0.02678453323,
        0.02554965523,
        0.02573012423,
        0.02531839423,
        0.02522292723,
        0.025545438230000002,
        0.02532050923,
        0.02522220123,
        0.02520725923,
        0.02478609523,
        0.02570942323,
        0.02538591923,
        0.02510657423,
        0.02569922823,
        0.02554621023
      ]
    },
    {
      "command": "yq --yaml-output '.favouriteNumbers[1]' benchmark/data.yaml",
      "mean": 0.12143435721999998,
      "stddev": 0.008208394009299635,
      "median": 0.11896320473000002,
      "user": 0.10008592999999999,
      "system": 0.020947380000000005,
      "min": 0.11059746223000001,
      "max": 0.14771805923,