{
  "results": [
    {
      "command": "dasel -f benchmark/data.json '.favouriteNumbers.[1]'",
      "mean": 0.009680035905000004,
      "stddev": 0.00037145804490983303,
      "median": 0.009662133775000002,
      "user": 0.006175484999999998,
      "system": 0.0025417500000000006,
      "min": 0.009084335775,
      "max": 0.011548406775000002,
      "times": [
        0.010089809775000002,
        0.010498958775000001,
        0.010217157775000001,
        0.009774082775000002,
        0.009713363775,
        0.009778249775000001,
        0.009779852775000002,
        0.009759012775000001,
        0.009960190775,
        0.009306780775,
        0.009547898775,
        0.009448152775000001,
        0.009438880775000002,
        0.009516108775,
        0.009891656775000002,
        0.009748180775000002,
        0.009286969775,
        0.009222754775000001,
        0.009524080775,
        0.009514218775000001,
        0.009558489775000002,
        0.009428222775000002,
        0.009360769775000001,
        0.009191144775000002,
        0.009262056775000001,
        0.009519173775,
        0.009870702775000002,
        0.009641105775000002,
        0.009292178775000002,
        0.009457380775000001,
        0.009362484775,
        0.009820680775000002,
        0.009825794775000002,
        0.009393462775000002,
        0.009721177775000001,
        0.010243438775000002,
        0.009683971775000001,
        0.009936698775,
        0.010030353775000002,
        0.010098788775,
        0.009900437775000001,
        0.009658603775000002,
        0.009807225775000001,
        0.010007502775000001,
        0.010002507775,
        0.010200182775000002,
        0.009447019775000001,
        0.009253353775,
        0.009412697775000001,
        0.009575139775000002,
        0.009838124775000002,
        0.009583267775000001,
        0.009084335775,
        0.009197538775000002,
        0.009483727775,
        0.009878039775000002,
        0.009437768775,
        0.009379304775000001,
        0.009304901775,
        0.009340910775,
        0.009224931775000002,
        0.009589466775000001,
        0.009746580775000001,
        0.010297771775,
        0.009715674775000002,
        0.009707741775,
        0.009883895775000002,
        0.010611867775000002,
        0.009575404775,
        0.009395981775000001,
        0.009502535775000001,
        0.009852452775000001,
        0.009693273775000002,
        0.009810457775000002,
        0.010402314775000001,
        0.009903111775,
        0.009300604775000002,
        0.009705372775000002,
        0.009812998775000002,
        0.011548406775000002,
        0.010617554775000001,
        0.009772847775000001,
        0.009317781775,
        0.009337839775,
        0.009607157775000002,
        0.009970645775000002,
        0.009466095775,
        0.009273649775000002,
        0.009395317775000002,
        0.009727336775000001,
        0.009704022775000001,
        0.009778435775000002,
        0.009668013775000001,
        0.009475348775000001,
        0.009231135775000001,
        0.009266936775000002,
        0.009665663775000001,
        0.009849306775000002,
        0.009599652775000002,
        0.009490964775000001
      ]
    },
    {
      "command": "jq '.favouriteNumbers[1]' benchmark/data.json",
      "mean": 0.026394683645000007,
      "stddev": 0.0035625446684415837,
      "median": 0.025555662775000005,
      "user": 0.023933385,
      "system": 0.0007781100000000004,
      "min": 0.024365775775,
      "max": 0.050377437775000006,
      "times": [
        0.027122831775,
        0.025330230775000004,
        0.024970365775000003,
        0.025304947775000003,
        0.025228353775000004,
        0.025835409775000005,
        0.025055015775,
        0.025559544775000005,
        0.025144451775,
        0.026026267775,
        0.025333047775,
        0.025538954775000004,
        0.026292052775000005,
        0.025210628775,
        0.025413294775000005,
        0.025498909775000002,
        0.025221332775,
        0.024995999775,
        0.027968758775000005,
        0.024365775775,
        0.025429689775,
        0.026350742775000005,
        0.024464727775,
        0.025472180775000006,
        0.025704156775,
        0.025116122775,
        0.025275816775,
        0.025754973775000002,
        0.025138684775000003,
        0.026174020775,
        0.025147654775,
        0.027491923775000003,
        0.025342585775000002,
        0.025178878775000003,
        0.025718449775,
        0.026335739775000006,
        0.026378536775000003,
        0.025642810775000004,
        0.026400777775000002,
        0.025278476775000003,
        0.025735774775000005,
        0.026087888775000005,
        0.026031843775,
        0.024432478775000002,
        0.025274687775000006,
        0.024564598775,
        0.025161055775000003,
        0.025481367775,
        0.025981903775000002,
        0.026258085775000002,
        0.026081118775000002,
        0.026165629775000004,
        0.025518352775000003,
        0.027395736775000006,
        0.024870774775,
        0.025868745775,
        0.025190431775,
        0.024941852775000002,
        0.025680680775,
        0.025828751775000006,
        0.026442153775000005,
        0.025721153775000005,
        0.025368656775000005,
        0.025044441775000002,
        0.025297515775,
        0.025668068775000004,
        0.026292552775000005,
        0.024837052775,
        0.024890348775,
        0.025206979775,
        0.025700300775000004,
        0.027408306775000002,
        0.025057230775,
        0.025543029775000003,
        0.025226954775000004,
        0.025776758775000005,
        0.025551780775000005,
        0.025449430775000004,
        0.025455033775000004,
        0.025025126775000003,
        0.025126696775000006,
        0.025683683775,
        0.024398532775000002,
        0.025333360775,
        0.025129228775000005,
        0.027035292775000004,
        0.026948664775000006,
        0.025704049775,
        0.028034899775000004,
        0.026763188775000002,
        0.031120817775000004,
        0.050377437775000006,
        0.044697446775,
        0.040551134775000004,
        0.031154128775000005,
        0.027176717775000005,
        0.026294692775000003,
        0.026113422775,
        0.027330161775,
        0.025767037775
      ]
    },
    {
      "command": "yq --yaml-output '.favouriteNumbers[1]' benchmark/data.yaml",
      "mean": 0.11176609938499997,
      "stddev": 0.0021520245051406305,
      "median": 0.11165601127500001,
      "user": 0.09141264500000004,
      "system": 0.019644010000000003,
      "min": 0.10719855577500001,
      "max": 0.116502548775,