{
  "results": [
    {
      "command": "dasel -f benchmark/data.json '.favouriteNumbers.[1]'",
      "mean": 0.007696846609999999,
      "stddev": 0.00027252363002469777,
      "median": 0.00766556131,
      "user": 0.003653494999999999,
      "system": 0.0023397200000000004,
      "min": 0.0070895568100000006,
      "max": 0.00867152681,
      "times": [
        0.007653276810000001,
        0.00767369181,
        0.008161292810000002,
        0.0077077358100000005,
        0.007758277809999999,
        0.0076388438099999996,
        0.00745195881,
        0.00739704281,
        0.00744550981,
        0.0073780598099999995,
        0.00767228181,
        0.00721687781,
        0.007647189810000001,
        0.007323816810000001,
        0.0074636118100000004,
        0.00788805381,
        0.00755795681,
        0.007523283810000001,
        0.0074696678099999995,
        0.007295973810000001,
        0.0074767668099999995,
        0.00757917381,
        0.0076177988100000005,
        0.007531607809999999,
        0.00757395981,
        0.007907127810000001,
        0.007693187810000001,
        0.0075080908100000005,
        0.00773923681,
        0.00734264381,
        0.00799674681,
        0.00777631381,
        0.00736495881,
        0.00759025381,
        0.00740244481,
        0.0073917338099999995,
        0.007837031809999999,
        0.00739399381,
        0.007730129810000001,
        0.00786685681,
        0.007456343810000001,
        0.007472472809999999,
        0.007562310809999999,
        0.007686899810000001,
        0.00794190581,
        0.0073159238100000005,
        0.00780248581,
        0.007604842810000001,
        0.0070895568100000006,
        0.00766618681,
        0.007494712810000001,
        0.0077952308100000004,
        0.008029654810000002,
        0.0077579988100000006,
        0.00760101781,
        0.00823851981,
        0.00766493581,
        0.00783548781,
        0.008085456809999999,
        0.00806600381,
        0.00807019581,
        0.00760301181,
        0.00751315781,
        0.007592526810000001,
        0.0078118168099999994,
        0.00787685381,
        0.00753653681,
        0.00759234081,
        0.00771164481,
        0.00734654881,
        0.007588133810000001,
        0.00792561781,
        0.00760357281,
        0.007858132810000001,
        0.00740916081,
        0.00744911881,
        0.00864556981,
        0.007955692810000001,
        0.00816455281,
        0.008106523809999999,
        0.00770422981,
        0.007723267810000001,
        0.00763563581,
        0.00743054281,
        0.00791613881,
        0.00780122081,
        0.00760943781,
        0.008051326809999999,
        0.00867152681,
        0.007741812810000001,
        0.007811609810000001,
        0.007741423810000001,
        0.008093241809999999,
        0.00805409381,
        0.008052150809999999,
        0.00774415081,
        0.0074674478100000006,
        0.0077328808099999995,
        0.007883844809999999,
        0.00764555581
      ]
    },
    {
      "command": "jq '.favouriteNumbers[1]' benchmark/data.json",
      "mean": 0.025811337290000007,
      "stddev": 0.0006912741478760706,
      "median": 0.025654859310000003,
      "user": 0.023598035000000014,
      "system": 0.0007278799999999992,
      "min": 0.024967819810000003,
      "max": 0.029471561810000005,
      "times": [
        0.025437518810000004,
        0.025888258810000002,
        0.02502477981,
        0.02557843481,
        0.025204981810000002,
        0.02762407081,
        0.027309519810000002,
        0.026972588810000003,
        0.025807090810000002,
        0.025768418810000002,
        0.025551111810000002,
        0.025350851810000002,
        0.02592242281,
        0.025538770810000003,
        0.02593529781,
        0.025644873810000003,
        0.025150937810000003,
        0.025978228810000004,
        0.026132007810000003,
        0.025159441810000002,
        0.025664844810000004,
        0.02538010581,
        0.02644673981,
        0.027261380810000003,
        0.026344022810000003,
        0.02562900681,
        0.025624031810000003,
        0.02557738081,
        0.02592483081,
        0.02509820281,
        0.02571999381,
        0.029471561810000005,
        0.025220232810000003,
        0.02663860981,
        0.025919764810000002,
        0.025720990810000004,
        0.025571048810000004,
        0.02583030281,
        0.02548978881,
        0.025229092810000003,
        0.027256811810000003,
        0.02581371681,
        0.02557711181,
        0.025481313810000003,
        0.02529150981,
        0.02533118481,
        0.026397019810000002,
        0.025382549810000002,
        0.02542142781,
        0.025902443810000002,
        0.02571930881,
        0.025819677810000004,
        0.025585869810000002,
        0.02584561981,
        0.02535044381,
        0.025478394810000003,
        0.025260406810000004,
        0.026161035810000004,
        0.026939745810000002,
        0.025566223810000004,
        0.02544621281,
        0.025694229810000004,
        0.025116030810000002,
        0.025829271810000002,
        0.02597602481,
        0.02499043981,
        0.02537536681,
        0.025709475810000004,
        0.02520902481,
        0.026419566810000003,
        0.025783830810000002,
        0.02535532181,
        0.02527313281,
        0.025833039810000003,
        0.025718751810000003,
        0.02631613781,
        0.027254052810000002,
        0.02636656281,
        0.026607384810000002,
        0.025391855810000002,
        0.02534532881,
        0.025558611810000003,
        0.025043581810000003,
        0.02596398181,
        0.025840177810000003,
        0.025592921810000002,
        0.024967819810000003,
        0.02571596681,
        0.025533239810000004,
        0.025350526810000003,
        0.025893094810000003,
        0.02591651781,
        0.024973094810000002,
        0.027803810810000003,
        0.025320489810000003,
        0.026190436810000002,
        0.02558003181,
        0.025559027810000003,
        0.025290630810000003,
        0.02570536181
      ]
    },
    {
      "command": "yq --yaml-output '.favouriteNumbers[1]' benchmark/data.yaml",
      "mean": 0.12469754813000003,
      "stddev": 0.0027486583101414435,
      "median": 0.12505680731000002,
      "user": 0.10304172500000001,
      "system": 0.021271719999999994,
      "min": 0.11806671081,
      "max": 0.13115579581,