{
  "results": [
    {
      "command": "daselv2 -f benchmark/data.json 'favouriteNumbers.[1]'",
      "mean": 0.006442824720000002,
      "stddev": 0.0003065364225939875,
      "median": 0.0064030829800000005,
      "user": 0.0034267350000000015,
      "system": 0.0019276049999999998,
      "min": 0.00600122898,
      "max": 0.007720952980000001,
      "times": [
        0.006122187980000001,
        0.00644919398,
        0.00655273898,
        0.006363997980000001,
        0.00651660098,
        0.006079296980000001,
        0.006336511980000001,
        0.0064843869799999995,
        0.0062903329800000005,
        0.00699768498,
        0.006666759980000001,
        0.00650080898,
        0.00645724298,
        0.00632182498,
        0.00629207398,
        0.0062522889799999995,
        0.006531064980000001,
        0.006452975980000001,
        0.00636768098,
        0.00648047698,
        0.006032780979999999,
        0.00647961698,
        0.006418960980000001,
        0.00626338098,
        0.006343722980000001,
        0.00609641098,
        0.00629831298,
        0.006905880980000001,
        0.00658316898,
        0.00649244098,
        0.00651055798,
        0.00631400098,
        0.0063061409799999996,
        0.00625965098,
        0.006336178980000001,
        0.00613660198,
        0.006110988980000001,
        0.00655088098,
        0.0063356259800000005,
        0.006366598980000001,
        0.00608719598,
        0.006430548980000001,
        0.0061991699800000005,
        0.006401229980000001,
        0.006869499980000001,
        0.00604593598,
        0.0066257849800000004,
        0.006548472980000001,
        0.00643217798,
        0.006510258980000001,
        0.006817268980000001,
        0.007474350980000001,
        0.006950580980000001,
        0.00620189698,
        0.00641337698,
        0.00616842498,
        0.006061133979999999,
        0.006553307980000001,
        0.00653525898,
        0.00636493198,
        0.0060012569799999995,
        0.006135983980000001,
        0.006725630979999999,
        0.0065609019800000005,
        0.006294725980000001,
        0.00600122898,
        0.00638191498,
        0.006236726979999999,
        0.00631189698,
        0.00626874998,
        0.006471072980000001,
        0.0063772989799999995,
        0.00675560698,
        0.006439647980000001,
        0.006176052980000001,
        0.006214536980000001,
        0.00629193598,
        0.006554035980000001,
        0.007720952980000001,
        0.0075313969800000005,
        0.006511342979999999,
        0.006510331980000001,
        0.006220386980000001,
        0.006338043979999999,
        0.00626148898,
        0.006333248980000001,
        0.00654036698,
        0.007133585980000001,
        0.00625520498,
        0.0062557889799999995,
        0.00601027698,
        0.006832102980000001,
        0.00686983998,
        0.00662022898,
        0.00640493598,
        0.0060313139799999995,
        0.00657971198,
        0.006445758980000001,
        0.006763544979999999,
        0.00656456398
      ]
    },
    {
      "command": "dasel -f benchmark/data.json '.favouriteNumbers.[1]'",
      "mean": 0.00833286236,
      "stddev": 0.0004708923634390213,
      "median": 0.00827813048,
      "user": 0.0045679250000000005,
      "system": 0.0026329850000000004,
      "min": 0.0077822199799999995,
      "max": 0.01147824998,
      "times": [
        0.008342641980000001,
        0.00883361998,
        0.00812041998,
        0.01147824998,
        0.010225109980000001,
        0.00930560698,
        0.00838039198,
        0.00915899798,
        0.008306470980000001,
        0.00823340598,
        0.00786866098,
        0.00835995298,
        0.00833335398,
        0.008545384980000001,
        0.00825080898,
        0.00838494698,
        0.00845778198,
        0.007982214980000001,
        0.00800503698,
        0.00813124498,
        0.008283690980000001,
        0.007895075980000001,
        0.00791723398,
        0.0077822199799999995,
        0.00832395098,
        0.00834734298,
        0.008302446980000001,
        0.00806270498,
        0.00827934498,
        0.00811224698,
        0.00814127798,
        0.008377602980000001,
        0.00847687398,
        0.00826182498,
        0.008207839980000001,
        0.00788881898,
        0.00838650898,
        0.00871479198,
        0.00826594998,
        0.00793439798,
        0.00816613898,
        0.00824177698,
        0.00832954198,
        0.00840863498,
        0.00809736298,
        0.00814024198,
        0.00859384298,
        0.00799580398,
        0.00826551798,
        0.00828826698,
        0.00862422598,
        0.00819245098,
        0.00804751898,
        0.00790084898,
        0.008191410980000001,
        0.008604562980000001,
        0.00836423998,
        0.00832416698,
        0.00818013998,
        0.007968174980000001,
        0.007924196980000001,
        0.00828754298,
        0.00886081898,
        0.00894117098,
        0.00877312298,
        0.00917623498,
        0.00829523398,
        0.00834221798,
        0.00840374898,
        0.007810781980000001,
        0.00862423398,
        0.00844974098,
        0.00844130698,
        0.00808067498,
        0.00821632198,
        0.00841189398,
        0.00812119598,
        0.00788507698,
        0.00789113898,
        0.008135152980000001,
        0.00821630098,
        0.00828395198,
        0.00797283798,
        0.00832365998,
        0.008303646980000001,
        0.00842026798,
        0.00821117798,
        0.00807897198,
        0.008273737980000001,
        0.00827691598,
        0.008188078980000001,
        0.00848136798,
        0.00866723998,
        0.00817793998,
        0.0078060249799999995,
        0.00809002198,
        0.00811530698,
        0.00844965198,
        0.00835241198,
        0.00793359198
      ]
    },
    {
      "command": "jq '.favouriteNumbers[1]' benchmark/data.json",
      "mean": 0.028387806979999996,
      "stddev": 0.0010497971824338357,
      "median": 0.028059124980000003,
      "user": 0.023710525000000007,
      "system": 0.0011771249999999998,
      "min": 0.02733417598,
      "max": 0.03322248798,