{
  "results": [
    {
      "command": "dasel -f benchmark/data.json '.favouriteNumbers.[1]'",
      "mean": 0.010189604730000001,
      "stddev": 0.0005911617664026532,
      "median": 0.010150644640000003,
      "user": 0.006407284999999997,
      "system": 0.00267551,
      "min": 0.009128923140000002,
      "max": 0.012375964140000001,
      "times": [
        0.011214832140000002,
        0.011242437140000002,
        0.011001276140000002,
        0.010325119140000002,
        0.009615788140000001,
        0.010043549140000003,
        0.010837944140000003,
        0.010980896140000002,
        0.010644518140000003,
        0.01028643014,
        0.010352701140000004,
        0.00981311114,
        0.010219637140000001,
        0.010571139140000001,
        0.010106917140000001,
        0.01019372114,
        0.010911463140000001,
        0.010489052140000003,
        0.010164505140000002,
        0.009543445140000002,
        0.00976473614,
        0.009811488140000001,
        0.010139599140000004,
        0.01024152214,
        0.009749624140000003,
        0.009595385140000003,
        0.009739014140000002,
        0.009819558140000004,
        0.010343214140000001,
        0.011340006140000001,
        0.010137915140000002,
        0.010345194140000003,
        0.01104554014,
        0.01023415914,
        0.009839133140000001,
        0.010057361140000002,
        0.009950017140000003,
        0.009722372140000001,
        0.010138380140000004,
        0.01001221214,
        0.009447293140000004,
        0.010216691140000001,
        0.009493405140000001,
        0.010954799140000002,
        0.010506506140000003,
        0.00986548714,
        0.009467612140000001,
        0.012375964140000001,
        0.010331553140000001,
        0.010217458140000003,
        0.011551151140000004,
        0.011151497140000001,
        0.011133177140000002,
        0.010248717140000002,
        0.010088924140000004,
        0.011190739140000003,
        0.009744200140000003,
        0.009637439140000002,
        0.009476331140000002,
        0.009788635140000002,
        0.010040638140000002,
        0.009871401140000003,
        0.00936832714,
        0.009138195140000003,
        0.011041936140000003,
        0.009848683140000002,
        0.010232491140000001,
        0.010164285140000003,
        0.010172515140000001,
        0.009483662140000002,
        0.009559155140000001,
        0.009980439140000002,
        0.010559858140000003,
        0.010261417140000003,
        0.00960696314,
        0.00985488814,
        0.010161690140000002,
        0.010466858140000004,
        0.009492546140000002,
        0.009356371140000003,
        0.010509292140000001,
        0.010268444140000003,
        0.010946857140000002,
        0.010972637140000002,
        0.010777653140000003,
        0.010449194140000003,
        0.01071772814,
        0.010171740140000003,
        0.01102371614,
        0.009722547140000003,
        0.01010368814,
        0.010087665140000004,
        0.010288667140000003,
        0.009726446140000001,
        0.009128923140000002,
        0.00939083614,
        0.009204230140000002,
        0.009560496140000003,
        0.009789043140000002,
        0.009985852140000001
      ]
    },
    {
      "command": "jq '.favouriteNumbers[1]' benchmark/data.json",
      "mean": 0.02586327959000001,
      "stddev": 0.0009325589238146461,
      "median": 0.025585110140000002,
      "user": 0.023590525,
      "system": 0.0006808000000000001,
      "min": 0.024121867140000003,
      "max": 0.031288258140000004,
      "times": [
        0.031288258140000004,
        0.025931931140000003,
        0.02531721014,
        0.025864625140000003,
        0.024999645140000002,
        0.02531790114,
        0.026413021140000003,
        0.025573381140000004,
        0.02529734414,
        0.02599985314,
        0.02504835014,
        0.026495262140000003,
        0.025276096140000003,
        0.025351619140000003,
        0.02559683914,
        0.025517456140000002,
        0.02601012814,
        0.025693414140000002,
        0.02703550114,
        0.02607793514,
        0.026343058140000004,
        0.02588702114,
        0.02543680614,
        0.025702323140000004,
        0.02591145614,
        0.02551741814,
        0.026200172140000002,
        0.025090447140000003,
        0.026236099140000003,
        0.025317767140000003,
        0.02537603114,
        0.02501907214,
        0.026022941140000002,
        0.02522692014,
        0.02556703314,
        0.02688509114,
        0.026370308140000003,
        0.02549464614,
        0.02526694314,
        0.025745636140000003,
        0.02563344714,
        0.02583753114,
        0.026253378140000002,
        0.025292029140000002,
        0.025263763140000003,
        0.02494576114,
        0.026952886140000003,
        0.02524729514,
        0.024121867140000003,
        0.025445970140000003,
        0.02615353914,
        0.02840251814,
        0.02596745614,
        0.027577807140000004,
        0.025398202140000003,
        0.02534167614,
        0.02512384314,
        0.02528490414,
        0.026485936140000003,
        0.024972927140000004,
        0.025570021140000003,
        0.026518597140000003,
        0.02520845014,
        0.025085088140000003,
        0.026579423140000003,
        0.025386482140000003,
        0.02492481514,
        0.02625169814,
        0.025623083140000003,
        0.02535155214,
        0.02666651214,
        0.025324951140000003,
        0.025986107140000003,
        0.02509335214,
        0.025089993140000003,
        0.02556477014,
        0.02498754514,
        0.02534093814,
        0.02467335014,
        0.027675705140000003,
        0.027446179140000002,
        0.025618311140000002,
        0.02527899214,
        0.026355090140000002,
        0.027101737140000002,
        0.02582969514,
        0.02739942914,
        0.025210939140000003,
        0.027985259140000003,
        0.026118207140000002,
        0.025524541140000002,
        0.025288303140000003,
        0.02657199714,
        0.026804600140000003,
        0.025312413140000004,
        0.026431802140000002,
        0.02539926114,
        0.026561614140000002,
        0.02586265914,
        0.024898793140000004
      ]
    },
    {
      "command": "yq --yaml-output '.favouriteNumbers[1]' benchmark/data.yaml",
      "mean": 0.11615593927,
      "stddev": 0.008080188967231285,
      "median": 0.11381688614000002,
      "user": 0.09449261499999993,
      "system": 0.020789419999999996,
      "min": 0.10835002414000001,
      "max": 0.15388794114,