{
  "results": [
    {
      "command": "dasel -f benchmark/data.json 'favouriteNumbers.[1]'",
      "mean": 0.006425234979999997,
      "stddev": 0.0005415698589576048,
      "median": 0.006300504419999999,
      "user": 0.0034039749999999983,
      "system": 0.0018661850000000002,
      "min": 0.005774952419999999,
      "max": 0.008913684419999998,
      "times": [
        0.00626789242,
        0.006585792419999999,
        0.00603898442,
        0.0061642654199999996,
        0.006140197419999999,
        0.006335686419999999,
        0.00615895142,
        0.006154811419999999,
        0.0061883474199999995,
        0.006315764419999999,
        0.00696471642,
        0.006086257419999999,
        0.00600665642,
        0.006227600419999999,
        0.006873730419999999,
        0.00637266342,
        0.0063360914199999995,
        0.00612392142,
        0.0062935964199999994,
        0.006690158419999999,
        0.00689128742,
        0.006242563419999999,
        0.0061631714199999995,
        0.006299160419999999,
        0.00608030242,
        0.00633088642,
        0.00612183942,
        0.005977098419999999,
        0.00640562742,
        0.006655727419999999,
        0.00638482842,
        0.00610871142,
        0.006099179419999999,
        0.006302140419999999,
        0.0059629924199999995,
        0.00629762242,
        0.006227316419999999,
        0.00623789842,
        0.006464161419999999,
        0.006101651419999999,
        0.00596944742,
        0.005774952419999999,
        0.006466181419999999,
        0.006747626419999999,
        0.00631583442,
        0.00614295742,
        0.00595402642,
        0.006107520419999999,
        0.006016677419999999,
        0.006167865419999999,
        0.006329890419999999,
        0.00612327942,
        0.006322659419999999,
        0.00624198142,
        0.0063544684199999995,
        0.006080400419999999,
        0.00612682142,
        0.00610783142,
        0.006392835419999999,
        0.0060983114199999995,
        0.00606096042,
        0.005922152419999999,
        0.006020727419999999,
        0.00664835742,
        0.006692590419999999,
        0.00597468142,
        0.006347198419999999,
        0.006271874419999999,
        0.006263471419999999,
        0.00614069642,
        0.005951171419999999,
        0.006328534419999999,
        0.00637321042,
        0.00611226542,
        0.00630547642,
        0.006082222419999999,
        0.00609597742,
        0.00637452842,
        0.006524867419999999,
        0.00634266842,
        0.00632887942,
        0.00673367342,
        0.007111233419999999,
        0.00705612442,
        0.00672969942,
        0.00672418142,
        0.00881794542,
        0.00770673242,
        0.0073477864199999994,
        0.00696199442,
        0.008913684419999998,
        0.00805779342,
        0.00643792442,
        0.00613339342,
        0.00630184842,
        0.00635954942,
        0.006537615419999999,
        0.00708453942,
        0.006562871419999999,
        0.00826057542
      ]
    },
    {
      "command": "jq '.favouriteNumbers[1]' benchmark/data.json",
      "mean": 0.03053197133999999,
      "stddev": 0.004836953005415457,
      "median": 0.029304779920000003,
      "user": 0.025349995000000004,
      "system": 0.001290525,
      "min": 0.02718302442,
      "max": 0.05712969842,
      "times": [
        0.027491922420000002,
        0.029726726420000002,
        0.02921649842,
        0.04178583442,
        0.04366399842,
        0.030599076420000003,
        0.03121865042,
        0.03226531742,
        0.029523971420000003,
        0.03026326142,
        0.02939607442,
        0.029457196419999998,
        0.027692487420000002,
        0.02831966542,
        0.02758265342,
        0.02848394042,
        0.02937569342,
        0.029116524419999998,
        0.029273323419999997,
        0.03105925542,
        0.028663349419999998,
        0.027812195419999998,
        0.029741739420000003,
        0.02872896742,
        0.030608011419999998,
        0.03002574542,
        0.029761696419999997,
        0.02759901042,
        0.029138925420000003,
        0.030632175419999998,
        0.02990115342,
        0.02929631042,
        0.02845940342,
        0.028864707420000003,
        0.03215483542,
        0.028104397420000003,
        0.04341547042,
        0.030428591419999998,
        0.03793599842,
        0.04058464642,
        0.02929295842,
        0.03051339442,
        0.030560367419999998,
        0.029437054419999997,
        0.028074012420000002,
        0.028667277419999998,
        0.028620826420000002,
        0.028528699419999998,
        0.029152227420000003,
        0.03102686742,
        0.05603286342,
        0.033803797420000004,
        0.03229701142,
        0.03093424242,
        0.03099641442,
        0.027503702419999998,
        0.029308379420000003,
        0.03074704942,
        0.02718302442,
        0.029762488419999997,
        0.028158527420000003,
        0.02814708942,
        0.02879741842,
        0.028482152419999997,
        0.029354006420000002,
        0.02976623842,
        0.02908879642,
        0.030621417419999998,
        0.03118891342,
        0.02916368642,
        0.028000966420000002,
        0.028258068419999997,
        0.027618015420000003,
        0.027711020420000003,
        0.028609351419999998,
        0.03553321342,
        0.05712969842,
        0.03276620142,
        0.03128519142,
        0.030516943419999998,
        0.02994361642,
        0.02766885142,
        0.029356031419999998,
        0.03102376742,
        0.027412166420000002,
        0.02833767242,
        0.030065262420000002,
        0.027687276419999997,
        0.030508125419999997,
        0.028143142420000003,
        0.02730441242,
        0.028651013420000003,
        0.02785780342,
        0.02777215542,
        0.03077918742,
        0.027859772419999998,
        0.029301180420000003,
        0.028203926419999997,
        0.02758004142,
        0.02773275242
      ]
    },
    {
      "command": "yq --yaml-output '.favouriteNumbers[1]' benchmark/data.yaml",
      "mean": 0.13102792256,
      "stddev": 0.014553086611499335,
      "median": 0.12701016692,
      "user": 0.10348700499999999,
      "system": 0.022979335,
      "min": 0.12377632442,
      "max": 0.21948343542,