{
  "results": [
    {
      "command": "daselv2 delete -f benchmark/data.json -o - 'id'",
      "mean": 0.007673652254999996,
      "stddev": 0.0008812462060638061,
      "median": 0.008030972334999999,
      "user": 0.0039289550000000005,
      "system": 0.002307395000000001,
      "min": 0.006165065334999999,
      "max": 0.009434909334999998,
      "times": [
        0.007134272334999999,
        0.007694528334999999,
        0.009080375334999998,
        0.008312130335,
        0.0066308313349999985,
        0.0067925853349999985,
        0.008718692334999998,
        0.008619195334999998,
        0.006988986334999999,
        0.006911196334999998,
        0.007035143334999999,
        0.008206773334999999,
        0.006655884334999999,
        0.006698935334999998,
        0.006610686334999999,
        0.006776708334999998,
        0.006493191334999999,
        0.006545289334999999,
        0.006433577334999998,
        0.006389599334999999,
        0.006644668334999998,
        0.006433950334999999,
        0.006573762334999999,
        0.007074223334999999,
        0.006319067334999998,
        0.006209453334999998,
        0.006536176334999998,
        0.006787472334999999,
        0.006319344334999999,
        0.006276788334999998,
        0.006454300334999998,
        0.007186218334999998,
        0.006467802334999998,
        0.006302577334999998,
        0.006205224334999999,
        0.006561247334999999,
        0.006757508334999999,
        0.006648004334999999,
        0.006273109334999999,
        0.006165065334999999,
        0.006577604334999999,
        0.006727229334999998,
        0.007642101334999998,
        0.008086957334999999,
        0.008145703334999999,
        0.008323887334999999,
        0.008230396335,
        0.008291870334999998,
        0.008068930334999998,
        0.008057710335,
        0.008037264334999999,
        0.007802620334999998,
        0.008079786334999998,
        0.008164469334999999,
        0.008061450334999998,
        0.007804451334999999,
        0.007703323334999998,
        0.007996912334999998,
        0.008773488335,
        0.007838986335,
        0.008040866334999999,
        0.007938494334999999,
        0.008024680335,
        0.007944421334999998,
        0.007691844334999998,
        0.008006674334999998,
        0.008090245335,
        0.008366289334999999,
        0.008377143334999998,
        0.007945850334999999,
        0.008123311335,
        0.008224231334999998,
        0.008117011334999999,
        0.007815609335,
        0.009277284334999998,
        0.009434909334999998,
        0.009245310334999998,
        0.008577906334999998,
        0.008845924334999998,
        0.008566303334999999,
        0.008343432334999998,
        0.008103335334999998,
        0.008621072334999999,
        0.008745302334999998,
        0.008263118334999998,
        0.008176976334999999,
        0.008443914334999999,
        0.008345813334999999,
        0.008689811334999999,
        0.008230053335,
        0.008318569334999998,
        0.008381385334999998,
        0.008103426334999999,
        0.008563689335,
        0.008119591334999999,
        0.008716596334999998,
        0.008572379334999998,
        0.008542483334999998,
        0.008045455334999998,
        0.008044821334999999
      ]
    },
    {
      "command": "dasel delete -f benchmark/data.json -o - '.id'",
      "mean": 0.009802522824999998,
      "stddev": 0.0012645168275957092,
      "median": 0.009541590834999999,
      "user": 0.0051231950000000005,
      "system": 0.0031996449999999997,
      "min": 0.007978417334999998,
      "max": 0.012312530335,
      "times": [
        0.011083487335,
        0.010969563334999998,
        0.011154537334999999,
        0.011663658334999999,
        0.010800906334999999,
        0.012312530335,
        0.011198278334999999,
        0.010343477334999998,
        0.008921428334999999,
        0.011115655334999999,
        0.011646127335,
        0.009069738334999999,
        0.009609344334999999,
        0.011746579334999998,
        0.010441406334999999,
        0.009098001334999998,
        0.010903654334999999,
        0.010952676334999998,
        0.009145757334999999,
        0.008752544335,
        0.010784204334999999,
        0.010017762335,
        0.008758351335,
        0.009463141334999998,
        0.010817759334999998,
        0.009089203334999999,
        0.008909496335,
        0.010260290334999998,
        0.011167440334999999,
        0.009240314335,
        0.009298786334999998,
        0.011271149335,
        0.011091271334999998,
        0.009486399334999998,
        0.010500844334999999,
        0.011211970334999998,
        0.012046152335,
        0.011528008335,
        0.012157110335,
        0.011411308334999998,
        0.009064395335,
        0.011962607334999998,
        0.011371611334999998,
        0.010926472335,
        0.010599101334999998,
        0.011479480334999998,
        0.009211378335,
        0.009321552334999999,
        0.010865284335,
        0.011420618334999999,
        0.009467016334999998,
        0.009478022334999999,
        0.011555285334999998,
        0.010128254334999998,
        0.008756534334999998,
        0.010598835334999999,
        0.011559251335,
        0.010250096334999998,
        0.008887053334999999,
        0.010785453334999999,
        0.010944732334999999,
        0.008879451334999998,
        0.009694718334999998,
        0.010955426334999999,
        0.009828949334999998,
        0.008901188334999999,
        0.010392495334999998,
        0.009596782334999998,
        0.008852286334999999,
        0.008780292334999999,
        0.010679421334999998,
        0.010717561334999999,
        0.008394439334999998,
        0.008233033334999999,
        0.010050162334999998,
        0.008645407334999999,
        0.008340666334999998,
        0.008025910334999999,
        0.008560452334999998,
        0.008449488334999998,
        0.008291371334999999,
        0.007978417334999998,
        0.008220833334999999,
        0.008279924335,
        0.008319545335,
        0.008334648334999998,
        0.007995858334999998,
        0.008245134334999998,
        0.008274287334999998,
        0.008255642334999999,
        0.008327687334999999,
        0.009061860334999998,
        0.008790803334999998,
        0.008196942334999999,
        0.008140768334999998,
        0.008601693334999999,
        0.008472077334999998,
        0.008139096334999998,
        0.008107194334999998,
        0.008167013334999999
      ]
    },
    {
      "command": "jq 'del(.id)' benchmark/data.json",
      "mean": 0.028119361074999995,
      "stddev": 0.0006757536244331792,
      "median": 0.027926344335,
      "user": 0.02365539499999999,
      "system": 0.0010813150000000002,
      "min": 0.027371435335,
      "max": 0.031024893334999998,