{
  "results": [
    {
      "command": "dasel delete -f benchmark/data.json -o - '.id'",
      "mean": 0.011924272410000006,
      "stddev": 0.0007885837802345663,
      "median": 0.011700146950000002,
      "user": 0.007256274999999998,
      "system": 0.003391464999999999,
      "min": 0.01102914995,
      "max": 0.015562252950000003,
      "times": [
        0.011425065950000002,
        0.011606995950000002,
        0.012280129950000001,
        0.011315673950000002,
        0.011228248950000002,
        0.011483176950000002,
        0.011476178950000002,
        0.011755611950000001,
        0.011065435950000002,
        0.011547043950000002,
        0.013030625950000001,
        0.011701935950000002,
        0.011514437950000001,
        0.011285865950000001,
        0.01259683795,
        0.011507114950000001,
        0.011849010950000002,
        0.011547720950000001,
        0.011410782950000002,
        0.011157739950000002,
        0.013875097950000003,
        0.01280999095,
        0.012355179950000001,
        0.011682589950000002,
        0.01152145195,
        0.011534630950000001,
        0.011750623950000002,
        0.011799984950000002,
        0.011309744950000002,
        0.012002659950000001,
        0.011228670950000002,
        0.011611311950000001,
        0.011126480950000002,
        0.011674538950000002,
        0.011115084950000001,
        0.012388388950000002,
        0.011408527950000002,
        0.01102914995,
        0.011721563950000001,
        0.011272445950000001,
        0.011698357950000002,
        0.011480197950000002,
        0.012037636950000001,
        0.01143720995,
        0.011241793950000002,
        0.011221967950000002,
        0.011327703950000002,
        0.012439386950000002,
        0.011992228950000001,
        0.012442641950000001,
        0.01406086995,
        0.012857920950000002,
        0.011878631950000001,
        0.012025394950000002,
        0.01214834795,
        0.012376094950000001,
        0.011405912950000001,
        0.012427245950000002,
        0.011518248950000002,
        0.011080092950000002,
        0.012158632950000001,
        0.011421649950000001,
        0.011597476950000001,
        0.011411338950000002,
        0.011719002950000001,
        0.011250780950000002,
        0.011797826950000001,
        0.011609413950000001,
        0.011453120950000001,
        0.011624194950000001,
        0.013087961950000003,
        0.011758116950000001,
        0.01140717595,
        0.011719317950000002,
        0.011276745950000002,
        0.011967159950000002,
        0.011488901950000002,
        0.01178070995,
        0.011908642950000001,
        0.011571460950000001,
        0.011812558950000001,
        0.011613213950000001,
        0.011967706950000002,
        0.011804408950000001,
        0.012969699950000002,
        0.013562053950000002,
        0.012486075950000003,
        0.012675474950000003,
        0.012612745950000002,
        0.011583769950000001,
        0.011199309950000002,
        0.012436133950000003,
        0.011377646950000002,
        0.011939359950000002,
        0.01433999795,
        0.012860091950000001,
        0.015562252950000003,
        0.012282268950000001,
        0.014404279950000003,
        0.011826910950000002
      ]
    },
    {
      "command": "jq 'del(.id)' benchmark/data.json",
      "mean": 0.02669515416,
      "stddev": 0.0011053900245567908,
      "median": 0.026507965450000004,
      "user": 0.024221605000000007,
      "system": 0.0007549949999999998,
      "min": 0.025452907950000003,
      "max": 0.03400302395,
      "times": [
        0.026552616950000003,
        0.027307069950000006,
        0.027755401950000005,
        0.03400302395,
        0.029884326950000005,
        0.026555439950000006,
        0.027009991950000003,
        0.025672672950000003,
        0.027738898950000004,
        0.026087038950000006,
        0.026672660950000003,
        0.026614534950000004,
        0.026247948950000006,
        0.026103262950000004,
        0.026877909950000004,
        0.026458950950000004,
        0.026217058950000004,
        0.026659760950000003,
        0.026028932950000003,
        0.026122872950000004,
        0.026372181950000004,
        0.026214486950000004,
        0.027512971950000003,
        0.027071476950000003,
        0.026552449950000005,
        0.025888438950000005,
        0.026594981950000006,
        0.026436492950000005,
        0.026953581950000003,
        0.025870223950000003,
        0.027530252950000004,
        0.028496452950000008,
        0.026571261950000005,
        0.026014943950000004,
        0.026289387950000003,
        0.026420064950000006,
        0.026327727950000004,
        0.026985897950000004,
        0.026517801950000003,
        0.026164328950000003,
        0.026778786950000005,
        0.026994681950000005,
        0.026708785950000005,
        0.025512679950000006,
        0.026877373950000005,
        0.025546418950000004,
        0.026812228950000003,
        0.028792771950000004,
        0.026818422950000004,
        0.026373521950000003,
        0.026099748950000005,
        0.026498128950000005,
        0.025626505950000003,
        0.026108954950000006,
        0.026946468950000003,
        0.026520300950000006,
        0.026148235950000005,
        0.026240416950000005,
        0.026970691950000004,
        0.025987889950000006,
        0.026679149950000005,
        0.026284225950000004,
        0.026772328950000004,
        0.026562277950000004,
        0.030620554950000003,
        0.026115760950000004,
        0.026523269950000004,
        0.026175715950000004,
        0.026528939950000004,
        0.027037525950000005,
        0.029176709950000004,
        0.027266809950000005,
        0.026139452950000003,
        0.026309985950000003,
        0.025859355950000003,
        0.026752109950000005,
        0.026157879950000004,
        0.026001306950000004,
        0.026402821950000006,
        0.026343855950000005,
        0.026609171950000003,
        0.026716106950000006,
        0.025926245950000003,
        0.026090358950000003,
        0.026249715950000006,
        0.026524180950000004,
        0.026050377950000005,
        0.026085816950000004,
        0.025775380950000003,
        0.026952922950000003,
        0.025452907950000003,
        0.026382598950000006,
        0.026182500950000003,
        0.026053409950000005,
        0.026300823950000003,
        0.027177528950000005,
        0.026605068950000005,
        0.027172361950000005,
        0.027989646950000006,
        0.025789444950000004
      ]
    },
    {
      "command": "yq --yaml-output 'del(.id)' benchmark/data.yaml",
      "mean": 0.13460523517,
      "stddev": 0.004533866490099352,
      "median": 0.13446177345000002,
      "user": 0.10884220500000003,
      "system": 0.024636984999999997,
      "min": 0.12469332895000002,
      "max": 0.15510463395000001,