{
  "results": [
    {
      "command": "dasel delete -f benchmark/data.json -o - '.id'",
      "mean": 0.01057499717,
      "stddev": 0.0016386245877371387,
      "median": 0.010211573840000002,
      "user": 0.006622674999999999,
      "system": 0.0027686399999999993,
      "min": 0.009131622340000001,
      "max": 0.02129317734,
      "times": [
        0.009920565340000001,
        0.010318236340000002,
        0.010540444340000002,
        0.010086459340000001,
        0.00943640834,
        0.009166725340000001,
        0.00922299734,
        0.009688398340000001,
        0.00997416234,
        0.01014465934,
        0.010208971340000001,
        0.00958830134,
        0.01060037534,
        0.010569306340000001,
        0.010429557340000001,
        0.010758210340000001,
        0.01011371634,
        0.009475386340000001,
        0.00939887034,
        0.009982620340000001,
        0.01046630934,
        0.009809743340000001,
        0.009131622340000001,
        0.00961634134,
        0.01001402334,
        0.010260229340000001,
        0.00978919934,
        0.009464248340000002,
        0.009534510340000002,
        0.00937448534,
        0.009742513340000002,
        0.010004287340000001,
        0.00985335434,
        0.00948879134,
        0.009397319340000002,
        0.009778444340000001,
        0.009805950340000001,
        0.009817837340000002,
        0.009937926340000002,
        0.010362426340000001,
        0.00962374434,
        0.009521391340000001,
        0.01265585234,
        0.011802218340000002,
        0.011631411340000002,
        0.011651580340000002,
        0.011901601340000002,
        0.012017473340000001,
        0.011710001340000002,
        0.011607648340000002,
        0.01267012734,
        0.010783544340000001,
        0.010810806340000001,
        0.015249543340000001,
        0.02129317734,
        0.01820680434,
        0.012050058340000001,
        0.012169649340000002,
        0.011768554340000001,
        0.011719863340000001,
        0.01164171934,
        0.011357430340000002,
        0.010473053340000002,
        0.010708843340000001,
        0.010262153340000002,
        0.011531570340000002,
        0.01035778734,
        0.00970143034,
        0.00948679634,
        0.010117508340000001,
        0.010535014340000001,
        0.01021417634,
        0.009710591340000001,
        0.00939848434,
        0.00938980434,
        0.00965433534,
        0.010473683340000001,
        0.010360801340000001,
        0.010176771340000001,
        0.009569568340000001,
        0.00972307334,
        0.010367867340000001,
        0.010405158340000002,
        0.01017767334,
        0.010217095340000001,
        0.01102669434,
        0.010389012340000002,
        0.01088803634,
        0.011162160340000001,
        0.01028438834,
        0.00982400934,
        0.00960175134,
        0.010132615340000001,
        0.010802995340000001,
        0.01031083934,
        0.009787997340000002,
        0.009570962340000001,
        0.01014358234,
        0.010526728340000001,
        0.010916568340000002
      ]
    },
    {
      "command": "jq 'del(.id)' benchmark/data.json",
      "mean": 0.025774264579999998,
      "stddev": 0.000656159596273129,
      "median": 0.02566609484,
      "user": 0.023574944999999993,
      "system": 0.0006331799999999996,
      "min": 0.024388099340000004,
      "max": 0.02804173134,
      "times": [
        0.025900647340000003,
        0.026182715340000003,
        0.025645254340000003,
        0.02612239434,
        0.026775456340000003,
        0.02611543934,
        0.025911343340000004,
        0.025754777340000003,
        0.025551029340000003,
        0.025608271340000002,
        0.025405438340000003,
        0.02589729434,
        0.02552108734,
        0.025134267340000002,
        0.025551480340000002,
        0.025590533340000002,
        0.025930518340000003,
        0.026079129340000003,
        0.02804173134,
        0.025817534340000003,
        0.02663580734,
        0.02603828734,
        0.02616969234,
        0.02547761134,
        0.02481019434,
        0.025209264340000002,
        0.02452623434,
        0.025078390340000003,
        0.02521361734,
        0.02666956934,
        0.025785341340000004,
        0.02525368634,
        0.025911627340000003,
        0.025247420340000003,
        0.025414500340000003,
        0.026879040340000004,
        0.026126274340000002,
        0.025952191340000003,
        0.025549120340000002,
        0.025253774340000004,
        0.026580052340000004,
        0.024777773340000003,
        0.024994592340000003,
        0.025566921340000003,
        0.026404273340000003,
        0.025728841340000003,
        0.026605082340000002,
        0.025182403340000003,
        0.026333607340000002,
        0.02569963134,
        0.025981180340000003,
        0.02679348234,
        0.025053374340000004,
        0.026816085340000004,
        0.026888440340000003,
        0.025519590340000002,
        0.025244948340000004,
        0.02639337434,
        0.026134815340000003,
        0.024982367340000002,
        0.02491692334,
        0.025974908340000002,
        0.024388099340000004,
        0.02505113134,
        0.025783213340000003,
        0.02497385934,
        0.02510580034,
        0.02555441534,
        0.025159724340000002,
        0.02619365234,
        0.026847561340000003,
        0.025507743340000003,
        0.025590050340000003,
        0.02498340434,
        0.02606796234,
        0.02539639934,
        0.02546194934,
        0.025623531340000002,
        0.02512865234,
        0.026316263340000003,
        0.02566935734,
        0.02594353434,
        0.025399361340000003,
        0.02515434834,
        0.02607896134,
        0.02566283234,
        0.02623887134,
        0.025271175340000004,
        0.027435760340000004,
        0.027606110340000004,
        0.026757310340000003,
        0.025873620340000004,
        0.026296003340000002,
        0.02499030034,
        0.02531380734,
        0.02589957734,
        0.025567701340000002,
        0.025356574340000004,
        0.025297979340000002,
        0.026169202340000003
      ]
    },
    {
      "command": "yq --yaml-output 'del(.id)' benchmark/data.yaml",
      "mean": 0.11405631317000006,
      "stddev": 0.0029870972381140985,
      "median": 0.11346371084000001,
      "user": 0.09341691499999996,
      "system": 0.01992161,
      "min": 0.10900307334,
      "max": 0.12258537334000001,