{
  "results": [
    {
      "command": "dasel delete -f benchmark/data.json -o - 'id'",
      "mean": 0.005287636290000003,
      "stddev": 0.0002465390917647991,
      "median": 0.005253056280000004,
      "user": 0.003179795000000003,
      "system": 0.0014521550000000005,
      "min": 0.004926382280000004,
      "max": 0.006260626280000004,
      "times": [
        0.005396203280000003,
        0.0055191982800000036,
        0.0053807252800000035,
        0.006032409280000003,
        0.005223137280000003,
        0.005617772280000004,
        0.004968449280000004,
        0.005091024280000004,
        0.005073800280000004,
        0.005437728280000003,
        0.005240791280000004,
        0.005297879280000004,
        0.005071726280000003,
        0.005228581280000004,
        0.005022496280000004,
        0.005190507280000003,
        0.005143185280000004,
        0.005307315280000004,
        0.005346717280000003,
        0.005437167280000004,
        0.005022143280000004,
        0.005011286280000004,
        0.005323907280000003,
        0.005456555280000004,
        0.005559349280000004,
        0.005495022280000003,
        0.004998902280000004,
        0.005183516280000003,
        0.005453585280000003,
        0.005108608280000003,
        0.005237864280000004,
        0.005171128280000003,
        0.005273632280000003,
        0.005514598280000003,
        0.005728572280000004,
        0.005025487280000003,
        0.005121700280000004,
        0.005265473280000004,
        0.005311324280000003,
        0.005265321280000004,
        0.004974179280000003,
        0.005186287280000004,
        0.005460517280000004,
        0.005452906280000003,
        0.005340295280000004,
        0.005092274280000003,
        0.005298311280000004,
        0.0051635962800000035,
        0.005059419280000003,
        0.0053461892800000035,
        0.005087976280000003,
        0.005336866280000003,
        0.005170661280000004,
        0.005439152280000003,
        0.005567034280000004,
        0.005024991280000004,
        0.005170198280000003,
        0.005123765280000003,
        0.006260626280000004,
        0.005434398280000004,
        0.005224181280000004,
        0.005229010280000003,
        0.005271079280000004,
        0.005310064280000004,
        0.005138880280000004,
        0.005110878280000003,
        0.006146598280000004,
        0.005031563280000003,
        0.005043705280000003,
        0.004926382280000004,
        0.005136493280000003,
        0.005951178280000004,
        0.005503439280000003,
        0.005430774280000003,
        0.0051553932800000035,
        0.005135028280000004,
        0.005724631280000003,
        0.005378789280000004,
        0.004960716280000003,
        0.005278225280000003,
        0.005183411280000003,
        0.005189862280000004,
        0.005438731280000003,
        0.005265687280000004,
        0.005043021280000004,
        0.005266779280000003,
        0.005391302280000003,
        0.005337019280000004,
        0.005131971280000003,
        0.005516616280000004,
        0.005357952280000003,
        0.005721490280000003,
        0.0054244132800000035,
        0.005137071280000004,
        0.005127741280000004,
        0.005269632280000004,
        0.0051619782800000034,
        0.005061355280000004,
        0.005097822280000004,
        0.005008321280000004
      ]
    },
    {
      "command": "jq 'del(.id)' benchmark/data.json",
      "mean": 0.026725419060000005,
      "stddev": 0.0009931233720175793,
      "median": 0.026409365780000003,
      "user": 0.023427405,
      "system": 0.0006203250000000012,
      "min": 0.025791099280000007,
      "max": 0.030625745280000005,
      "times": [
        0.027281363280000005,
        0.02640475028,
        0.026189697280000007,
        0.026523748280000002,
        0.02734740428,
        0.026315376280000004,
        0.026293073280000002,
        0.02680179028,
        0.026629509280000005,
        0.026177721280000003,
        0.026071200280000005,
        0.02644875428,
        0.026903886280000004,
        0.026662082280000006,
        0.026523294280000005,
        0.026542319280000004,
        0.026554885280000003,
        0.026724971280000002,
        0.026435246280000005,
        0.025903779280000004,
        0.02627939128,
        0.02657246028,
        0.030433566280000005,
        0.026079516280000006,
        0.026297549280000006,
        0.028756811280000003,
        0.025996193280000003,
        0.02689710328,
        0.028938335280000005,
        0.027026934280000005,
        0.026795105280000002,
        0.026736380280000006,
        0.026342030280000005,
        0.026162281280000005,
        0.026421275280000003,
        0.026129231280000005,
        0.026602893280000005,
        0.026132322280000002,
        0.027169486280000002,
        0.026399036280000003,
        0.025843345280000006,
        0.025791099280000007,
        0.026134755280000005,
        0.02688260228,
        0.02689814728,
        0.027208809280000003,
        0.026416754280000003,
        0.026285715280000004,
        0.026362345280000005,
        0.030625745280000005,
        0.027570924280000006,
        0.027247634280000002,
        0.029765684280000003,
        0.02630073528,
        0.026217321280000004,
        0.026207854280000005,
        0.026264513280000006,
        0.026055368280000005,
        0.02641638828,
        0.026198645280000002,
        0.027402987280000006,
        0.030246131280000005,
        0.02723357128,
        0.026016339280000002,
        0.025953772280000002,
        0.026314006280000003,
        0.026398352280000002,
        0.026063159280000005,
        0.026083372280000003,
        0.026065434280000008,
        0.02600852228,
        0.027182060280000003,
        0.029408713280000005,
        0.026317120280000002,
        0.026662866280000003,
        0.025889610280000003,
        0.02641016528,
        0.026142621280000007,
        0.026091487280000006,
        0.026076951280000003,
        0.026167527280000005,
        0.026455693280000005,
        0.025893054280000008,
        0.026350194280000003,
        0.026179802280000004,
        0.026408566280000004,
        0.025798133280000003,
        0.026124739280000003,
        0.026295403280000004,
        0.026581961280000004,
        0.026075296280000007,
        0.026707201280000002,
        0.02670592528,
        0.02640104328,
        0.026528751280000006,
        0.026511572280000006,
        0.028461272280000005,
        0.027932272280000003,
        0.026502599280000004,
        0.028896511280000002
      ]
    },
    {
      "command": "yq --yaml-output 'del(.id)' benchmark/data.yaml",
      "mean": 0.14183396042000002,
      "stddev": 0.02883134399090088,
      "median": 0.13259745178000001,
      "user": 0.11089630500000001,
      "system": 0.025539464999999997,
      "min": 0.12332265228,
      "max": 0.27255319528000005,