{
  "results": [
    {
      "command": "daselv2 delete -f benchmark/data.json -o - 'id'",
      "mean": 0.006767651259999999,
      "stddev": 0.0005484963459329732,
      "median": 0.00665256164,
      "user": 0.0035227600000000015,
      "system": 0.002015034999999999,
      "min": 0.005957022139999999,
      "max": 0.009295573139999999,
      "times": [
        0.00626011814,
        0.006445497139999999,
        0.00647840914,
        0.00650151914,
        0.00712429514,
        0.006674691139999999,
        0.00655882214,
        0.00623065714,
        0.00641562014,
        0.00633985514,
        0.00719198614,
        0.007116892139999999,
        0.00647734614,
        0.00620858514,
        0.006316384139999999,
        0.00659347314,
        0.0069396901399999995,
        0.0075912351399999994,
        0.006746149139999999,
        0.006964623139999999,
        0.006257525139999999,
        0.00668407214,
        0.00665073014,
        0.006187103139999999,
        0.00672754314,
        0.007522217139999999,
        0.006712589139999999,
        0.00625715414,
        0.00629333214,
        0.006459692139999999,
        0.00666843414,
        0.007386225139999999,
        0.00634559614,
        0.00621892414,
        0.00630120614,
        0.0071022681399999996,
        0.006646928139999999,
        0.006649961139999999,
        0.00744047814,
        0.00633677314,
        0.00629408314,
        0.00652064514,
        0.00627590714,
        0.00641828614,
        0.00648147114,
        0.00719941214,
        0.00816276814,
        0.007084376139999999,
        0.0067476221399999994,
        0.00689972814,
        0.00659824214,
        0.00688333214,
        0.007504123139999999,
        0.00827347814,
        0.006514766139999999,
        0.007334205139999999,
        0.00620844414,
        0.006522044139999999,
        0.006461573139999999,
        0.00711351214,
        0.006893640139999999,
        0.006327820139999999,
        0.00600628414,
        0.00627887414,
        0.00680979514,
        0.00666355314,
        0.0070428101399999995,
        0.00707758614,
        0.006415836139999999,
        0.0062563681399999994,
        0.006419273139999999,
        0.00620771214,
        0.00655472614,
        0.006705632139999999,
        0.0073660251399999994,
        0.00662360914,
        0.00622370314,
        0.00683058714,
        0.00669366714,
        0.006654393139999999,
        0.00728862414,
        0.00723495014,
        0.0073768581399999995,
        0.0067450711399999995,
        0.006764658139999999,
        0.006428857139999999,
        0.0069266491399999994,
        0.007410861139999999,
        0.00708042614,
        0.00630378014,
        0.005957022139999999,
        0.00639571714,
        0.00668654114,
        0.006913529139999999,
        0.007075165139999999,
        0.009295573139999999,
        0.00846528614,
        0.007958897139999999,
        0.006579706139999999,
        0.006302436139999999
      ]
    },
    {
      "command": "dasel delete -f benchmark/data.json -o - '.id'",
      "mean": 0.00846685566,
      "stddev": 0.0005942594177868565,
      "median": 0.00823779514,
      "user": 0.00465863,
      "system": 0.0026143649999999996,
      "min": 0.00754828414,
      "max": 0.010658803139999999,
      "times": [
        0.00821059114,
        0.00814442814,
        0.008544122139999999,
        0.00943405414,
        0.008017854139999999,
        0.00771235514,
        0.00821343814,
        0.00821063914,
        0.00889128414,
        0.00791681014,
        0.00861760814,
        0.007919645139999999,
        0.008301405139999999,
        0.00825769914,
        0.00816384114,
        0.00901944014,
        0.00846124214,
        0.00783349414,
        0.00781219514,
        0.008045225139999999,
        0.00840599914,
        0.00921984614,
        0.00800384814,
        0.00818258214,
        0.008229624139999999,
        0.008241014139999999,
        0.00947263314,
        0.00924610814,
        0.007837107139999999,
        0.00786660814,
        0.007822744139999999,
        0.00788896914,
        0.00851257714,
        0.00866682914,
        0.00914314314,
        0.00983676714,
        0.00821712914,
        0.00818600814,
        0.00820492814,
        0.00889620214,
        0.00804840614,
        0.00801713814,
        0.00802469214,
        0.00812432214,
        0.008979477139999999,
        0.00821007814,
        0.008031050139999999,
        0.0076525651399999995,
        0.008222660139999999,
        0.00823958814,
        0.008147564139999999,
        0.00845906414,
        0.00936724914,
        0.00800276114,
        0.008331264139999999,
        0.00813399014,
        0.00863977114,
        0.00931061114,
        0.00816483214,
        0.00754828414,
        0.00806432014,
        0.00800772514,
        0.00894854414,
        0.00838446514,
        0.00884806814,
        0.00858919914,
        0.00807434714,
        0.00788861514,
        0.008333548139999999,
        0.00854866614,
        0.01001598114,
        0.00797148714,
        0.00791214014,
        0.008060079139999999,
        0.00848975314,
        0.00897489214,
        0.00900042714,
        0.00896397814,
        0.00821601014,
        0.00823600214,
        0.00932874614,
        0.00990682814,
        0.00804286014,
        0.00824037114,
        0.00838868714,
        0.00873494414,
        0.008289023139999999,
        0.00977359914,
        0.00938451314,
        0.00961955014,
        0.008217150139999999,
        0.00816413114,
        0.00859584714,
        0.010658803139999999,
        0.00835874914,
        0.00793040314,
        0.00812196814,
        0.00866670414,
        0.00935930014,
        0.00791173014
      ]
    },
    {
      "command": "jq 'del(.id)' benchmark/data.json",
      "mean": 0.028342948970000014,
      "stddev": 0.0008099409020601574,
      "median": 0.028118912640000004,
      "user": 0.023695530000000003,
      "system": 0.001171875,
      "min": 0.027278948140000002,
      "max": 0.031146442140000005,