{
  "results": [
    {
      "command": "dasel delete -f benchmark/data.json -o - 'id'",
      "mean": 0.006630235795000008,
      "stddev": 0.0008797190626694211,
      "median": 0.006341079365000002,
      "user": 0.0035413550000000004,
      "system": 0.0019515900000000002,
      "min": 0.005986091365000002,
      "max": 0.010660180365,
      "times": [
        0.006785719365000002,
        0.006340893365000002,
        0.006249168365000003,
        0.006422280365000002,
        0.0063698963650000015,
        0.0060746503650000025,
        0.0060484063650000025,
        0.006367383365000002,
        0.007009180365000002,
        0.006285583365000002,
        0.006278165365000002,
        0.006222762365000001,
        0.0061209703650000015,
        0.006257971365000003,
        0.006236019365000002,
        0.006163659365000002,
        0.006417509365000002,
        0.0061854293650000025,
        0.006444832365000003,
        0.006179063365000002,
        0.006238272365000003,
        0.006256855365000002,
        0.006456279365000002,
        0.006584179365000002,
        0.0061980473650000015,
        0.006704871365000003,
        0.007293507365000003,
        0.006450652365000003,
        0.006442096365000001,
        0.0063966623650000025,
        0.006510556365000002,
        0.006101228365000002,
        0.006302820365000002,
        0.0062871143650000015,
        0.006332142365000002,
        0.006242545365000002,
        0.0063230013650000015,
        0.006254076365000002,
        0.0064720703650000015,
        0.006462450365000001,
        0.006172390365000001,
        0.006249931365000002,
        0.006108276365000003,
        0.006368763365000003,
        0.006459662365000001,
        0.006541570365000002,
        0.006297302365000003,
        0.006249993365000002,
        0.006554690365000002,
        0.006386075365000001,
        0.006663809365000001,
        0.006238486365000001,
        0.006178491365000003,
        0.006236988365000002,
        0.006245564365000002,
        0.006186461365000002,
        0.0060763923650000015,
        0.006297241365000002,
        0.006639921365000002,
        0.006599093365000002,
        0.0067706313650000025,
        0.006751195365000001,
        0.008848200365000003,
        0.010660180365,
        0.010244621365000001,
        0.009747028365000004,
        0.009469030365000002,
        0.009010243365000004,
        0.008540718365000002,
        0.008095992365000002,
        0.007959175365000001,
        0.006810472365000001,
        0.007372762365000001,
        0.006465380365000001,
        0.006448267365000002,
        0.006249228365000002,
        0.0070637793650000025,
        0.006269577365000002,
        0.006341265365000002,
        0.006094317365000002,
        0.006616685365000002,
        0.006282761365000003,
        0.0061565193650000025,
        0.006435542365000002,
        0.006386267365000003,
        0.006338905365000002,
        0.006416353365000001,
        0.006245294365000002,
        0.006138510365000001,
        0.006523057365000002,
        0.0063052143650000015,
        0.006363770365000003,
        0.006323530365000002,
        0.006265192365000003,
        0.005986091365000002,
        0.006010147365000002,
        0.006573351365000001,
        0.006290958365000003,
        0.006464240365000003,
        0.006169040365000002
      ]
    },
    {
      "command": "jq 'del(.id)' benchmark/data.json",
      "mean": 0.028244522335,
      "stddev": 0.0008868734594224078,
      "median": 0.027945553865000004,
      "user": 0.023695335000000005,
      "system": 0.0011090899999999999,
      "min": 0.027074325365000002,
      "max": 0.03149855236500001,
      "times": [
        0.028067847365000006,
        0.027677101365,
        0.027821307365000002,
        0.029494876365000002,
        0.027554765365,
        0.028226018365000004,
        0.027857679365000002,
        0.027485572365000002,
        0.029866335365,
        0.027481477365000003,
        0.027950124365000006,
        0.03133459936500001,
        0.028391817365000006,
        0.028796900365,
        0.028174167365000006,
        0.028012736365000002,
        0.028901568365,
        0.027568878365000004,
        0.027767771365000003,
        0.027893062365000002,
        0.028179474365000002,
        0.028028746365,
        0.027913881365,
        0.027796821365000005,
        0.028489933365,
        0.027268839365000002,
        0.028708204365,
        0.027617851365,
        0.028613200365000004,
        0.028175605365000005,
        0.027544991365000004,
        0.027680858365,
        0.027506448365000002,
        0.027358397365000002,
        0.028233562365000003,
        0.027631858365,
        0.027804683365000003,
        0.028685869365,
        0.027812295365,
        0.028841443365,
        0.027589601365,
        0.027609182365000002,
        0.027895124365,
        0.030314437365000006,
        0.028497195365000002,
        0.030205217365000005,
        0.028886473365000002,
        0.027509508365,
        0.027304858365000004,
        0.027893631365,
        0.028400295365000005,
        0.028839302365000003,
        0.028206355365,
        0.029341311365,
        0.028072407365,
        0.027751518365000002,
        0.028159969365000006,
        0.027817864365000004,
        0.028941675365000006,
        0.027678040365000003,
        0.030334801365,
        0.029325973365000004,
        0.028194595365000002,
        0.027601331365000002,
        0.027618545365000004,
        0.027995015365000004,
        0.027575071365000002,
        0.027414978365000002,
        0.028137661365,
        0.027833822365,
        0.027907905365000003,
        0.028578257365,
        0.028304004365,
        0.028028540365000004,
        0.028428327365000002,
        0.027856702365000003,
        0.027607015365,
        0.027899977365000005,
        0.027903994365,
        0.028584137365,
        0.027307332365000003,
        0.027737432365000002,
        0.03149855236500001,
        0.027851288365,
        0.027519645365,
        0.027684386365,
        0.027074325365000002,
        0.031240905365000005,
        0.028757459365000005,
        0.029157310365000005,
        0.028516855365,
        0.027965859365,
        0.028319538365000004,
        0.027748024365000002,
        0.027409491365000004,
        0.028206168365000003,
        0.030665791365000004,
        0.027866795365000006,
        0.027940983365,
        0.027721890365
      ]
    },
    {
      "command": "yq --yaml-output 'del(.id)' benchmark/data.yaml",
      "mean": 0.12836193153500003,
      "stddev": 0.0038927529233090856,
      "median": 0.12748460986500004,
      "user": 0.101330435,
      "system": 0.022744370000000003,
      "min": 0.123973774365,
      "max": 0.15199932136500002,