{
  "results": [
    {
      "command": "dasel delete -f benchmark/data.json -o - 'id'",
      "mean": 0.006348440414999997,
      "stddev": 0.0002093891178592053,
      "median": 0.006330427735,
      "user": 0.003431160000000001,
      "system": 0.0018457749999999998,
      "min": 0.005882512735,
      "max": 0.007171190735,
      "times": [
        0.006497445735,
        0.006513671735,
        0.006205624734999999,
        0.0062516237350000005,
        0.006362137735,
        0.006211292734999999,
        0.006198141735,
        0.005990987734999999,
        0.007171190735,
        0.006633846735,
        0.006587702735,
        0.006231395735,
        0.006045435734999999,
        0.006363735735,
        0.006427089735,
        0.006370633735,
        0.006401978735,
        0.006113581734999999,
        0.006170465734999999,
        0.007131231734999999,
        0.006259095735,
        0.006038897734999999,
        0.0065688867350000004,
        0.006285342735,
        0.006350066734999999,
        0.006058939735,
        0.006262538734999999,
        0.0061392957350000004,
        0.006600488734999999,
        0.006501291735,
        0.0067443377350000005,
        0.006475816735,
        0.006044661734999999,
        0.006422942735,
        0.006159490734999999,
        0.006355202735,
        0.0065573997349999994,
        0.006336603734999999,
        0.006238093734999999,
        0.006179056735,
        0.006571568734999999,
        0.006283619735,
        0.005882512735,
        0.0065069487349999995,
        0.006699833735,
        0.006603555735,
        0.006531531734999999,
        0.0061965917350000005,
        0.006425142734999999,
        0.006529053734999999,
        0.006252613735,
        0.006303015735,
        0.006186412735,
        0.006160295734999999,
        0.006293977735,
        0.006108941734999999,
        0.006321963734999999,
        0.006298550734999999,
        0.006644794735,
        0.006360355734999999,
        0.006297434735,
        0.006232539735,
        0.006040278735000001,
        0.006317224734999999,
        0.006579346734999999,
        0.006309728735,
        0.006451410735,
        0.006081193735,
        0.0063840347349999995,
        0.006228502735,
        0.0064698817349999995,
        0.006473042734999999,
        0.006183519734999999,
        0.006219484735,
        0.0063898497350000005,
        0.006625431735,
        0.006135170735,
        0.0063049617350000005,
        0.006350974735,
        0.006498848734999999,
        0.006444803735,
        0.006227984735,
        0.006259704735000001,
        0.006257323735,
        0.0067307857350000005,
        0.006434189734999999,
        0.006358157734999999,
        0.006392588735,
        0.006163145734999999,
        0.006173147735,
        0.0063242517350000005,
        0.006183879734999999,
        0.006101523735,
        0.006367727734999999,
        0.006370254735,
        0.006519559735,
        0.006410457735000001,
        0.006218810734999999,
        0.006340093734999999,
        0.006373840735
      ]
    },
    {
      "command": "jq 'del(.id)' benchmark/data.json",
      "mean": 0.028227288045000014,
      "stddev": 0.0010134638749121816,
      "median": 0.027863986735,
      "user": 0.02373762999999999,
      "system": 0.0010305449999999992,
      "min": 0.027101495735,
      "max": 0.031395970735,
      "times": [
        0.028233883735,
        0.027971916734999998,
        0.031346999735,
        0.027732208735,
        0.028532306735,
        0.029187899735,
        0.028250498734999997,
        0.027364926735,
        0.027692662734999998,
        0.027512096735,
        0.030491131735000003,
        0.027745873735000003,
        0.027174527735,
        0.027723538734999997,
        0.027531984735,
        0.027660368735000003,
        0.030737305734999998,
        0.027287325735,
        0.028034504735,
        0.027985528735,
        0.027888920735000003,
        0.027802070735000003,
        0.027347437735,
        0.028963334735,
        0.029746157735,
        0.027854930735,
        0.027810910735,
        0.027807590735,
        0.027787837735,
        0.027849924735000003,
        0.027873042735,
        0.027992181735000003,
        0.027874063735000003,
        0.027412679735,
        0.028784965735,
        0.028821014734999997,
        0.027924904735,
        0.029005363734999998,
        0.029051150735000003,
        0.028216557735,
        0.027366700735,
        0.030910646735,
        0.027564633735,
        0.027174499735,
        0.027657558734999997,
        0.029139326735,
        0.027805517735,
        0.027628028735,
        0.027816428735000003,
        0.027477285735,
        0.027553655735,
        0.028221665735,
        0.028723509735,
        0.027634043735,
        0.027765617734999998,
        0.027637338735000003,
        0.027629191735,
        0.027848582735000002,
        0.027101495735,
        0.027297159735,
        0.031148943735000004,
        0.028214961735000002,
        0.028111439735,
        0.027475464735,
        0.028200882735000002,
        0.027726310735000002,
        0.027649751735,
        0.031395970735,
        0.028015407734999997,
        0.027952822735,
        0.031379023735,
        0.027907389735000003,
        0.028042188735,
        0.028252306735000003,
        0.028103467735,
        0.028229661735,
        0.031053974735000003,
        0.027675076734999998,
        0.027572119735,
        0.027814318735000003,
        0.028361789735000004,
        0.028374819735,
        0.027420858735,
        0.027983813735,
        0.028783649735,
        0.027983758735000003,
        0.030673104734999998,
        0.027696094735000003,
        0.027489142735,
        0.029092369734999998,
        0.027443148735,
        0.027707102735000003,
        0.028983507734999997,
        0.027777083735,
        0.027841478735,
        0.027745076735,
        0.028004015735,
        0.027498110735,
        0.027747959735,
        0.028235011735000003
      ]
    },
    {
      "command": "yq --yaml-output 'del(.id)' benchmark/data.yaml",
      "mean": 0.12704906986500006,
      "stddev": 0.0020518695986913187,
      "median": 0.126459913735,
      "user": 0.10075473000000003,
      "system": 0.022137685000000004,
      "min": 0.12436102173500002,
      "max": 0.13485788273500002,