{
  "results": [
    {
      "command": "daselv2 delete -f benchmark/data.json -o - 'id'",
      "mean": 0.006462584990000004,
      "stddev": 0.0002934537907552468,
      "median": 0.006400216880000004,
      "user": 0.0034548449999999994,
      "system": 0.00191293,
      "min": 0.006071011380000003,
      "max": 0.008181844380000004,
      "times": [
        0.006523620380000003,
        0.006801800380000004,
        0.006656418380000003,
        0.006421608380000004,
        0.006071011380000003,
        0.006396515380000004,
        0.006438390380000004,
        0.006587852380000004,
        0.006433019380000004,
        0.006387138380000004,
        0.006194296380000004,
        0.006373346380000004,
        0.006380730380000003,
        0.006551954380000004,
        0.0063849413800000036,
        0.006292079380000003,
        0.006709308380000004,
        0.006726304380000004,
        0.006560664380000003,
        0.006151727380000003,
        0.006210096380000004,
        0.006484853380000004,
        0.006225769380000003,
        0.006519048380000003,
        0.006295020380000004,
        0.006076460380000004,
        0.006386713380000004,
        0.006260286380000004,
        0.006264486380000003,
        0.006516939380000003,
        0.006223403380000004,
        0.007283798380000003,
        0.006271291380000004,
        0.008181844380000004,
        0.006308980380000004,
        0.006491413380000003,
        0.006714409380000003,
        0.006287841380000004,
        0.006159291380000003,
        0.006347553380000004,
        0.006107234380000003,
        0.006788070380000004,
        0.0063410983800000036,
        0.006269166380000003,
        0.006452880380000003,
        0.006384252380000004,
        0.006734236380000003,
        0.0067479653800000036,
        0.006189380380000003,
        0.006183437380000004,
        0.006469931380000004,
        0.006469876380000003,
        0.006227551380000003,
        0.006518452380000003,
        0.006227649380000004,
        0.0064737283800000035,
        0.007018632380000004,
        0.006941159380000004,
        0.006595595380000003,
        0.006522178380000004,
        0.007185969380000004,
        0.006412871380000004,
        0.0065832913800000035,
        0.006759526380000004,
        0.0062513163800000035,
        0.007108463380000004,
        0.006668878380000003,
        0.006537349380000003,
        0.006417351380000004,
        0.006152635380000004,
        0.006510916380000004,
        0.006944444380000003,
        0.006535870380000003,
        0.006310626380000003,
        0.006079835380000004,
        0.006350962380000004,
        0.006375414380000003,
        0.006381707380000004,
        0.006377108380000003,
        0.006253683380000003,
        0.006254289380000003,
        0.006280740380000004,
        0.0064039183800000034,
        0.006243702380000004,
        0.0064915613800000035,
        0.006499035380000004,
        0.006279454380000004,
        0.006316164380000003,
        0.006262746380000003,
        0.006230493380000004,
        0.006297001380000004,
        0.006542056380000003,
        0.006491284380000004,
        0.0064794233800000035,
        0.006534393380000003,
        0.006631998380000004,
        0.006696304380000004,
        0.006312349380000004,
        0.006228607380000004,
        0.006370048380000003
      ]
    },
    {
      "command": "dasel delete -f benchmark/data.json -o - '.id'",
      "mean": 0.008384274170000004,
      "stddev": 0.00032488191902144457,
      "median": 0.008326066880000003,
      "user": 0.004562625,
      "system": 0.0025348400000000004,
      "min": 0.007896483380000003,
      "max": 0.010092166380000003,
      "times": [
        0.008632449380000004,
        0.008126327380000003,
        0.008210599380000004,
        0.008103489380000004,
        0.008318152380000004,
        0.007896483380000003,
        0.008136694380000004,
        0.008516831380000004,
        0.008556746380000004,
        0.008144872380000003,
        0.008105856380000004,
        0.008532452380000003,
        0.008292100380000004,
        0.008302018380000003,
        0.008385852380000003,
        0.008261829380000004,
        0.008350843380000004,
        0.008127957380000004,
        0.008294285380000004,
        0.008577841380000003,
        0.008092074380000003,
        0.008164201380000003,
        0.008097422380000004,
        0.008057035380000004,
        0.008912470380000004,
        0.008766830380000003,
        0.008160295380000003,
        0.008217624380000003,
        0.009021105380000003,
        0.008296080380000003,
        0.008343097380000004,
        0.008136188380000003,
        0.008308167380000004,
        0.008168921380000003,
        0.008066609380000004,
        0.008142299380000004,
        0.008620015380000004,
        0.008641791380000003,
        0.008221956380000004,
        0.008093134380000004,
        0.008232084380000004,
        0.010092166380000003,
        0.008137383380000003,
        0.008484122380000004,
        0.008460836380000003,
        0.008317360380000003,
        0.008097974380000003,
        0.008052076380000004,
        0.008353207380000003,
        0.008392616380000004,
        0.008914519380000003,
        0.008136258380000004,
        0.008416963380000003,
        0.008509991380000003,
        0.008481845380000004,
        0.008208618380000003,
        0.008239198380000003,
        0.008104179380000003,
        0.008020998380000003,
        0.008081001380000003,
        0.008333981380000004,
        0.008540593380000003,
        0.008454602380000004,
        0.008514009380000003,
        0.008254774380000003,
        0.008359444380000004,
        0.008192411380000004,
        0.008629116380000003,
        0.008238469380000004,
        0.008626174380000004,
        0.008460451380000004,
        0.008168089380000004,
        0.008117273380000003,
        0.008868779380000004,
        0.008765519380000003,
        0.008447181380000003,
        0.008033323380000004,
        0.008643269380000004,
        0.008348699380000003,
        0.009242104380000003,
        0.008188816380000003,
        0.008533904380000004,
        0.008347605380000003,
        0.008421365380000004,
        0.008570044380000004,
        0.008259236380000003,
        0.008428365380000004,
        0.009599609380000004,
        0.008068953380000004,
        0.008167179380000004,
        0.008338064380000003,
        0.008477878380000003,
        0.008103978380000003,
        0.008309656380000004,
        0.008436991380000003,
        0.008420416380000004,
        0.008563287380000003,
        0.008451805380000003,
        0.008952137380000004,
        0.008415449380000004
      ]
    },
    {
      "command": "jq 'del(.id)' benchmark/data.json",
      "mean": 0.028321697830000003,
      "stddev": 0.0008928528791512938,
      "median": 0.028021402380000004,
      "user": 0.023717495000000005,
      "system": 0.0011359500000000002,
      "min": 0.027389924380000007,
      "max": 0.031961913380000005,