{
  "results": [
    {
      "command": "daselv2 delete -f benchmark/data.json -o - 'id'",
      "mean": 0.006854936540000002,
      "stddev": 0.0013510682478249496,
      "median": 0.006332257640000003,
      "user": 0.00363193,
      "system": 0.0020425149999999995,
      "min": 0.0059876866400000025,
      "max": 0.012564240640000005,
      "times": [
        0.007426628640000003,
        0.006940201640000002,
        0.008678819640000002,
        0.008769046640000003,
        0.008160092640000002,
        0.0070083986400000025,
        0.007479474640000002,
        0.008492579640000001,
        0.007023950640000003,
        0.006126727640000002,
        0.006275630640000003,
        0.0063638836400000025,
        0.006305798640000003,
        0.006369886640000002,
        0.006186002640000003,
        0.006115663640000002,
        0.0064332486400000026,
        0.007090388640000003,
        0.006673017640000002,
        0.006879984640000002,
        0.010697095640000001,
        0.011872491640000003,
        0.012564240640000005,
        0.011968426640000005,
        0.010981675640000004,
        0.009973195640000002,
        0.009225857640000001,
        0.009192762640000001,
        0.008421343640000002,
        0.008101529640000004,
        0.006701949640000002,
        0.006014939640000002,
        0.0059876866400000025,
        0.006338472640000003,
        0.006135356640000002,
        0.006107619640000002,
        0.006001850640000003,
        0.006205642640000003,
        0.006366796640000003,
        0.006315119640000003,
        0.006800403640000002,
        0.006575707640000002,
        0.006326042640000002,
        0.006781745640000002,
        0.007367766640000003,
        0.006304839640000003,
        0.006376226640000002,
        0.006195483640000002,
        0.006522063640000002,
        0.006190541640000003,
        0.0061984436400000014,
        0.0060606986400000016,
        0.006342320640000002,
        0.006298266640000002,
        0.006473678640000002,
        0.0062784386400000025,
        0.006082121640000003,
        0.0061369796400000025,
        0.006234786640000003,
        0.006201081640000002,
        0.006115625640000003,
        0.006137848640000003,
        0.006040587640000002,
        0.006345189640000003,
        0.006255075640000002,
        0.006252340640000002,
        0.006278466640000002,
        0.006231384640000003,
        0.006395616640000002,
        0.006181797640000003,
        0.006480805640000003,
        0.006153469640000002,
        0.006249578640000002,
        0.006400411640000002,
        0.006400892640000002,
        0.006610865640000002,
        0.006106132640000002,
        0.006241889640000002,
        0.0061412576400000024,
        0.006271813640000003,
        0.006395282640000002,
        0.0060381626400000015,
        0.006057290640000002,
        0.006194068640000002,
        0.0065073696400000025,
        0.006401697640000003,
        0.006098222640000002,
        0.006221361640000002,
        0.006787161640000002,
        0.006260490640000002,
        0.006289327640000003,
        0.006141963640000002,
        0.005998226640000002,
        0.006491851640000002,
        0.006746326640000002,
        0.007011012640000002,
        0.0064559976400000016,
        0.006168464640000002,
        0.006161715640000002,
        0.006055490640000002
      ]
    },
    {
      "command": "dasel delete -f benchmark/data.json -o - '.id'",
      "mean": 0.00820951328,
      "stddev": 0.0006438290716115832,
      "median": 0.008015097640000001,
      "user": 0.004599589999999999,
      "system": 0.0024690249999999984,
      "min": 0.007696617640000003,
      "max": 0.011522523640000004,
      "times": [
        0.007810596640000003,
        0.008088722640000004,
        0.008040067640000002,
        0.00791108264,
        0.007845823640000003,
        0.009060150640000004,
        0.008395042640000003,
        0.008333024640000002,
        0.009297230640000001,
        0.010314439640000003,
        0.008554143640000001,
        0.007777497640000003,
        0.007941078640000002,
        0.008145467640000001,
        0.008550624640000004,
        0.008303712640000002,
        0.007822349640000004,
        0.008127762640000001,
        0.00809387664,
        0.007929885640000002,
        0.007894101640000002,
        0.007964194640000002,
        0.008192614640000002,
        0.008017507640000001,
        0.007870026640000003,
        0.007883000640000002,
        0.00804815164,
        0.008160888640000002,
        0.008445750640000003,
        0.009862151640000004,
        0.011522523640000004,
        0.010162970640000001,
        0.009772885640000003,
        0.009876147640000003,
        0.008090232640000004,
        0.008044380640000001,
        0.007790498640000002,
        0.007886034640000001,
        0.00802075764,
        0.008381626640000004,
        0.007893793640000004,
        0.007703152640000003,
        0.008043366640000004,
        0.008143446640000003,
        0.008085229640000004,
        0.007836874640000002,
        0.008149355640000001,
        0.007985525640000001,
        0.007837900640000003,
        0.007863229640000004,
        0.007851591640000002,
        0.008099646640000003,
        0.008271572640000002,
        0.007796879640000003,
        0.007736484640000002,
        0.0077619396400000025,
        0.008102976640000002,
        0.007853865640000002,
        0.007866415640000003,
        0.008026298640000002,
        0.007952237640000002,
        0.007710691640000002,
        0.007833144640000001,
        0.007958117640000002,
        0.008112733640000001,
        0.007816949640000001,
        0.007859560640000002,
        0.007880548640000002,
        0.007900742640000003,
        0.008051878640000003,
        0.008030463640000002,
        0.008897022640000002,
        0.008268878640000001,
        0.008061371640000002,
        0.008024669640000003,
        0.007748727640000002,
        0.008264705640000002,
        0.007915372640000001,
        0.007818905640000002,
        0.007821319640000001,
        0.007939560640000003,
        0.008421083640000004,
        0.008598394640000003,
        0.007696617640000003,
        0.007929324640000002,
        0.007961094640000003,
        0.008012687640000002,
        0.007821808640000004,
        0.007949953640000004,
        0.008270965640000003,
        0.008380747640000002,
        0.008255153640000002,
        0.009692164640000004,
        0.009608602640000002,
        0.007949203640000003,
        0.007849276640000003,
        0.007976600640000001,
        0.007879472640000003,
        0.007903137640000002,
        0.007788859640000002
      ]
    },
    {
      "command": "jq 'del(.id)' benchmark/data.json",
      "mean": 0.028064326940000005,
      "stddev": 0.0008214691323186119,
      "median": 0.027865002640000008,
      "user": 0.023617939999999997,
      "system": 0.0010371449999999986,
      "min": 0.027092920640000004,
      "max": 0.03169648864,