{
  "results": [
    {
      "command": "dasel -f benchmark/data.json -m '.-'",
      "mean": 0.009929129654999997,
      "stddev": 0.0003912176715851085,
      "median": 0.009848885625000001,
      "user": 0.006281825000000002,
      "system": 0.002604700000000001,
      "min": 0.009291941125,
      "max": 0.011217757125,
      "times": [
        0.010019511125,
        0.009783908125,
        0.010123264125,
        0.009856012125,
        0.009634567125,
        0.009528555125000001,
        0.009515873125000001,
        0.009706012125,
        0.009788591125000001,
        0.010416689125,
        0.009963688125,
        0.010348645125,
        0.009669884125,
        0.009565198125,
        0.010976275125,
        0.010329722125000001,
        0.010190432125000001,
        0.010074272125,
        0.010182085125,
        0.009784166125,
        0.010320915125,
        0.010232561125000001,
        0.009556858125,
        0.009522112125000001,
        0.009515047125,
        0.009760680125,
        0.010099418125,
        0.010373006125,
        0.009923828125,
        0.009615170125000001,
        0.009511387125,
        0.009620307125,
        0.009720052125,
        0.010235368125,
        0.010152243125,
        0.009561585125,
        0.009632330125,
        0.009611132125,
        0.009721742125,
        0.009869971125,
        0.009816646125,
        0.009328680125,
        0.009944808125000001,
        0.009841759125,
        0.009623002125,
        0.010490720125,
        0.010908270125000001,
        0.009785312125,
        0.010291666125,
        0.010304764125000001,
        0.010133196125,
        0.009511645125,
        0.009425404125,
        0.010293326125,
        0.010005813125,
        0.010202734125,
        0.009905135125,
        0.009924722125,
        0.010507799125,
        0.010028941125,
        0.009747717125000001,
        0.009682966125000001,
        0.009769215125000001,
        0.010122091125,
        0.010004033125,
        0.010424003125000001,
        0.010537270125,
        0.010051454125,
        0.010476739125,
        0.010658101125,
        0.009806320125,
        0.009384091125,
        0.009542244125,
        0.009730865125,
        0.010014997125000001,
        0.010032526125,
        0.009776758125,
        0.010327335125,
        0.009591072125,
        0.009638542125,
        0.009963843125,
        0.009775580125,
        0.009394223125,
        0.009601800125,
        0.009734067125,
        0.010011078125,
        0.010064111125,
        0.009561589125,
        0.009294421125,
        0.009291941125,
        0.009537846125,
        0.009876457125,
        0.011217757125,
        0.011033829125,
        0.009588357125,
        0.009754841125,
        0.009533045125,
        0.010333319125,
        0.010109643125,
        0.009629464125
      ]
    },
    {
      "command": "jq 'keys[]' benchmark/data.json",
      "mean": 0.025821991645000014,
      "stddev": 0.0008202866905117363,
      "median": 0.025599233125000002,
      "user": 0.023510234999999994,
      "system": 0.0006878700000000001,
      "min": 0.024775930125,
      "max": 0.029030420125000005,
      "times": [
        0.026317118125,
        0.026623684125,
        0.029030420125000005,
        0.025525680125000002,
        0.026601713125000002,
        0.026341418125000002,
        0.025768520125000003,
        0.026006505125000003,
        0.025361456125,
        0.025644026125,
        0.025285204125000002,
        0.025378431125,
        0.025433041125,
        0.025044211125,
        0.025815633125,
        0.025351632125000002,
        0.025803977125000002,
        0.025719604125,
        0.025652173125,
        0.025369406125,
        0.025503484125,
        0.028006363125000003,
        0.026683115125,
        0.026502856125,
        0.026486773125,
        0.025277502125,
        0.025635904125,
        0.025942987125,
        0.025074192125000002,
        0.025600404125,
        0.024803537125,
        0.025259918125000003,
        0.024987016125,
        0.024777161125000002,
        0.025599647125,
        0.025648722125000002,
        0.025204011125000002,
        0.025554813125000003,
        0.025880176125,
        0.028571945125000005,
        0.025482642125,
        0.025648661125,
        0.025598819125000002,
        0.025865071125,
        0.026184530125,
        0.026286944125000003,
        0.025181670125,
        0.025465144125000002,
        0.025107701125,
        0.025510216125000002,
        0.025489852125,
        0.025309789125000003,
        0.025477755125,
        0.025532710125,
        0.025106077125,
        0.025077540125000002,
        0.028692496125,
        0.027021511125,
        0.025839675125000003,
        0.025206913125,
        0.025005181125,
        0.026148768125000003,
        0.026030630125000002,
        0.025630092125,
        0.026348564125,
        0.025841554125000003,
        0.026522401125,
        0.025137008125000002,
        0.025191944125,
        0.025259334125,
        0.025930247125,
        0.024981761125,
        0.025211683125000002,
        0.026508810125,
        0.027700455125000002,
        0.026830337125000003,
        0.026388889125000002,
        0.024775930125,
        0.025604754125,
        0.025578903125,
        0.025244105125000003,
        0.025872352125,
        0.025190636125000002,
        0.025323981125000002,
        0.025187672125,
        0.026837075125000002,
        0.025089900125,
        0.025603836125,
        0.025178512125,
        0.025256254125000002,
        0.025433927125000002,
        0.026131615125,
        0.027825832125,
        0.026617801125,
        0.025416049125000003,
        0.025490751125000002,
        0.025300227125,
        0.025588878125000002,
        0.026506134125,
        0.026316276125000003
      ]
    },
    {
      "command": "yq --yaml-output 'keys[]' benchmark/data.yaml",
      "mean": 0.11379519095499999,
      "stddev": 0.0033800001592953215,
      "median": 0.11333908412500002,
      "user": 0.09295839500000001,
      "system": 0.02001437,
      "min": 0.10770561912500001,
      "max": 0.13269202712500003,