{
  "results": [
    {
      "command": "dasel -f benchmark/data.json -m '.-'",
      "mean": 0.011671616195000005,
      "stddev": 0.0007086352910481861,
      "median": 0.011487457735000001,
      "user": 0.007210029999999998,
      "system": 0.0032019499999999985,
      "min": 0.010887374235000002,
      "max": 0.016226931235,
      "times": [
        0.011958423235000001,
        0.011626940235000001,
        0.011144277235000001,
        0.010887374235000002,
        0.011747407235000002,
        0.011475120235000002,
        0.011911280235000002,
        0.011440992235000001,
        0.011457108235000001,
        0.011129116235000002,
        0.011321633235000001,
        0.011438642235000001,
        0.011018517235,
        0.011668785235000001,
        0.011314883235000002,
        0.011668513235,
        0.012143841235000001,
        0.011798278235000001,
        0.011314413235000001,
        0.011640198235000001,
        0.011709062235000001,
        0.011174677235000001,
        0.012125051235000002,
        0.011672674235000001,
        0.011450942235,
        0.011461187235000002,
        0.012293534235000002,
        0.011442816235000002,
        0.011622446235000002,
        0.011401832235000001,
        0.013005548235000003,
        0.012695195235,
        0.012834495235000002,
        0.011511059235000001,
        0.011318827235000002,
        0.011761550235000001,
        0.012869403235000002,
        0.011449607235000001,
        0.012990912235,
        0.011500540235000002,
        0.011702196235000002,
        0.011323038235000001,
        0.011384573235,
        0.011338434235000002,
        0.011865986235,
        0.011359100235,
        0.016226931235,
        0.014465463235000002,
        0.012010036235000002,
        0.011113014235000001,
        0.011618157235,
        0.011586122235000001,
        0.011703325235000001,
        0.011328365235000002,
        0.011274579235000002,
        0.011694968235000002,
        0.011446249235,
        0.011746954235,
        0.010993476235,
        0.012059867235000002,
        0.011497967235000002,
        0.011135262235000002,
        0.011927142235000002,
        0.010979595235000002,
        0.011301815235000002,
        0.011318735235000002,
        0.012420669235,
        0.011400187235000001,
        0.011055676235,
        0.010928396235000002,
        0.011279140235000002,
        0.012167973235,
        0.011127553235000002,
        0.011473014235000002,
        0.011511712235,
        0.011799697235000002,
        0.011270121235000001,
        0.011591278235000002,
        0.011178456235000002,
        0.011080418235000002,
        0.011758630235000001,
        0.011263627235000002,
        0.011195073235000002,
        0.011150900235000002,
        0.011495352235,
        0.013062078235000002,
        0.011409430235000002,
        0.011353525235000002,
        0.011176602235000001,
        0.012305807235,
        0.011590473235,
        0.012000910235000002,
        0.011324308235000002,
        0.011479563235000002,
        0.011611945235,
        0.011640621235,
        0.011414139235,
        0.011405620235000002,
        0.011745809235000002,
        0.011694448235000002
      ]
    },
    {
      "command": "jq 'keys[]' benchmark/data.json",
      "mean": 0.026786150495000008,
      "stddev": 0.0011828154355879804,
      "median": 0.026434295235000002,
      "user": 0.024268780000000004,
      "system": 0.0008156899999999989,
      "min": 0.025412903235,
      "max": 0.032774640235000006,
      "times": [
        0.026258646235000002,
        0.026730455235000002,
        0.027329984235,
        0.027777597235,
        0.027844961235,
        0.025928507235000002,
        0.026450498235,
        0.025758030235,
        0.026280933235,
        0.026408901235,
        0.026386753235,
        0.027023196235,
        0.026001484235,
        0.026012323235,
        0.026294869235,
        0.026926298235,
        0.025889821235,
        0.026157277235,
        0.026149602235,
        0.026660338235,
        0.028186052234999998,
        0.025563960235,
        0.026569374235000002,
        0.025875486235,
        0.026183464235000002,
        0.027833545235,
        0.026972493235000002,
        0.026123948235,
        0.026118807235,
        0.026046842235,
        0.026397276235,
        0.026547519235,
        0.026036896235,
        0.026433229235,
        0.029407972235,
        0.027877884235,
        0.032774640235000006,
        0.026809842235,
        0.026259603235,
        0.026409493235,
        0.025786832235,
        0.026078036235,
        0.029950513235,
        0.026727199235000002,
        0.026637460235,
        0.026503437235,
        0.026258288235,
        0.025798140235,
        0.026417531235,
        0.026801134235,
        0.026505878235000002,
        0.026929250235,
        0.026419123235,
        0.026504761235,
        0.025793770235,
        0.026202539235,
        0.025822768235,
        0.025974875235,
        0.026460290235,
        0.026439259235000002,
        0.026266465235,
        0.025954065235,
        0.028494800235000003,
        0.030658764235,
        0.027879571235,
        0.025715555235,
        0.026381658235,
        0.026210473235,
        0.025872342235,
        0.026295040235,
        0.025929252235000002,
        0.026849573235,
        0.026167477235,
        0.026337433235,
        0.026435361235,
        0.027948010235,
        0.030169406234999998,
        0.028787634235,
        0.026947615235,
        0.026867955235,
        0.026939991235000002,
        0.026340792235,
        0.026873956235,
        0.027013697235000002,
        0.029901279234999998,
        0.028939981235,
        0.026964103235000002,
        0.025987587235,
        0.026505077235,
        0.025981064235,
        0.026234945235,
        0.026884295235,
        0.025412903235,
        0.027030121235,
        0.026518581235,
        0.026512062235,
        0.026479980235000002,
        0.025894889235,
        0.026014638235000002,
        0.027306755235
      ]
    },
    {
      "command": "yq --yaml-output 'keys[]' benchmark/data.yaml",
      "mean": 0.133585891435,
      "stddev": 0.004915764870609685,
      "median": 0.13289139923499999,
      "user": 0.10791373999999995,
      "system": 0.024511160000000004,
      "min": 0.12463002223500001,
      "max": 0.155776143235,