{
  "results": [
    {
      "command": "daselv2 -f benchmark/data.json 'all().key()'",
      "mean": 0.006916179274999998,
      "stddev": 0.0006193937150216368,
      "median": 0.006707359055,
      "user": 0.0035290149999999986,
      "system": 0.002071019999999998,
      "min": 0.006135326555000001,
      "max": 0.009510669555,
      "times": [
        0.006777861555,
        0.006697593555000001,
        0.006240642555,
        0.006709720555,
        0.007522834555,
        0.006634385555,
        0.006274717555,
        0.006445972555,
        0.006767459555000001,
        0.0066784295550000004,
        0.007476504555000001,
        0.006218145555,
        0.006334721555000001,
        0.0063547845549999996,
        0.006555436555,
        0.007014230555000001,
        0.006704076555000001,
        0.007941655555,
        0.008245332555,
        0.006687454555,
        0.006436512555000001,
        0.006201605555,
        0.007323550555000001,
        0.006889695555,
        0.006637156555000001,
        0.0074422515549999995,
        0.008187405555,
        0.007500634555,
        0.006687778555000001,
        0.006684782555000001,
        0.006631061555,
        0.009316713555,
        0.007499948555,
        0.006654833555,
        0.006346287555,
        0.006135326555000001,
        0.006612895555,
        0.006607564555000001,
        0.006704997555,
        0.007706348555000001,
        0.008005556555,
        0.007669693555000001,
        0.007293588555000001,
        0.0072032735550000004,
        0.007444240555,
        0.009510669555,
        0.007510318555000001,
        0.007119134555,
        0.006890516555,
        0.006685393555,
        0.007172222555,
        0.007432089555,
        0.006479442555000001,
        0.006273133555000001,
        0.006268378555000001,
        0.006642240555,
        0.006676673555,
        0.006558766555,
        0.007142562555000001,
        0.008520241555,
        0.006952779555,
        0.0064766505549999995,
        0.006545003555,
        0.006875756555000001,
        0.0070850545549999994,
        0.007131480555,
        0.006542471555,
        0.006373715555000001,
        0.006335565555,
        0.006914246555,
        0.006437730555,
        0.006610706555,
        0.006454805555,
        0.007378227555,
        0.006477824555000001,
        0.006380321555,
        0.006303352555000001,
        0.006748748555,
        0.006567311555,
        0.006883209555,
        0.007766090555000001,
        0.006303429555,
        0.0063324575550000005,
        0.0064228395550000004,
        0.006699994555,
        0.006731808555,
        0.0071257415550000005,
        0.006967902555000001,
        0.007314350555,
        0.006210646555000001,
        0.006541175555000001,
        0.006336973555,
        0.007127728555000001,
        0.0070858765550000005,
        0.006710800555,
        0.0077502515550000005,
        0.006955747555000001,
        0.006980780555,
        0.006838689555000001,
        0.006952230555000001
      ]
    },
    {
      "command": "dasel -f benchmark/data.json -m '.-'",
      "mean": 0.008354448685,
      "stddev": 0.0005476514480446179,
      "median": 0.008167534555000001,
      "user": 0.004611685000000001,
      "system": 0.0025754799999999993,
      "min": 0.007608609555,
      "max": 0.010180038555,
      "times": [
        0.007904650555,
        0.008081592555000001,
        0.008746040555000001,
        0.009054777555,
        0.008039676555,
        0.007740583555,
        0.007801236555,
        0.008082517555,
        0.008505815555,
        0.009430685555,
        0.007740206555,
        0.007874330555,
        0.007986744555,
        0.008057470555,
        0.007875378555,
        0.008110437555,
        0.009050731555,
        0.008022660555,
        0.007663413555,
        0.007779847555,
        0.008188048555,
        0.009042392555,
        0.008083613555,
        0.007702504555,
        0.008161965555000001,
        0.008240196555,
        0.008731810555,
        0.009119834555000001,
        0.008799784555,
        0.008764512555000001,
        0.008197109555,
        0.007998460555,
        0.008370816555,
        0.009479260555,
        0.008167284555000001,
        0.007942710555000001,
        0.007923520555,
        0.008431633555,
        0.008942581555,
        0.009486549555000001,
        0.009814841555,
        0.008141585555,
        0.008051950555,
        0.007986812555,
        0.008145524555,
        0.008459324555,
        0.009185744555,
        0.007751482555,
        0.007975890555,
        0.008267125555000001,
        0.008181279555,
        0.008595422555000001,
        0.008804700555000001,
        0.008327533555,
        0.008231399555000001,
        0.007938699555,
        0.008665807555,
        0.008220600555,
        0.007950167555,
        0.007924894555,
        0.007715938555000001,
        0.007826022555000001,
        0.008264654555,
        0.008161969555,
        0.008717604555000001,
        0.009592065555000001,
        0.008019772555,
        0.008214201555,
        0.008076412555,
        0.009182912555,
        0.007985031555000001,
        0.007870954555,
        0.007749302555,
        0.008156121555,
        0.008352348555,
        0.009051494555000001,
        0.0077800995549999995,
        0.007664383555000001,
        0.008167784555,
        0.008315842555000001,
        0.008527855555,
        0.009337486555,
        0.008534337555,
        0.008102536555,
        0.007608609555,
        0.007781085555000001,
        0.008480225555,
        0.008964238555,
        0.008938130555,
        0.007826654555,
        0.007907748555,
        0.008322320555,
        0.008772572555,
        0.008917163555,
        0.009489585555,
        0.008123293555000001,
        0.008146317555000001,
        0.007998805555,
        0.010180038555,
        0.008676766555
      ]
    },
    {
      "command": "jq 'keys[]' benchmark/data.json",
      "mean": 0.02810562623500001,
      "stddev": 0.0008621589767883446,
      "median": 0.027890062055,
      "user": 0.023554334999999996,
      "system": 0.0010945199999999988,
      "min": 0.027003874555,
      "max": 0.031753325555,