{
  "results": [
    {
      "command": "dasel -f benchmark/data.json 'all().key()'",
      "mean": 0.006398524495000001,
      "stddev": 0.0003139593643405226,
      "median": 0.006342407685000001,
      "user": 0.003425544999999998,
      "system": 0.001900599999999999,
      "min": 0.005989909685000001,
      "max": 0.008103086685000002,
      "times": [
        0.006346089685000002,
        0.006573881685000001,
        0.006172937685000001,
        0.006179606685000002,
        0.006230324685000002,
        0.006084729685000002,
        0.006337623685000002,
        0.006415334685000001,
        0.006839068685000001,
        0.0062090116850000016,
        0.006215445685000001,
        0.006313871685000002,
        0.006308312685000001,
        0.006060465685000002,
        0.006158472685000001,
        0.0060935546850000005,
        0.006589158685000001,
        0.007544593685000002,
        0.006340037685000001,
        0.006556785685000002,
        0.006846601685000002,
        0.006854749685000001,
        0.006786002685000002,
        0.006537989685000002,
        0.0061768176850000005,
        0.006090982685000001,
        0.006348520685000001,
        0.006310917685000002,
        0.0063430936850000005,
        0.006343263685000001,
        0.006258293685000001,
        0.006620108685000001,
        0.006364971685000002,
        0.0063464816850000005,
        0.006066445685000001,
        0.006041292685000001,
        0.0060718306850000014,
        0.006589096685000002,
        0.006338245685000002,
        0.006167426685000001,
        0.006213972685000001,
        0.006477385685000002,
        0.006423561685000001,
        0.006341721685000001,
        0.006180323685000001,
        0.006271827685000002,
        0.0062396276850000005,
        0.006353127685000001,
        0.0064821006850000005,
        0.006841886685000001,
        0.006231957685000001,
        0.006439830685000002,
        0.006265402685000001,
        0.006473157685000001,
        0.0061141066850000005,
        0.006088167685000001,
        0.006822912685000002,
        0.0064919646850000005,
        0.006633732685000001,
        0.006389861685000001,
        0.0062539146850000005,
        0.006355968685000001,
        0.006425538685000001,
        0.008103086685000002,
        0.006251341685000002,
        0.006364665685000001,
        0.006334750685000001,
        0.006420370685000001,
        0.007521201685000001,
        0.006523293685000001,
        0.006221489685000001,
        0.006413821685000001,
        0.006357295685000002,
        0.006602957685000001,
        0.006387198685000001,
        0.006080687685000001,
        0.006285200685000001,
        0.006524818685000001,
        0.006823254685000002,
        0.006388436685000002,
        0.006310721685000001,
        0.006384658685000001,
        0.006206794685000001,
        0.006326755685000001,
        0.006158452685000001,
        0.0062080216850000005,
        0.006253979685000001,
        0.006788479685000001,
        0.006226231685000002,
        0.006351700685000001,
        0.005989909685000001,
        0.006508781685000001,
        0.006775697685000002,
        0.006198484685000002,
        0.006248651685000002,
        0.006070677685000001,
        0.006181636685000002,
        0.006336612685000001,
        0.006387365685000002,
        0.006450467685000001
      ]
    },
    {
      "command": "jq 'keys[]' benchmark/data.json",
      "mean": 0.028061387384999983,
      "stddev": 0.0009285319776983308,
      "median": 0.027777751685,
      "user": 0.02350914500000001,
      "system": 0.001116079999999999,
      "min": 0.026954003685000002,
      "max": 0.032681684685000004,
      "times": [
        0.029136741685,
        0.027605227685,
        0.026954003685000002,
        0.027409779685,
        0.027431058685000002,
        0.028344718685000003,
        0.027950990685,
        0.027155819685000002,
        0.027668732685000003,
        0.027326046685,
        0.027342491685,
        0.027926543685000003,
        0.027735123684999998,
        0.030024382685,
        0.028172834685,
        0.029365339685000002,
        0.028789037685,
        0.028361576685000004,
        0.027545246685,
        0.027731980685,
        0.027885876685,
        0.027615569685,
        0.027411749685,
        0.027458004685000002,
        0.028543453685,
        0.028629730685000004,
        0.028090478685,
        0.028558166685,
        0.028570785685,
        0.027528438685,
        0.027757452685,
        0.027653430685,
        0.027807330685000003,
        0.028081961685,
        0.027876430685,
        0.029689384685000004,
        0.027831314685,
        0.028059500685,
        0.027589484685000002,
        0.027087622685,
        0.027825425685,
        0.027735045684999998,
        0.028975322685000002,
        0.027633394685,
        0.027696794685,
        0.027213613685000002,
        0.028178024685,
        0.027396246685,
        0.028501273685,
        0.030815634685,
        0.027845505685000004,
        0.027979173685,
        0.027304928685,
        0.028034279685,
        0.028567055685,
        0.027671889685,
        0.027629465685,
        0.027634435685,
        0.027406823685,
        0.027193813685000002,
        0.027078840685,
        0.027680968685,
        0.027450794685000002,
        0.027761484685,
        0.028999416684999998,
        0.027965499685000002,
        0.028373757685000004,
        0.029047524685000003,
        0.031237357684999998,
        0.028042982685,
        0.027147262685,
        0.027756715685,
        0.027959142685000004,
        0.027615798685,
        0.027648765685,
        0.027907772685000002,
        0.027420613685,
        0.029249152684999998,
        0.027314835685,
        0.032681684685000004,
        0.027794018685,
        0.027426108685000002,
        0.029393973685,
        0.027849871685000003,
        0.027518780685,
        0.027402166685,
        0.027535175685,
        0.027809234685,
        0.027717508685,
        0.030874125685,
        0.027729714685,
        0.027933005685,
        0.028232480685000002,
        0.027221852685000002,
        0.027479200685,
        0.027459917685,
        0.027341176685,
        0.028373688685,
        0.029095509685000003,
        0.028668858685000003
      ]
    },
    {
      "command": "yq --yaml-output 'keys[]' benchmark/data.yaml",
      "mean": 0.12642380782499996,
      "stddev": 0.0019508268617445086,
      "median": 0.126030547185,
      "user": 0.100051195,
      "system": 0.021901610000000005,
      "min": 0.12357863368500001,
      "max": 0.132880999685,