{
  "results": [
    {
      "command": "dasel -f benchmark/data.json 'all().key()'",
      "mean": 0.007726414849999999,
      "stddev": 0.0010625038929562242,
      "median": 0.007351230650000001,
      "user": 0.003817405000000001,
      "system": 0.002351605000000001,
      "min": 0.0064559086500000015,
      "max": 0.010891016650000002,
      "times": [
        0.009582068650000001,
        0.009228667650000001,
        0.009478892650000001,
        0.010476506650000002,
        0.010044720650000002,
        0.010242567650000001,
        0.010891016650000002,
        0.009820445650000002,
        0.00961865465,
        0.009542598650000001,
        0.008907178650000002,
        0.008760641650000001,
        0.006825157650000002,
        0.008173556650000002,
        0.007726295650000001,
        0.006623426650000002,
        0.006733757650000002,
        0.006970887650000002,
        0.006830507650000001,
        0.006981219650000002,
        0.006950253650000002,
        0.00782819665,
        0.006830462650000001,
        0.007320463650000001,
        0.006999704650000001,
        0.006800465650000002,
        0.006744263650000002,
        0.0065855096500000015,
        0.006704649650000002,
        0.006598907650000001,
        0.007079036650000002,
        0.006723452650000001,
        0.0069633676500000016,
        0.007544584650000002,
        0.006614322650000001,
        0.007254372650000002,
        0.007110645650000002,
        0.007155756650000001,
        0.006987545650000001,
        0.006822224650000002,
        0.006783297650000001,
        0.006581497650000002,
        0.006623164650000001,
        0.006651906650000001,
        0.008001186650000002,
        0.007243377650000002,
        0.008961296650000002,
        0.008777969650000002,
        0.007527765650000002,
        0.007381997650000001,
        0.006592313650000001,
        0.007132766650000002,
        0.0070189896500000015,
        0.007950430650000001,
        0.006797704650000002,
        0.006680793650000001,
        0.006785229650000002,
        0.006896245650000002,
        0.006824293650000002,
        0.006701075650000001,
        0.0065613026500000015,
        0.006878393650000002,
        0.0068430936500000015,
        0.006827316650000002,
        0.006610604650000001,
        0.007199589650000001,
        0.006787327650000001,
        0.007787172650000002,
        0.006860259650000002,
        0.0064559086500000015,
        0.006580824650000001,
        0.006624447650000002,
        0.006760963650000002,
        0.007450489650000001,
        0.008373139650000002,
        0.00839585865,
        0.008278940650000002,
        0.008613144650000001,
        0.008197589650000002,
        0.008343991650000002,
        0.008547465650000002,
        0.008263523650000002,
        0.008412422650000001,
        0.008249044650000002,
        0.008241900650000002,
        0.008865941650000002,
        0.008178306650000002,
        0.008314393650000002,
        0.008677252650000002,
        0.008319819650000001,
        0.00826670265,
        0.008758433650000001,
        0.008731171650000001,
        0.008433379650000001,
        0.008214879650000001,
        0.008634549650000002,
        0.008984275650000002,
        0.008480283650000002,
        0.008500169650000002,
        0.008146947650000002
      ]
    },
    {
      "command": "jq 'keys[]' benchmark/data.json",
      "mean": 0.02894138891000001,
      "stddev": 0.0029115179332335713,
      "median": 0.028092981649999998,
      "user": 0.023973074999999996,
      "system": 0.001237295,
      "min": 0.02726330565,
      "max": 0.05141559065000001,
      "times": [
        0.03028553065,
        0.030399527650000004,
        0.03057109865,
        0.030648475650000003,
        0.031046136650000004,
        0.03062716465,
        0.030888836650000005,
        0.03221662065000001,
        0.032203983650000004,
        0.030600979650000002,
        0.02813877465,
        0.027293087650000002,
        0.02735269065,
        0.027972383649999998,
        0.02756642565,
        0.027964281650000002,
        0.02767884865,
        0.02734273365,
        0.028088222649999998,
        0.02754193665,
        0.02759947665,
        0.02733464365,
        0.027693900650000002,
        0.02777143465,
        0.028084958650000002,
        0.028666664650000003,
        0.028271970650000002,
        0.027914525650000004,
        0.02778647565,
        0.02770676965,
        0.027759889649999998,
        0.02792088865,
        0.028789148650000002,
        0.027840980650000003,
        0.027875042650000004,
        0.028014943650000002,
        0.027793561650000003,
        0.02817873165,
        0.02906988265,
        0.03078090165,
        0.02826499065,
        0.027882030650000004,
        0.029049852650000003,
        0.028148023650000003,
        0.028914736649999998,
        0.02789776565,
        0.028538726650000002,
        0.02824365865,
        0.02806004465,
        0.02789986265,
        0.02785050365,
        0.02761300165,
        0.030141751650000003,
        0.028047473649999998,
        0.028589571650000003,
        0.02883518465,
        0.03011491465,
        0.02781736165,
        0.02760469565,
        0.028041504650000004,
        0.02811694565,
        0.02735751165,
        0.02777951665,
        0.028645666650000002,
        0.028447285650000004,
        0.02860800865,
        0.028964349650000002,
        0.028062941650000003,
        0.02753678565,
        0.027778677650000003,
        0.02864182165,
        0.029269940650000003,
        0.02920439865,
        0.05141559065000001,
        0.041644291650000005,
        0.03460079365,
        0.028306363650000003,
        0.028705383650000003,
        0.028453915649999998,
        0.027788052650000002,
        0.028201322650000003,
        0.02882201565,
        0.02903955965,
        0.02974218265,
        0.030062532649999998,
        0.029445666650000004,
        0.028097740649999998,
        0.027723699650000003,
        0.027885431650000004,
        0.02769510365,
        0.02770453665,
        0.02847177165,
        0.02726330565,
        0.02771160865,
        0.02776717465,
        0.02754576565,
        0.03156395465,
        0.028034295650000002,
        0.02771417365,
        0.02748061865
      ]
    },
    {
      "command": "yq --yaml-output 'keys[]' benchmark/data.yaml",
      "mean": 0.12961803006000003,
      "stddev": 0.008650861439735662,
      "median": 0.12612838765,
      "user": 0.10229613500000007,
      "system": 0.022824705000000004,
      "min": 0.12343609165000001,
      "max": 0.18579252465,