{
  "results": [
    {
      "command": "daselv2 -f benchmark/data.json 'all().key()'",
      "mean": 0.006386365404999999,
      "stddev": 0.00026077175804909504,
      "median": 0.006328408524999999,
      "user": 0.0034238599999999986,
      "system": 0.0018489000000000003,
      "min": 0.005956364024999998,
      "max": 0.0073663480249999995,
      "times": [
        0.006823103024999998,
        0.0064611990249999985,
        0.006203120024999999,
        0.006298995024999999,
        0.006136317024999998,
        0.006265511024999999,
        0.006325998024999999,
        0.006201800024999998,
        0.006473850024999999,
        0.006980715025,
        0.006871870025,
        0.006265309025,
        0.006096389024999998,
        0.0062431850249999995,
        0.006527500025,
        0.0063891230249999995,
        0.006773702024999999,
        0.0059579650249999986,
        0.006081048025,
        0.006370505025,
        0.006391586024999999,
        0.006510955024999998,
        0.006139216024999999,
        0.0064211310249999995,
        0.006359475024999999,
        0.006423912025,
        0.006470235024999999,
        0.006169161024999999,
        0.0062588430249999995,
        0.006670626024999998,
        0.006243085024999998,
        0.006269853024999998,
        0.006219110024999999,
        0.006872447025,
        0.006281264024999999,
        0.006568001024999998,
        0.006368560024999998,
        0.006228630024999998,
        0.006340461025,
        0.006514619024999999,
        0.006886594024999999,
        0.006789752024999999,
        0.006273581025,
        0.006353929024999999,
        0.006761846025,
        0.006524992025,
        0.007333751024999999,
        0.006076344024999999,
        0.006295292024999999,
        0.006118911024999999,
        0.006885342024999999,
        0.006238494024999998,
        0.006240202025,
        0.006256806025,
        0.006330654024999999,
        0.0065517670249999995,
        0.006398470024999999,
        0.006333304024999999,
        0.006369339024999999,
        0.006324547024999999,
        0.006440147025,
        0.006227710024999999,
        0.005956364024999998,
        0.006653155024999999,
        0.006551595025,
        0.0061279170249999996,
        0.006482197025,
        0.006370144024999999,
        0.006060583024999999,
        0.006080086025,
        0.0067538890249999985,
        0.006691448024999999,
        0.006195852024999999,
        0.0063250080249999995,
        0.006491252024999999,
        0.006618424024999999,
        0.0062754600249999995,
        0.006097442024999999,
        0.006568754024999999,
        0.006400322024999999,
        0.006261797024999999,
        0.006326163024999999,
        0.0061050400249999985,
        0.006077227024999999,
        0.0073663480249999995,
        0.006468680024999999,
        0.006322582025,
        0.006370484024999999,
        0.006258679024999999,
        0.006159159024999999,
        0.0062668470249999985,
        0.006446402025,
        0.006340532024999999,
        0.0061810080249999995,
        0.006237171024999999,
        0.006541650024999999,
        0.006257626024999998,
        0.006026297024999999,
        0.0062337810249999985,
        0.006209025024999999
      ]
    },
    {
      "command": "dasel -f benchmark/data.json -m '.-'",
      "mean": 0.008323275174999999,
      "stddev": 0.00028002756793531094,
      "median": 0.008276479024999998,
      "user": 0.00452566,
      "system": 0.00255623,
      "min": 0.007805135024999999,
      "max": 0.009648467025,
      "times": [
        0.008065891025,
        0.008671235024999998,
        0.008198722025,
        0.008494075024999999,
        0.008079633024999998,
        0.007861465025,
        0.008049851024999999,
        0.008756716025,
        0.008310123024999998,
        0.008153820024999998,
        0.008190754025,
        0.007980154024999998,
        0.008726181024999998,
        0.008454527024999998,
        0.008488313025,
        0.008157967025,
        0.007910841025,
        0.008276221024999999,
        0.008496079024999999,
        0.008384316024999998,
        0.008385384024999998,
        0.008041796024999999,
        0.008243508024999999,
        0.008078672025,
        0.008629602024999999,
        0.008481034025,
        0.008670758025,
        0.008558393025,
        0.008284490025,
        0.007908443025,
        0.008073299024999998,
        0.008405523025,
        0.008455882025,
        0.009648467025,
        0.008517730025,
        0.008529154025,
        0.008240335025,
        0.008569850024999999,
        0.008523820025,
        0.008712843025,
        0.008886034025,
        0.008155769024999999,
        0.008021048024999998,
        0.008613059024999998,
        0.008367404025,
        0.008262533024999998,
        0.008008223025,
        0.008115337024999999,
        0.008722667024999999,
        0.008367751024999998,
        0.007981787025,
        0.008272636024999998,
        0.008273013024999998,
        0.008211535024999998,
        0.007860345025,
        0.008329975024999998,
        0.008507433025,
        0.008627451025,
        0.008120705024999997,
        0.008023008025,
        0.008352531024999998,
        0.009055623025,
        0.008261318024999999,
        0.008040982025,
        0.008222700024999998,
        0.008530625024999999,
        0.008230760024999999,
        0.008276737024999998,
        0.008292712025,
        0.008402920025,
        0.008108297024999999,
        0.007805135024999999,
        0.008118455024999999,
        0.008473499024999998,
        0.008274075024999997,
        0.008128111024999999,
        0.008212798024999999,
        0.008205228025,
        0.008277310024999998,
        0.008403641024999998,
        0.008219625025,
        0.008486386025,
        0.008839279025,
        0.008407514025,
        0.008318761025,
        0.008447044025,
        0.008214079024999998,
        0.008495601025,
        0.008050656024999998,
        0.008150989025,
        0.008097720024999998,
        0.008593043025,
        0.008128884024999998,
        0.008025272024999999,
        0.008130464024999999,
        0.008202559025,
        0.008048412025,
        0.008377535025,
        0.008719098025,
        0.008307557024999999
      ]
    },
    {
      "command": "jq 'keys[]' benchmark/data.json",
      "mean": 0.028143955954999984,
      "stddev": 0.0009735027878388671,
      "median": 0.027865165025000003,
      "user": 0.023619860000000003,
      "system": 0.0010893000000000005,
      "min": 0.027056787025,
      "max": 0.032070168025,