{
  "results": [
    {
      "command": "dasel -f benchmark/data.json -m '.-'",
      "mean": 0.010082376540000002,
      "stddev": 0.0019353134143992453,
      "median": 0.009876621420000002,
      "user": 0.006313895000000003,
      "system": 0.0025632750000000003,
      "min": 0.009154141420000003,
      "max": 0.028682666420000003,
      "times": [
        0.009372983420000003,
        0.009434083420000003,
        0.009716448420000003,
        0.010041910420000003,
        0.009915881420000003,
        0.009237800420000003,
        0.009154141420000003,
        0.009985394420000003,
        0.009915874420000003,
        0.010219461420000003,
        0.009563420420000003,
        0.009880626420000004,
        0.010245225420000004,
        0.028682666420000003,
        0.011585492420000003,
        0.010273398420000003,
        0.010511419420000003,
        0.010943738420000003,
        0.010711771420000004,
        0.010401290420000002,
        0.009717236420000002,
        0.009287102420000002,
        0.009767429420000003,
        0.010063925420000003,
        0.010001975420000003,
        0.009689445420000003,
        0.009311473420000002,
        0.009178063420000002,
        0.009471804420000002,
        0.009947310420000003,
        0.009960362420000002,
        0.010082254420000002,
        0.009781928420000002,
        0.009309283420000003,
        0.010339467420000003,
        0.010167026420000003,
        0.010025716420000002,
        0.009429997420000003,
        0.009431733420000003,
        0.009160442420000003,
        0.009444794420000003,
        0.010860779420000003,
        0.010461172420000003,
        0.010154786420000003,
        0.009587424420000002,
        0.009464096420000003,
        0.010123324420000003,
        0.010026628420000003,
        0.009716921420000003,
        0.009630604420000003,
        0.009285782420000003,
        0.009492656420000002,
        0.009558913420000002,
        0.009592362420000004,
        0.010104868420000003,
        0.009296885420000003,
        0.009291762420000002,
        0.009684725420000003,
        0.009681809420000003,
        0.010021979420000002,
        0.010553873420000004,
        0.010135428420000004,
        0.009850938420000004,
        0.010860525420000003,
        0.010389460420000003,
        0.010766027420000003,
        0.009282274420000004,
        0.009606675420000002,
        0.009489560420000003,
        0.009780178420000002,
        0.010435496420000002,
        0.010261914420000002,
        0.009640258420000002,
        0.009432087420000002,
        0.010329453420000002,
        0.010208311420000003,
        0.010403643420000002,
        0.010415786420000003,
        0.009903348420000003,
        0.009541841420000002,
        0.009675156420000003,
        0.010285563420000003,
        0.009987464420000003,
        0.009574324420000002,
        0.009374403420000003,
        0.009157104420000003,
        0.010245117420000003,
        0.010200809420000003,
        0.010178533420000004,
        0.009739765420000003,
        0.010327471420000003,
        0.010284309420000004,
        0.009831068420000004,
        0.010298582420000002,
        0.009821639420000004,
        0.009436165420000003,
        0.009325527420000004,
        0.009780599420000003,
        0.010155064420000004,
        0.009872616420000003
      ]
    },
    {
      "command": "jq 'keys[]' benchmark/data.json",
      "mean": 0.02574350722000001,
      "stddev": 0.0006666256778571048,
      "median": 0.025648106920000004,
      "user": 0.02353416499999999,
      "system": 0.0006281149999999994,
      "min": 0.02452448042,
      "max": 0.027835764420000002,
      "times": [
        0.025810877420000003,
        0.02632583742,
        0.025181723420000003,
        0.025162642420000002,
        0.02528255642,
        0.026023089420000003,
        0.02507462942,
        0.025617451420000003,
        0.025112067420000002,
        0.025601031420000003,
        0.024864854420000002,
        0.02622682842,
        0.026982534420000003,
        0.02559502542,
        0.02476450742,
        0.02571220742,
        0.02566101042,
        0.02632976742,
        0.026255700420000003,
        0.02610060742,
        0.025105673420000002,
        0.02544732442,
        0.02452448042,
        0.02470065842,
        0.026129628420000002,
        0.024689803420000003,
        0.025094209420000003,
        0.02514924542,
        0.026019278420000003,
        0.025925101420000003,
        0.02732520642,
        0.025633719420000003,
        0.025968151420000002,
        0.025652366420000003,
        0.026545218420000002,
        0.027835764420000002,
        0.024719220420000004,
        0.026101252420000002,
        0.02573722142,
        0.02454521842,
        0.02524857742,
        0.02564384742,
        0.025349641420000003,
        0.02476986142,
        0.025406335420000002,
        0.025676096420000002,
        0.02595257142,
        0.027740425420000003,
        0.026329451420000004,
        0.02588007242,
        0.02585530842,
        0.025231094420000003,
        0.025464558420000002,
        0.02576002242,
        0.02531857842,
        0.026495168420000003,
        0.02620356642,
        0.025800061420000003,
        0.025512047420000003,
        0.02464799242,
        0.024971437420000003,
        0.02560735742,
        0.025367370420000004,
        0.02701754442,
        0.026377721420000003,
        0.02670924242,
        0.02612383542,
        0.025497983420000002,
        0.026788152420000003,
        0.02549301442,
        0.02604187142,
        0.025642994420000002,
        0.02538896342,
        0.026413861420000004,
        0.025299025420000003,
        0.026024208420000004,
        0.024749932420000002,
        0.025460141420000002,
        0.025883046420000003,
        0.025754231420000002,
        0.026645835420000003,
        0.02579550242,
        0.027408382420000002,
        0.025939890420000004,
        0.02606567342,
        0.026025725420000003,
        0.02559813442,
        0.025447608420000004,
        0.02522069042,
        0.026783774420000003,
        0.025149842420000002,
        0.025162557420000002,
        0.025385345420000004,
        0.025629407420000003,
        0.025998030420000002,
        0.025568541420000004,
        0.026244148420000002,
        0.02587060542,
        0.02550859842,
        0.025471522420000003
      ]
    },
    {
      "command": "yq --yaml-output 'keys[]' benchmark/data.yaml",
      "mean": 0.12156883627,
      "stddev": 0.036691963723914325,
      "median": 0.11350440742000001,
      "user": 0.09411061500000004,
      "system": 0.020195464999999996,
      "min": 0.10818765042,
      "max": 0.39962654342000004,