{
  "results": [
    {
      "command": "daselv2 -f benchmark/data.json 'all().key()'",
      "mean": 0.006534372985000004,
      "stddev": 0.00026235089080059226,
      "median": 0.006531531865000001,
      "user": 0.003434075,
      "system": 0.0019132349999999984,
      "min": 0.006065901865000001,
      "max": 0.007360774865000001,
      "times": [
        0.006480479865000001,
        0.006598061865000001,
        0.007360774865000001,
        0.007099618865000001,
        0.006696295865,
        0.0065686498650000015,
        0.006747127865000001,
        0.0066066678650000005,
        0.0065572828650000015,
        0.006542934865000001,
        0.006333722865,
        0.006362479865000001,
        0.006360920865000001,
        0.0063184648650000015,
        0.0065926248650000005,
        0.006616055865000001,
        0.006527091865000001,
        0.006196582865000001,
        0.006239312865000001,
        0.006302856865000001,
        0.006446557865000001,
        0.006622613865000002,
        0.006853473865000001,
        0.006369134865000001,
        0.006241318865000001,
        0.0062767988650000005,
        0.006292137865,
        0.006170174865000001,
        0.0062572288650000005,
        0.0067543888650000005,
        0.006638044865000001,
        0.006457839865,
        0.006364688865000001,
        0.006065901865000001,
        0.006290303865000001,
        0.006614789865000002,
        0.006493951865,
        0.006400219865000001,
        0.006154499865000001,
        0.0062383278650000006,
        0.0065215308650000015,
        0.006686978865,
        0.006395420865000001,
        0.006353634865000001,
        0.006749936865,
        0.006518395865,
        0.0067318968650000015,
        0.007037338865000001,
        0.006143224865000001,
        0.0063584618650000015,
        0.006929387865000001,
        0.006846990865000001,
        0.006320100865000001,
        0.006138400865000001,
        0.0062488988650000014,
        0.006252604865000001,
        0.006577304865000001,
        0.006623364865,
        0.006335020865000001,
        0.006391958865,
        0.0063851458650000005,
        0.006473526865000001,
        0.007236972865000002,
        0.006271319865000001,
        0.006623290865000001,
        0.0066858918650000015,
        0.006737753865000001,
        0.006374004865000001,
        0.006100080865000001,
        0.006392411865000001,
        0.006385430865000001,
        0.006892247865000001,
        0.006357618865000001,
        0.006172023865000001,
        0.006749561865000002,
        0.006740091865000001,
        0.006535971865,
        0.006629841865000001,
        0.006290789865,
        0.006632014865000001,
        0.006761977865000001,
        0.006728194865,
        0.006480073865000002,
        0.006112957865000001,
        0.006676628865000001,
        0.006362252865000001,
        0.0067266238650000015,
        0.006982191865000001,
        0.006807816865,
        0.006967969865000001,
        0.007071740865,
        0.006654395865000001,
        0.006797633865000001,
        0.0065514858650000014,
        0.006555020865,
        0.006761618865000001,
        0.006753929865000001,
        0.006282022865,
        0.006625081865,
        0.006840425865000001
      ]
    },
    {
      "command": "dasel -f benchmark/data.json -m '.-'",
      "mean": 0.008453776155000002,
      "stddev": 0.0003895795339418763,
      "median": 0.008388773865,
      "user": 0.004562275000000001,
      "system": 0.0025771949999999983,
      "min": 0.007891139865,
      "max": 0.010768981865,
      "times": [
        0.008082726865,
        0.008428818865000002,
        0.008543629865000001,
        0.009082122865,
        0.008174963865,
        0.008223354865000001,
        0.008605521865,
        0.008373844865,
        0.008501873865,
        0.008425889865000001,
        0.008621436865,
        0.008564494865000001,
        0.008575112865000001,
        0.008433004865000001,
        0.008264325865000002,
        0.008182374865000001,
        0.008088207865,
        0.008119282865,
        0.008349780865000002,
        0.008533483865,
        0.008358441865000002,
        0.008045926865,
        0.008094426865,
        0.008191160865000002,
        0.008428047865000001,
        0.008311103865,
        0.008235216865,
        0.008551317865000001,
        0.009458043865000001,
        0.008578557865000001,
        0.008748812865,
        0.008661659865,
        0.008346941865,
        0.008134157865000002,
        0.007979578865000002,
        0.008298739865000002,
        0.008315725865000002,
        0.008613120865,
        0.008146561865,
        0.008471803865,
        0.008600818865,
        0.008217005865000002,
        0.007994296865,
        0.008549918865,
        0.008568183865,
        0.008490743865,
        0.008018755865000001,
        0.008180835865000001,
        0.008200360865,
        0.008172628865000002,
        0.008298747865,
        0.008324657865000001,
        0.008204421865,
        0.009441633865000002,
        0.009163334865,
        0.010768981865,
        0.009756990865,
        0.008431855865,
        0.008127523865000002,
        0.008187862865000001,
        0.008524733865,
        0.008403702865000001,
        0.008618411865000002,
        0.008275596865,
        0.008330432865000001,
        0.008844043865000002,
        0.008218442865000002,
        0.008576526865000001,
        0.008783019865000002,
        0.008480181865,
        0.008318025865,
        0.008028896865000001,
        0.008620844865000001,
        0.008449234865,
        0.008412632865,
        0.007891139865,
        0.008122546865,
        0.008179643865,
        0.008719292865,
        0.008206796865000001,
        0.008468340865000002,
        0.008799915865,
        0.008230244865000002,
        0.008168263865,
        0.008371621865000001,
        0.008841303865,
        0.008280112865000001,
        0.008178404865,
        0.008662147865,
        0.008775408865,
        0.008664866865,
        0.008344871865,
        0.008246377865000001,
        0.008548644865000002,
        0.008432919865000001,
        0.008287472865000001,
        0.008262100865,
        0.008737662865,
        0.008666974865000001,
        0.008562644865000002
      ]
    },
    {
      "command": "jq 'keys[]' benchmark/data.json",
      "mean": 0.028173429375000003,
      "stddev": 0.0007126679250271298,
      "median": 0.028008781365000002,
      "user": 0.023618044999999997,
      "system": 0.0010958849999999985,
      "min": 0.027301875865000002,
      "max": 0.031238815865000005,