{
  "results": [
    {
      "command": "dasel -f benchmark/data.json 'all().key()'",
      "mean": 0.006480348245000001,
      "stddev": 0.00038026817592916795,
      "median": 0.0063826895250000005,
      "user": 0.003445945,
      "system": 0.0019358350000000001,
      "min": 0.006006949025,
      "max": 0.008402873025,
      "times": [
        0.006304671025,
        0.0066043880249999996,
        0.006450069025,
        0.0062837670249999995,
        0.0062677430249999996,
        0.006193074025,
        0.006355314024999999,
        0.006244300025,
        0.006264664025,
        0.006500301025,
        0.006407121025,
        0.006250122025000001,
        0.006443946024999999,
        0.006180537025,
        0.006203856024999999,
        0.006419973024999999,
        0.006594256025,
        0.006453625025,
        0.006115032025,
        0.006257204025000001,
        0.006300413025,
        0.0067166650250000005,
        0.007385971025,
        0.007349621025000001,
        0.008402873025,
        0.007687850025,
        0.0062425620250000004,
        0.006380230025000001,
        0.006091741025,
        0.006353011025000001,
        0.006377548025000001,
        0.0065929830250000005,
        0.0063499530250000005,
        0.006141389025000001,
        0.0062437120250000006,
        0.006607347025,
        0.006415547025000001,
        0.0062638310249999996,
        0.0061506540250000005,
        0.006385149025,
        0.006906342025,
        0.007303561025,
        0.006403230025,
        0.006368532025,
        0.006346493025,
        0.0063869870250000006,
        0.006447709025,
        0.0063102990250000005,
        0.006125249025,
        0.006390660025,
        0.006799644025000001,
        0.006122671025,
        0.006408490025,
        0.006243282025,
        0.006390614025,
        0.006370267024999999,
        0.0064880340250000005,
        0.006398642025,
        0.006179071025,
        0.006193413025,
        0.006333157024999999,
        0.006258822024999999,
        0.006283931025,
        0.006312808025,
        0.006587881025000001,
        0.006806901025000001,
        0.006930377025,
        0.006608152024999999,
        0.006137309025000001,
        0.006062985025,
        0.006251340025,
        0.006496558025,
        0.006435326025,
        0.0061783400249999995,
        0.006329485025,
        0.006438520025,
        0.0064401590249999995,
        0.006168612025000001,
        0.006175805025,
        0.006403078025,
        0.006510751025000001,
        0.006309413025,
        0.006479928025,
        0.006006949025,
        0.0064482400249999995,
        0.006667352025,
        0.007064463025,
        0.007066391025,
        0.006254071025,
        0.006367749024999999,
        0.006432631025,
        0.0069992950249999995,
        0.007585093025,
        0.007111713025000001,
        0.0071184960250000005,
        0.006607197025000001,
        0.006361652025000001,
        0.006335675024999999,
        0.006321809025,
        0.006530205024999999
      ]
    },
    {
      "command": "jq 'keys[]' benchmark/data.json",
      "mean": 0.028143225255,
      "stddev": 0.0008052369707938845,
      "median": 0.027940553025000005,
      "user": 0.023603375000000003,
      "system": 0.001090235,
      "min": 0.027086600025000004,
      "max": 0.031022835025,
      "times": [
        0.027940033025000005,
        0.027979819025000005,
        0.029871343025000004,
        0.028119928025000004,
        0.027511891025,
        0.027608028025000002,
        0.028853743025000003,
        0.028570923025,
        0.029320858025,
        0.028205767025,
        0.029784497025000002,
        0.028238141025000003,
        0.028240970025000006,
        0.027589390025,
        0.027611005025000003,
        0.031022835025,
        0.027851580025000003,
        0.027614371025,
        0.028283178025,
        0.027740054025000002,
        0.027796882025000004,
        0.030046776025000006,
        0.027651770025,
        0.027795184025000003,
        0.027669639025000005,
        0.027118092025,
        0.028120192025000004,
        0.027447678024999998,
        0.027717793025,
        0.028290420025000006,
        0.028065061025000004,
        0.029170873025000002,
        0.027982574025000005,
        0.027838754025000002,
        0.029552714025000003,
        0.027587722025000004,
        0.028857116025000004,
        0.027575116025,
        0.028090772025000002,
        0.028083915025000003,
        0.027362167025000002,
        0.027383706025000003,
        0.028307986025000002,
        0.027316561024999998,
        0.030900440025000003,
        0.027760044025000007,
        0.027687064025,
        0.028479934025,
        0.028699619025000005,
        0.028447562025000005,
        0.028924416025000003,
        0.027742000025000005,
        0.028046257025,
        0.030012293025000004,
        0.027539154025,
        0.027941073025000006,
        0.027086600025000004,
        0.027575839025,
        0.027566138025,
        0.027876163025000004,
        0.028240581025000003,
        0.027333759025,
        0.027931615025000002,
        0.028338706025,
        0.028353832025000004,
        0.028232127025000005,
        0.029381548025000002,
        0.027717947025000002,
        0.027580071025,
        0.027662398025,
        0.027354618025,
        0.027492072025,
        0.030972491025000007,
        0.028428751025000004,
        0.028279185025,
        0.027539471024999998,
        0.027775215025,
        0.027249418025,
        0.028548455025000002,
        0.028083361025000003,
        0.028376085025000004,
        0.028513311025,
        0.027678999025000005,
        0.027761047025000006,
        0.027970060025,
        0.027547936025000004,
        0.027471766025000004,
        0.028133548025000003,
        0.028593873025,
        0.029245212025,
        0.028265678025000004,
        0.027783713025000004,
        0.027607672025000002,
        0.028147025025,
        0.027595877025,
        0.027884196025000002,
        0.027954386025,
        0.027503361025,
        0.027322273025000003,
        0.027398471025000003
      ]
    },
    {
      "command": "yq --yaml-output 'keys[]' benchmark/data.yaml",
      "mean": 0.127236286985,
      "stddev": 0.005355820241424625,
      "median": 0.12582831252499999,
      "user": 0.10053050500000003,
      "system": 0.02212189500000001,
      "min": 0.12317993302500001,
      "max": 0.171902351025,