{
  "results": [
    {
      "command": "daselv2 -f benchmark/data.json 'user.name.first'",
      "mean": 0.006791884554999999,
      "stddev": 0.0008698071177180245,
      "median": 0.006543486375,
      "user": 0.0035383449999999987,
      "system": 0.00210709,
      "min": 0.006058188375000001,
      "max": 0.010309400375000001,
      "times": [
        0.006484207375,
        0.006567526375,
        0.006386042375000001,
        0.006491927375000001,
        0.006701747375000001,
        0.006680463375000001,
        0.006171878375,
        0.007163700375,
        0.006673052375,
        0.006662969375000001,
        0.006436688375000001,
        0.006134061375000001,
        0.006389833375000001,
        0.006479067375000001,
        0.006379766375,
        0.007194444375000001,
        0.006079625375,
        0.006301717375,
        0.006339250375000001,
        0.006218333375000001,
        0.0064696893750000005,
        0.006538470375000001,
        0.006722676375,
        0.006624783375,
        0.006540004375,
        0.006574346375,
        0.006070798375,
        0.006154709375000001,
        0.006782625375,
        0.006824728375,
        0.006670018375000001,
        0.006272466375000001,
        0.006470993375000001,
        0.006594099375000001,
        0.0069066593750000006,
        0.0067396783750000005,
        0.006564001375000001,
        0.006597762375,
        0.006581630375000001,
        0.006500411375000001,
        0.006644562375000001,
        0.006243504375,
        0.006496702375,
        0.006291795375000001,
        0.0068944883750000005,
        0.006739188375,
        0.006220983375000001,
        0.006247019375000001,
        0.006346161375000001,
        0.006855011375000001,
        0.006779577375,
        0.007604871375000001,
        0.009839736375000002,
        0.009892417375,
        0.009388092375,
        0.009534147375000001,
        0.010309400375000001,
        0.009734625375,
        0.008563994375,
        0.008273097375,
        0.008516130375,
        0.006401071375000001,
        0.006751553375,
        0.006264199375000001,
        0.006459247375000001,
        0.006657547375000001,
        0.006485050375000001,
        0.0063956903750000006,
        0.006430459375000001,
        0.006482267375,
        0.006386826375,
        0.006508266375,
        0.006429164375000001,
        0.0060855233750000005,
        0.006546968375,
        0.006715674375000001,
        0.006590220375000001,
        0.006666411375,
        0.006058188375000001,
        0.006377693375,
        0.006426255375,
        0.006699860375,
        0.006991935375000001,
        0.006525167375,
        0.007014150375,
        0.006364466375000001,
        0.006592862375000001,
        0.006291839375,
        0.006276154375000001,
        0.006688049375000001,
        0.006830119375000001,
        0.007155714375,
        0.006319414375,
        0.006191475375,
        0.006520167375,
        0.006701031375000001,
        0.006922124375,
        0.006373982375,
        0.006478815375,
        0.006580485375
      ]
    },
    {
      "command": "dasel -f benchmark/data.json '.user.name.first'",
      "mean": 0.008808153934999995,
      "stddev": 0.0007952716477161615,
      "median": 0.008528695375000001,
      "user": 0.004663525000000001,
      "system": 0.0029746800000000012,
      "min": 0.007970334375,
      "max": 0.011913535375000001,
      "times": [
        0.008371346375,
        0.008578564375,
        0.008461064375,
        0.008360292375,
        0.008344016375,
        0.008132228375,
        0.008597866375,
        0.008628117375000001,
        0.008585375375,
        0.008062798375000001,
        0.008432310375,
        0.008395553375,
        0.008444824375,
        0.008158033375,
        0.008501425375000001,
        0.008277990375,
        0.008407763375,
        0.008118899375,
        0.008740438375000001,
        0.008611467375000001,
        0.008533046375,
        0.008201818375000001,
        0.007996240375000001,
        0.008185244375000001,
        0.008576102375,
        0.008451040375000001,
        0.008209261375,
        0.008524344375000001,
        0.008421515375,
        0.008447310375000001,
        0.008070783375000001,
        0.008420247375,
        0.008327256375000001,
        0.008276377375000001,
        0.007993595375,
        0.008058301375,
        0.009326143375,
        0.008808716375000001,
        0.007970334375,
        0.008302302375,
        0.008263563375000001,
        0.008357161375,
        0.008089305375000001,
        0.008398589375000001,
        0.008866626375,
        0.008849454375000001,
        0.008573604375,
        0.008360870375000001,
        0.008630360375,
        0.008602889375,
        0.008473014375,
        0.008218918375,
        0.011913535375000001,
        0.010605805375000001,
        0.009821196375,
        0.009480267375,
        0.009600257375,
        0.009832269375000001,
        0.009562099375,
        0.009787228375,
        0.011205226375,
        0.010871355375,
        0.010869423375000001,
        0.010125998375,
        0.010228267375,
        0.009240473375,
        0.009722702375000001,
        0.010701275375000001,
        0.009648194375,
        0.009051725375,
        0.008537126375,
        0.008601064375,
        0.008613504375,
        0.008098971375000001,
        0.009692829375000002,
        0.008479820375,
        0.008639828375,
        0.008051294375,
        0.008739380375000001,
        0.008407767375,
        0.008859550375,
        0.008681246375,
        0.009015870375,
        0.008505794375,
        0.008836754375,
        0.008076302375,
        0.008659582375,
        0.010094845375000001,
        0.008836550375,
        0.008029754375,
        0.008677377375,
        0.008478377375,
        0.008458821375,
        0.008224713375000001,
        0.008344599375000001,
        0.008384738375,
        0.008382888375000001,
        0.010169266375000001,
        0.010028525375000001,
        0.008946233375000001
      ]
    },
    {
      "command": "jq '.user.name.first' benchmark/data.json",
      "mean": 0.028741379174999988,
      "stddev": 0.0007472109037716947,
      "median": 0.028664411875,
      "user": 0.024094065000000008,
      "system": 0.0011640599999999993,
      "min": 0.027614354375000004,
      "max": 0.031683011375,