{
  "results": [
    {
      "command": "dasel -f benchmark/data.json 'user.name.first'",
      "mean": 0.006461331039999999,
      "stddev": 0.00029095549447452184,
      "median": 0.006392845879999999,
      "user": 0.0034039949999999995,
      "system": 0.0018675949999999984,
      "min": 0.006089771379999999,
      "max": 0.00825745138,
      "times": [
        0.006499654379999999,
        0.006617888379999999,
        0.006446241379999999,
        0.00633844538,
        0.00633216438,
        0.00638207438,
        0.007379550379999999,
        0.00668459838,
        0.00632659038,
        0.006576926379999999,
        0.007161926379999999,
        0.0063341553799999995,
        0.00617702138,
        0.006500788379999999,
        0.00651862938,
        0.00699619938,
        0.0063916163799999995,
        0.006329060379999999,
        0.00635612338,
        0.006544884379999999,
        0.0062756153799999985,
        0.00673256138,
        0.006358845379999999,
        0.006423708379999999,
        0.00649214138,
        0.006726225379999999,
        0.00653560238,
        0.00620902238,
        0.006358910379999999,
        0.00631838838,
        0.00681121438,
        0.006394075379999999,
        0.006278261379999999,
        0.006418829379999999,
        0.00644833538,
        0.00640065238,
        0.006402348379999999,
        0.006137692379999999,
        0.00641650138,
        0.00681166938,
        0.00664538338,
        0.006255510379999999,
        0.006091779379999999,
        0.00659314938,
        0.006523653379999999,
        0.006309609379999999,
        0.006296327379999999,
        0.006216281379999999,
        0.006344182379999999,
        0.00648125538,
        0.00677875438,
        0.00640797938,
        0.006089771379999999,
        0.0062969353799999985,
        0.0063534123799999995,
        0.006220866379999999,
        0.00644573738,
        0.00632269838,
        0.00677907438,
        0.00646062538,
        0.006390441379999999,
        0.006328167379999999,
        0.006207761379999999,
        0.00661762338,
        0.006443221379999999,
        0.006868967379999999,
        0.00649023638,
        0.00618000338,
        0.006502811379999999,
        0.006281402379999999,
        0.00624936938,
        0.00630785538,
        0.006328688379999999,
        0.00631278838,
        0.006680210379999999,
        0.00684852838,
        0.006226808379999999,
        0.00615639938,
        0.006659207379999999,
        0.006368976379999999,
        0.006578155379999999,
        0.0062881833799999995,
        0.006119799379999999,
        0.00620736838,
        0.00649742438,
        0.006554656379999999,
        0.006329149379999999,
        0.00623717138,
        0.00619802438,
        0.006379512379999999,
        0.0064770663799999986,
        0.006632419379999999,
        0.006535261379999999,
        0.00631092038,
        0.00631606138,
        0.006986304379999999,
        0.00825745138,
        0.00613679738,
        0.00638301738,
        0.00650076638
      ]
    },
    {
      "command": "jq '.user.name.first' benchmark/data.json",
      "mean": 0.028197276269999995,
      "stddev": 0.0008227776061195741,
      "median": 0.02795672688,
      "user": 0.023614735000000008,
      "system": 0.0011262849999999997,
      "min": 0.027018353380000002,
      "max": 0.03107664538,
      "times": [
        0.02905201438,
        0.028372975380000002,
        0.029512938380000003,
        0.02790144138,
        0.02749935938,
        0.02838921738,
        0.027519679380000002,
        0.030841347380000005,
        0.02761097238,
        0.02832523038,
        0.02835164838,
        0.027722976380000004,
        0.027404379380000003,
        0.02802003038,
        0.02729930138,
        0.027269592380000002,
        0.027946983380000002,
        0.027813750380000005,
        0.030958265380000006,
        0.027476993380000002,
        0.029604690380000003,
        0.027357469380000003,
        0.027417391380000003,
        0.028624155380000006,
        0.028339832380000003,
        0.027322621380000002,
        0.027896057380000002,
        0.028685614380000005,
        0.02884896138,
        0.02939993838,
        0.028159078380000004,
        0.028339656380000005,
        0.027298506380000004,
        0.02770962038,
        0.02799763238,
        0.027715798380000004,
        0.02864467938,
        0.027721783380000004,
        0.028026719380000006,
        0.029325571380000002,
        0.028815878380000003,
        0.028386142380000003,
        0.027572677380000004,
        0.027610712380000003,
        0.027018353380000002,
        0.027837127380000003,
        0.030606284380000005,
        0.027943288380000004,
        0.02746356038,
        0.027874896380000003,
        0.027927576380000003,
        0.029785059380000003,
        0.028553158380000002,
        0.027471500380000003,
        0.03107664538,
        0.028376095380000004,
        0.029098308380000003,
        0.029754410380000002,
        0.027851512380000002,
        0.027372443380000003,
        0.027700178380000003,
        0.02782698038,
        0.02812640738,
        0.02796647038,
        0.02740718438,
        0.028309783380000005,
        0.02810961038,
        0.02856385438,
        0.028786074380000002,
        0.02780701138,
        0.028551153380000003,
        0.02975430738,
        0.02780871338,
        0.02788045338,
        0.027374211380000003,
        0.02888782238,
        0.027984234380000004,
        0.02761917938,
        0.028725456380000004,
        0.027336159380000002,
        0.02772943438,
        0.02830387438,
        0.028955603380000004,
        0.02817071338,
        0.028204544380000005,
        0.02805319838,
        0.02859939538,
        0.027480695380000003,
        0.02808487838,
        0.02778010638,
        0.02790917838,
        0.02797244238,
        0.027754905380000004,
        0.027496856380000004,
        0.027689433380000003,
        0.027781402380000004,
        0.027865547380000005,
        0.028010179380000003,
        0.027492779380000002,
        0.027746708380000002
      ]
    },
    {
      "command": "yq --yaml-output '.user.name.first' benchmark/data.yaml",
      "mean": 0.12664576848000006,
      "stddev": 0.003158326123872936,
      "median": 0.12597431137999998,
      "user": 0.10016548499999996,
      "system": 0.022077064999999996,
      "min": 0.12295998438,
      "max": 0.14990128438,