{
  "results": [
    {
      "command": "dasel -f benchmark/data.json '.user.name.first'",
      "mean": 0.007398912525,
      "stddev": 0.0003236325988082493,
      "median": 0.007344049674999999,
      "user": 0.003538884999999998,
      "system": 0.0021618849999999997,
      "min": 0.006796670675,
      "max": 0.008739492675,
      "times": [
        0.007780998674999999,
        0.007344922674999999,
        0.007356320675,
        0.007305867674999999,
        0.007607317674999999,
        0.007295876674999998,
        0.007316539674999999,
        0.007230792674999998,
        0.007356679675,
        0.007507259674999999,
        0.0074144216749999995,
        0.007104749674999999,
        0.007244185674999999,
        0.006796670675,
        0.0073038816749999985,
        0.008238407675,
        0.0073431766749999985,
        0.007576362675,
        0.007124983674999998,
        0.007445501674999999,
        0.007232599675,
        0.006916661675,
        0.0069895356749999984,
        0.008739492675,
        0.0072685186749999985,
        0.007275455674999999,
        0.006992764674999999,
        0.007123153674999999,
        0.0069851126749999985,
        0.007123010674999999,
        0.0073750246749999995,
        0.007117497674999999,
        0.007311997674999999,
        0.007272970674999999,
        0.006813702675,
        0.007599240674999999,
        0.007582645674999999,
        0.0074725516749999995,
        0.007423300674999999,
        0.007099358674999999,
        0.008206056674999998,
        0.007406072675,
        0.0070246416749999985,
        0.007382522674999999,
        0.007196698675,
        0.007647510674999998,
        0.007179810674999999,
        0.007115994674999999,
        0.007337019674999999,
        0.007903765674999999,
        0.007469676674999998,
        0.007192869675,
        0.007241003675,
        0.0073298796749999996,
        0.007126865675,
        0.006895219675,
        0.007382400674999999,
        0.007386076674999999,
        0.007810968674999998,
        0.008172396674999999,
        0.007721852675,
        0.0077072716749999985,
        0.007743409674999998,
        0.008139864674999999,
        0.0077030466749999985,
        0.007658470674999999,
        0.007459361675,
        0.007679764674999999,
        0.007963074675,
        0.0077719996749999985,
        0.007422037675,
        0.007830482674999998,
        0.007865110674999998,
        0.007647201675,
        0.007380731674999998,
        0.007406308674999999,
        0.007055908675,
        0.0072877736749999995,
        0.007005142674999999,
        0.0074527726749999985,
        0.007502971674999999,
        0.007069175674999999,
        0.0071823156749999985,
        0.007241321674999999,
        0.0072096056749999995,
        0.007341081675,
        0.007154359674999999,
        0.007334800674999999,
        0.007667660674999998,
        0.007271719675,
        0.007261752674999998,
        0.007350701675,
        0.0074034816749999986,
        0.007446652674999998,
        0.007331337674999999,
        0.007338106674999999,
        0.0073329566749999985,
        0.006897093674999999,
        0.007423320674999999,
        0.0074122826749999995
      ]
    },
    {
      "command": "jq '.user.name.first' benchmark/data.json",
      "mean": 0.025782854945000003,
      "stddev": 0.0008617013034964683,
      "median": 0.025541201175,
      "user": 0.023663074999999995,
      "system": 0.0006435649999999998,
      "min": 0.024710407675,
      "max": 0.029433832675000004,
      "times": [
        0.026312841675,
        0.025307089675,
        0.025491603675000002,
        0.025727522675,
        0.026136294675,
        0.027105721675,
        0.025621081675,
        0.025263295675000002,
        0.025692192675,
        0.025205233675,
        0.025095409675,
        0.025351876675,
        0.026027560675000002,
        0.028216970675,
        0.025935249675,
        0.025524336675000002,
        0.025037709675,
        0.025558065675,
        0.025963427675,
        0.025129944675,
        0.026362505675,
        0.025675467675,
        0.025079422675,
        0.026091265675,
        0.025252690675,
        0.024710407675,
        0.025134317675,
        0.025305458675,
        0.025240779675,
        0.025984502675,
        0.025495137675,
        0.026282256675,
        0.025635414675,
        0.025701357675,
        0.025337333675,
        0.025259562675,
        0.024924151675,
        0.025023802675,
        0.026557238675,
        0.025134594675,
        0.025133299675,
        0.029433832675000004,
        0.025979558675,
        0.026536653675,
        0.025583222675,
        0.025390622675000002,
        0.025577380675,
        0.025336001675,
        0.026932397675,
        0.025328953675,
        0.025077006675,
        0.025212939675,
        0.025395062675,
        0.025522867675,
        0.025627412675,
        0.025783838675,
        0.026552601675,
        0.025290747675,
        0.025216705675,
        0.025411503675,
        0.025362946675,
        0.025637263675,
        0.025227199675,
        0.025315575675,
        0.025912913675,
        0.024962060675,
        0.027680042675,
        0.025236427675,
        0.026087594675,
        0.026270669675,
        0.026519773675,
        0.025475235675,
        0.025290952675,
        0.025240745675,
        0.025306331675,
        0.025317493675,
        0.025605733675,
        0.025115545675,
        0.025232758675,
        0.025781994675,
        0.026696533675000002,
        0.026482252675,
        0.029150859674999998,
        0.029381496675000004,
        0.026336477675,
        0.025773369675,
        0.025345996675,
        0.025333540675000002,
        0.025637476675,
        0.026329927675,
        0.027020002675,
        0.025733809675,
        0.025800789675,
        0.025129157675,
        0.025240938675,
        0.025255444675,
        0.025674704675,
        0.025382572675,
        0.025897788675000002,
        0.025889383675
      ]
    },
    {
      "command": "yq --yaml-output '.user.name.first' benchmark/data.yaml",
      "mean": 0.12109445408500001,
      "stddev": 0.0035768103146740548,
      "median": 0.12021643617500001,
      "user": 0.09990102500000005,
      "system": 0.020735895,
      "min": 0.11426825267500001,
      "max": 0.13083138467500002,