{
  "results": [
    {
      "command": "dasel -f benchmark/data.json '.user.name.first'",
      "mean": 0.007176556624999997,
      "stddev": 0.0004990055077237676,
      "median": 0.0071288506649999995,
      "user": 0.00395013,
      "system": 0.00240877,
      "min": 0.0057791611649999994,
      "max": 0.009390268165,
      "times": [
        0.0058285461649999985,
        0.005791820164999999,
        0.006009212165,
        0.0057791611649999994,
        0.006807943165,
        0.006166103164999999,
        0.006800193164999999,
        0.009390268165,
        0.007255307164999999,
        0.006897225165,
        0.0069585851649999995,
        0.007321164165,
        0.008193979165,
        0.007325399165,
        0.007033851164999999,
        0.0073855381649999986,
        0.006890477164999999,
        0.007148815164999999,
        0.008431516165,
        0.007235992165,
        0.007057631165,
        0.007267497164999999,
        0.007014958165,
        0.006988623164999999,
        0.007274605165,
        0.007302356164999999,
        0.007230533164999999,
        0.007108640164999999,
        0.006912753164999999,
        0.006998378164999999,
        0.007221718165,
        0.008403398165,
        0.007424751165,
        0.007405283165,
        0.007023987164999999,
        0.006934316164999999,
        0.006931250165,
        0.007100435165,
        0.007319202165,
        0.007313100164999999,
        0.008888051164999999,
        0.006818758164999999,
        0.007147923165,
        0.006944877165,
        0.0070764421649999985,
        0.0074608371649999995,
        0.007284279164999999,
        0.008095008164999999,
        0.007669215165,
        0.007262702164999999,
        0.007446068165,
        0.007300131164999999,
        0.007612985164999999,
        0.007556198165,
        0.007194345164999999,
        0.006901800164999999,
        0.007114103165,
        0.007025111164999999,
        0.007069583164999999,
        0.007360603165,
        0.007157649165,
        0.007104862165,
        0.006870602165,
        0.006984489165,
        0.006986802165,
        0.007056548164999999,
        0.007286738164999999,
        0.007125795164999999,
        0.007108555164999999,
        0.006832846165,
        0.007098084164999999,
        0.007218177164999999,
        0.007042272165,
        0.007354852165,
        0.007488179164999999,
        0.007473624165,
        0.007083403165,
        0.007017080165,
        0.006820497165,
        0.007141014164999999,
        0.007131906165,
        0.007765049164999999,
        0.007264050164999999,
        0.007105770164999999,
        0.007082100164999999,
        0.0070013801649999995,
        0.006944071164999999,
        0.006958672164999999,
        0.007568819164999999,
        0.007284642164999999,
        0.007146155164999999,
        0.007132249165,
        0.007195070164999999,
        0.007187168164999999,
        0.007327921164999999,
        0.007062228165,
        0.007199633165,
        0.0070122891649999994,
        0.006905782164999999,
        0.007015097164999999
      ]
    },
    {
      "command": "jq '.user.name.first' benchmark/data.json",
      "mean": 0.026852419405000005,
      "stddev": 0.0014036072310783729,
      "median": 0.026593068665000004,
      "user": 0.024209269999999995,
      "system": 0.0010136299999999997,
      "min": 0.024821941165000003,
      "max": 0.032142977164999996,
      "times": [
        0.027051364165,
        0.025909316165,
        0.026488035165000003,
        0.025813642165,
        0.026725280165000004,
        0.025402790165,
        0.026105954165000004,
        0.025885706165,
        0.025680770165000002,
        0.025740177165000003,
        0.025670013165,
        0.025833677165000003,
        0.026402497165000004,
        0.025621876165,
        0.025631874165000002,
        0.026259428165,
        0.026551074165,
        0.026375725165000002,
        0.025619810165000003,
        0.025272675165,
        0.025820622165,
        0.026337043165,
        0.026224266165000003,
        0.025907438165,
        0.025877865165000003,
        0.026238899165000003,
        0.025380964165000002,
        0.026624451165000004,
        0.024821941165000003,
        0.025380543165,
        0.026611003165,
        0.025896908165000003,
        0.026082659165,
        0.026462711165000003,
        0.025919503165000003,
        0.029180270165000004,
        0.027386704165,
        0.027317745165,
        0.028126447165000002,
        0.030721246165000004,
        0.029120974165000004,
        0.026966055165000002,
        0.026674181165,
        0.026223447165000004,
        0.026149542165,
        0.027031846165,
        0.026965013165000003,
        0.027032329165000004,
        0.029681753165,
        0.027729794165000002,
        0.030322813165,
        0.032142977164999996,
        0.031034488165000002,
        0.026286246165000002,
        0.026575134165000003,
        0.026947162165000003,
        0.027006302165000003,
        0.025635376165,
        0.025614805165,
        0.026780413165000003,
        0.026359887165000002,
        0.028567349165000002,
        0.029963363165000003,
        0.026568666165,
        0.026692604165,
        0.027012750165000002,
        0.026703360165000002,
        0.026692910165000003,
        0.032138500165,
        0.029894775165,
        0.027112881165,
        0.028354486165,
        0.026655582165000004,
        0.026482559165000003,
        0.026847821165,
        0.027129380165,
        0.026958708165,
        0.026611362165000003,
        0.026037996165000004,
        0.026768176165,
        0.025614863165,
        0.025702771165000003,
        0.027184937165000003,
        0.027947699165000003,
        0.027049602165000002,
        0.027079630165000004,
        0.026140067165000003,
        0.026809155165,
        0.026748742165000002,
        0.025833506165000002,
        0.026555417165,
        0.026846429165,
        0.026470287165000002,
        0.027084908165,
        0.025803733165000002,
        0.025529618165000004,
        0.027069147165,
        0.026276953165000002,
        0.026738094165000004,
        0.026921690165
      ]
    },
    {
      "command": "yq --yaml-output '.user.name.first' benchmark/data.yaml",
      "mean": 0.12230806723500005,
      "stddev": 0.024705850172537753,
      "median": 0.112647865165,
      "user": 0.09943549999999993,
      "system": 0.021296269999999996,
      "min": 0.106152573165,
      "max": 0.261096012165,