{
  "results": [
    {
      "command": "daselv2 -f benchmark/data.json 'user.name.first'",
      "mean": 0.006487652180000001,
      "stddev": 0.00024423167525266897,
      "median": 0.006445644290000002,
      "user": 0.003428965,
      "system": 0.0019433850000000006,
      "min": 0.006095448290000001,
      "max": 0.0073182502900000015,
      "times": [
        0.006831172290000001,
        0.006747688290000001,
        0.006431944290000002,
        0.006095448290000001,
        0.0068636282900000015,
        0.006326370290000003,
        0.006240141290000003,
        0.006234264290000001,
        0.0064460912900000025,
        0.006748853290000002,
        0.006574874290000001,
        0.006445601290000002,
        0.0062569812900000014,
        0.006912480290000002,
        0.006396435290000002,
        0.006361998290000002,
        0.006593969290000001,
        0.006442816290000002,
        0.006294693290000002,
        0.006737553290000002,
        0.006523573290000003,
        0.006657498290000003,
        0.006547728290000002,
        0.006445687290000002,
        0.006576812290000003,
        0.006292208290000002,
        0.006404524290000001,
        0.006124009290000001,
        0.006472860290000002,
        0.006285672290000002,
        0.006710900290000002,
        0.006383344290000002,
        0.006260324290000003,
        0.0061664112900000016,
        0.0064424132900000024,
        0.006538858290000001,
        0.006285781290000002,
        0.0063825252900000014,
        0.006209047290000002,
        0.0069047392900000015,
        0.006824828290000001,
        0.006356151290000002,
        0.006280992290000002,
        0.0065193832900000016,
        0.0065049282900000015,
        0.006443101290000001,
        0.006304665290000002,
        0.006197614290000002,
        0.006482574290000001,
        0.006546075290000002,
        0.006921652290000002,
        0.0064951202900000015,
        0.006550217290000002,
        0.006747768290000003,
        0.007300800290000003,
        0.006683423290000002,
        0.006549836290000001,
        0.006398740290000001,
        0.006501656290000001,
        0.006212342290000002,
        0.006276076290000002,
        0.0061985592900000025,
        0.006132589290000002,
        0.006110080290000002,
        0.006380609290000002,
        0.006570782290000002,
        0.006505264290000002,
        0.006190007290000002,
        0.006595402290000002,
        0.0063085012900000025,
        0.006312516290000002,
        0.006099382290000002,
        0.006273319290000003,
        0.006622400290000002,
        0.006402412290000001,
        0.006377549290000001,
        0.006488725290000002,
        0.006336644290000002,
        0.006903563290000001,
        0.0065346702900000025,
        0.006507768290000002,
        0.006706909290000002,
        0.0065434882900000015,
        0.0068588362900000015,
        0.0073182502900000015,
        0.006871688290000002,
        0.006584755290000003,
        0.006251557290000001,
        0.006458628290000002,
        0.006792576290000001,
        0.0064006102900000025,
        0.006258148290000001,
        0.0064059592900000024,
        0.006847130290000001,
        0.006784295290000002,
        0.006404388290000002,
        0.006322567290000003,
        0.006361548290000001,
        0.006244743290000002,
        0.006802520290000003
      ]
    },
    {
      "command": "dasel -f benchmark/data.json '.user.name.first'",
      "mean": 0.008322260480000005,
      "stddev": 0.00034664275213069337,
      "median": 0.008256586790000003,
      "user": 0.0045410749999999995,
      "system": 0.0025487450000000007,
      "min": 0.007858434290000002,
      "max": 0.009907730290000001,
      "times": [
        0.008216180290000001,
        0.008447594290000002,
        0.008486039290000002,
        0.008090117290000002,
        0.008021255290000003,
        0.008191652290000002,
        0.008335455290000002,
        0.008229900290000002,
        0.008366511290000002,
        0.008381936290000003,
        0.008263803290000002,
        0.008103882290000001,
        0.008273973290000002,
        0.008775878290000002,
        0.008382195290000002,
        0.008433673290000002,
        0.008032323290000002,
        0.008254274290000002,
        0.008194083290000003,
        0.008314864290000001,
        0.008138005290000002,
        0.008066073290000001,
        0.008737797290000002,
        0.008658454290000003,
        0.008157911290000002,
        0.008668914290000001,
        0.008282954290000002,
        0.008087636290000002,
        0.008069797290000002,
        0.008026231290000001,
        0.008492900290000003,
        0.008364670290000003,
        0.008425305290000002,
        0.008051114290000001,
        0.008353079290000003,
        0.008137967290000003,
        0.007957766290000001,
        0.007858434290000002,
        0.008633432290000001,
        0.008387260290000002,
        0.008203868290000003,
        0.008083204290000002,
        0.008058489290000002,
        0.008374324290000002,
        0.008509135290000002,
        0.008003664290000002,
        0.007890454290000001,
        0.008354729290000001,
        0.008230575290000002,
        0.008513773290000002,
        0.008194116290000003,
        0.008182666290000001,
        0.007988283290000002,
        0.009339137290000002,
        0.009907730290000001,
        0.009511054290000003,
        0.008261410290000002,
        0.008424228290000002,
        0.008415410290000001,
        0.008552510290000002,
        0.008186474290000002,
        0.008291928290000002,
        0.008358543290000003,
        0.008182654290000002,
        0.008486117290000003,
        0.008310434290000002,
        0.008152130290000002,
        0.009259653290000003,
        0.008158226290000003,
        0.008030379290000002,
        0.007888863290000003,
        0.007978166290000002,
        0.008561305290000001,
        0.008652051290000002,
        0.008566420290000001,
        0.007902313290000003,
        0.008605550290000001,
        0.008329847290000003,
        0.008017567290000001,
        0.008258899290000002,
        0.008486068290000003,
        0.008411088290000002,
        0.008252188290000002,
        0.008019006290000002,
        0.009370380290000003,
        0.008481246290000003,
        0.008136593290000002,
        0.008089808290000002,
        0.008063672290000002,
        0.008190584290000002,
        0.008325156290000002,
        0.008216602290000001,
        0.008105132290000002,
        0.007952897290000002,
        0.008087382290000002,
        0.007942431290000001,
        0.008128853290000002,
        0.008295839290000002,
        0.008954371290000002,
        0.008189159290000003
      ]
    },
    {
      "command": "jq '.user.name.first' benchmark/data.json",
      "mean": 0.028171564310000008,
      "stddev": 0.0009405597556538961,
      "median": 0.027870227290000004,
      "user": 0.023672114999999997,
      "system": 0.0010968650000000003,
      "min": 0.027035319290000002,
      "max": 0.03294296129,