{
  "results": [
    {
      "command": "dasel -f benchmark/data.json '.user.name.first'",
      "mean": 0.0074361860349999994,
      "stddev": 0.0002462833529043293,
      "median": 0.007383954895000002,
      "user": 0.003546214999999999,
      "system": 0.00219177,
      "min": 0.006981243895000002,
      "max": 0.008308064895000002,
      "times": [
        0.007404457895000002,
        0.007241918895000002,
        0.007604987895000001,
        0.0075444918950000025,
        0.0074196398950000025,
        0.0072976618950000025,
        0.0071187058950000015,
        0.007069359895000001,
        0.007700348895000001,
        0.007298295895000002,
        0.007708041895000001,
        0.0074204228950000015,
        0.007314789895000002,
        0.007354779895000001,
        0.007335805895000001,
        0.008007757895000002,
        0.007575091895000001,
        0.007371217895000001,
        0.007484523895000002,
        0.007473707895000002,
        0.007198139895000001,
        0.007554083895000002,
        0.007405533895000001,
        0.007487698895000001,
        0.007364128895000001,
        0.007777491895000001,
        0.008308064895000002,
        0.008105132895000002,
        0.007648313895000002,
        0.008139329895000002,
        0.007729767895000002,
        0.007729968895000002,
        0.007406502895000001,
        0.007380623895000001,
        0.007292522895000001,
        0.007474639895000002,
        0.0074374848950000015,
        0.007437013895000001,
        0.007299944895000001,
        0.007378276895000002,
        0.0072460758950000015,
        0.007273619895000002,
        0.007513236895000002,
        0.007178072895000001,
        0.007980435895000002,
        0.007572271895000002,
        0.007298627895000002,
        0.007373437895000002,
        0.008171044895,
        0.007503704895000002,
        0.007635212895000001,
        0.007359658895000002,
        0.007565763895000002,
        0.007337318895000001,
        0.007227224895000001,
        0.007260455895000001,
        0.007117002895000001,
        0.007375052895000002,
        0.007389983895000001,
        0.007336782895000002,
        0.007220724895000002,
        0.006981243895000002,
        0.007580540895000002,
        0.007303606895000001,
        0.007370230895000002,
        0.007647782895000001,
        0.007169578895000001,
        0.007684040895000002,
        0.007350664895000002,
        0.0074714618950000025,
        0.007741446895000001,
        0.007283256895000002,
        0.007476503895000001,
        0.007299401895000001,
        0.007493381895000002,
        0.007544705895000001,
        0.007290942895000002,
        0.007459854895000002,
        0.007805996895000001,
        0.007256652895000001,
        0.007423677895000002,
        0.007197016895000001,
        0.007322846895000001,
        0.007338905895000002,
        0.007100581895000002,
        0.007294880895000002,
        0.0071471348950000015,
        0.007206141895000001,
        0.007268583895000002,
        0.007154445895000001,
        0.007231898895000001,
        0.007297913895000002,
        0.007066813895000002,
        0.0075171028950000015,
        0.0073872858950000024,
        0.0075501918950000016,
        0.007443739895000002,
        0.007115099895000002,
        0.007399687895000002,
        0.007706967895000002
      ]
    },
    {
      "command": "jq '.user.name.first' benchmark/data.json",
      "mean": 0.025892055965000004,
      "stddev": 0.0009440819959199237,
      "median": 0.025706832895000004,
      "user": 0.023671164999999997,
      "system": 0.0007397600000000007,
      "min": 0.024884143895000002,
      "max": 0.031208699895,
      "times": [
        0.026283485895000003,
        0.026180214895,
        0.025745069895000004,
        0.026326972895000002,
        0.025858868895,
        0.025722338895000002,
        0.026363500895000003,
        0.026939238895000002,
        0.025501053895,
        0.025549103895,
        0.026193546895000003,
        0.027296401895000003,
        0.025690546895000003,
        0.026204504895,
        0.025653602895000002,
        0.025726594895000003,
        0.025907425895000002,
        0.024900819895000002,
        0.026119755895000003,
        0.025444573895000003,
        0.025092110895000002,
        0.025602994895,
        0.025776992895000003,
        0.024884143895000002,
        0.025864585895000004,
        0.025539106895000004,
        0.025528869895,
        0.026047098895000002,
        0.025764749895,
        0.026902901895,
        0.025578229895000002,
        0.025524054895000002,
        0.025132770895000003,
        0.025336238895,
        0.025910166895000003,
        0.025991052895000002,
        0.025596414895000003,
        0.024905798895,
        0.026554037895,
        0.025031083895,
        0.025528381895,
        0.027219894895000003,
        0.025769676895000003,
        0.025665753895,
        0.025632970895000003,
        0.025127119895,
        0.027248229895000003,
        0.025513452895000004,
        0.025708859895000002,
        0.025921556895000003,
        0.026622008895,
        0.025013555895,
        0.026685316895000002,
        0.031208699895,
        0.030521790895,
        0.025892229895,
        0.025365408895,
        0.025548317895000002,
        0.025324553895,
        0.025248444895000003,
        0.025557889895,
        0.026099100895,
        0.025058403895,
        0.025353607895,
        0.027077341895000002,
        0.024925768895000002,
        0.025592582895,
        0.026141617895000004,
        0.025723152895,
        0.025900895895,
        0.025242886895,
        0.025879813895000003,
        0.025257849895000004,
        0.025315699895,
        0.025262764895,
        0.025090714895,
        0.025774400895,
        0.026367759895000002,
        0.026173144895000004,
        0.025595475895,
        0.025139727895000002,
        0.026507703895,
        0.026129717895,
        0.025566698895000003,
        0.025782334895,
        0.025465064895,
        0.027521911895,
        0.027797563895000002,
        0.025325958895,
        0.025084964895000002,
        0.025364013895000002,
        0.025953471895000003,
        0.025357680895,
        0.025812367895,
        0.025181565895,
        0.025137580895,
        0.025704805895000002,
        0.025836648895,
        0.025051396895,
        0.027156285895000003
      ]
    },
    {
      "command": "yq --yaml-output '.user.name.first' benchmark/data.yaml",
      "mean": 0.119432163735,
      "stddev": 0.004032891899375141,
      "median": 0.11863338739500001,
      "user": 0.09840883500000004,
      "system": 0.020652009999999995,
      "min": 0.11329036289500001,
      "max": 0.14078813489500003,