{
  "results": [
    {
      "command": "dasel -f benchmark/data.json 'user.name.first'",
      "mean": 0.006435534934999999,
      "stddev": 0.00029422040247819307,
      "median": 0.006389629555,
      "user": 0.0034281850000000016,
      "system": 0.0019199050000000002,
      "min": 0.006007630054999999,
      "max": 0.007887314054999999,
      "times": [
        0.006417837055,
        0.006490953055,
        0.006454479055,
        0.006498668055,
        0.006485277054999999,
        0.006370060055,
        0.006167695055,
        0.006397579055,
        0.006404996054999999,
        0.006361850055,
        0.006351314055,
        0.006254816054999999,
        0.006141599054999999,
        0.006285757054999999,
        0.006267012055,
        0.006384068054999999,
        0.006380944054999999,
        0.006529923054999999,
        0.006618886055,
        0.006311317055,
        0.006368402055,
        0.006034790054999999,
        0.0065389020549999986,
        0.0062959890549999994,
        0.006463553055,
        0.006259487054999999,
        0.006284438054999999,
        0.006151836055,
        0.006647806055,
        0.006536719054999999,
        0.006382174055,
        0.006054357054999999,
        0.006208410054999999,
        0.006283491055,
        0.006772812054999999,
        0.006527775054999999,
        0.006243671054999999,
        0.006517921054999999,
        0.006333952055,
        0.006362762054999999,
        0.0061351280549999995,
        0.006285200054999999,
        0.006297615054999999,
        0.006510009055,
        0.006648706055,
        0.006523078054999999,
        0.006185557054999999,
        0.006045002055,
        0.006277000054999999,
        0.006364311054999999,
        0.006701878054999999,
        0.0063599720549999995,
        0.006184807055,
        0.006638472054999999,
        0.006330556054999999,
        0.006390353054999999,
        0.006459725054999999,
        0.006268280054999999,
        0.006411221054999999,
        0.006390299055,
        0.007600591055,
        0.006878165055,
        0.006559860055,
        0.006441525054999999,
        0.006451950054999999,
        0.007508399055,
        0.006388960055,
        0.007887314054999999,
        0.006726804054999999,
        0.007364967054999999,
        0.0064516360549999995,
        0.006258084055,
        0.006602194055,
        0.006503987054999999,
        0.006422491055,
        0.006478009054999999,
        0.006250158055,
        0.006119121054999999,
        0.006737497055,
        0.006615066054999999,
        0.006452131054999999,
        0.006323338054999999,
        0.006007630054999999,
        0.006199874054999999,
        0.006454867054999999,
        0.006777986054999999,
        0.006093286054999999,
        0.006296265055,
        0.0063443010549999995,
        0.006413618054999999,
        0.006279461054999999,
        0.006321790055,
        0.006507160054999999,
        0.006382576055,
        0.006391642054999999,
        0.006422967054999999,
        0.006179974054999999,
        0.006225967055,
        0.006540505055,
        0.006439926055
      ]
    },
    {
      "command": "jq '.user.name.first' benchmark/data.json",
      "mean": 0.028353100765000017,
      "stddev": 0.0012265467171127511,
      "median": 0.027994598055,
      "user": 0.02372372499999999,
      "system": 0.0011277050000000003,
      "min": 0.027110181055,
      "max": 0.036041631055,
      "times": [
        0.027292233055,
        0.027785888055,
        0.027841638055,
        0.027999019054999998,
        0.030316141055000002,
        0.028335106055000003,
        0.027888982055000004,
        0.027534807055,
        0.027608337055,
        0.027681640055,
        0.029079606055,
        0.036041631055,
        0.028076068055,
        0.029463459055000002,
        0.027503126055,
        0.027878012054999998,
        0.027530657055,
        0.027361894055000002,
        0.027646563055,
        0.029046539055,
        0.027110181055,
        0.030514676055000002,
        0.029880910055,
        0.028319634055,
        0.027451912055,
        0.031277286055,
        0.028293855054999997,
        0.027549070055,
        0.027990177055000003,
        0.028652581055,
        0.028714010055000003,
        0.028494513055000004,
        0.027541902055,
        0.027824819054999998,
        0.027582799055,
        0.027651897055,
        0.027786980055,
        0.027910047054999998,
        0.027897039055000003,
        0.027425540055,
        0.028965115055000004,
        0.027514079055,
        0.028238045055,
        0.027965131055000002,
        0.027759711055000004,
        0.028187693054999997,
        0.027668702055,
        0.028539457055000002,
        0.028043098055,
        0.027931230055,
        0.028145228055,
        0.030682504055000004,
        0.029832196055000003,
        0.028015155054999998,
        0.030707927055,
        0.028590412055,
        0.027407659055000002,
        0.027970419055,
        0.027600935055,
        0.027956480055000003,
        0.028380953054999998,
        0.028561610055,
        0.027908792055,
        0.027694155055,
        0.027671760055,
        0.027475709055000002,
        0.028347564055000003,
        0.028420573055000002,
        0.028837424054999998,
        0.028226952055000004,
        0.027536918055,
        0.027771501055,
        0.027652719055,
        0.028042685055000002,
        0.028104185055,
        0.028230819055000002,
        0.028004292054999998,
        0.027955275055,
        0.028214546054999998,
        0.032423600055,
        0.028032152055000002,
        0.027664899055,
        0.031473920055,
        0.028556009054999998,
        0.028617101055000004,
        0.029405858054999998,
        0.028168059055,
        0.029270599055,
        0.027653260055,
        0.027901611054999997,
        0.028458923055,
        0.027780742055,
        0.027322765055,
        0.028108650055000003,
        0.028654376055,
        0.027618787055,
        0.027780143054999998,
        0.028138513055,
        0.027907588055,
        0.027831734055
      ]
    },
    {
      "command": "yq --yaml-output '.user.name.first' benchmark/data.yaml",
      "mean": 0.12632717504500002,
      "stddev": 0.0018219472779771458,
      "median": 0.125731991055,
      "user": 0.09994688499999996,
      "system": 0.021941935,
      "min": 0.12338981805500002,
      "max": 0.13118833805500002,