{
  "results": [
    {
      "command": "dasel -f benchmark/data.json 'user.name.first'",
      "mean": 0.007040169864999998,
      "stddev": 0.0007811216302844081,
      "median": 0.006756044065,
      "user": 0.0035290350000000002,
      "system": 0.002091275,
      "min": 0.006350736565,
      "max": 0.009774568564999999,
      "times": [
        0.007065705565000001,
        0.006771102565,
        0.006958092565,
        0.006817558565,
        0.006761826564999999,
        0.006462410565000001,
        0.006506031565,
        0.007741238565,
        0.007347663565,
        0.0077672395649999995,
        0.007336338565,
        0.008772819565,
        0.008391909565000001,
        0.006810252565,
        0.006692513565,
        0.006694709565000001,
        0.006726824565,
        0.006509703564999999,
        0.006350736565,
        0.006420533565,
        0.0066342435650000005,
        0.007006710565,
        0.006605852565,
        0.006641425565,
        0.006413364565,
        0.006392332565,
        0.006953465565,
        0.006568681565000001,
        0.006628630565000001,
        0.006756128565000001,
        0.006626413565,
        0.007281493565000001,
        0.007176966565000001,
        0.0072694085650000006,
        0.006491578565,
        0.0071405015649999995,
        0.006949927565000001,
        0.006852065565,
        0.006492580565,
        0.006502237565,
        0.006741238565000001,
        0.006742101564999999,
        0.007258312565,
        0.0065169025650000005,
        0.006537716565,
        0.006525826565000001,
        0.006721976565,
        0.006530938565000001,
        0.006850305565,
        0.006859423565000001,
        0.007035663565,
        0.0072426525649999995,
        0.006760931565,
        0.006570094564999999,
        0.006570323565,
        0.006604540565,
        0.006831295565,
        0.006573602565,
        0.006375549565,
        0.006536726565,
        0.007719742565000001,
        0.006502320565,
        0.006703726565000001,
        0.0065859545650000005,
        0.006745217565,
        0.0069926765650000005,
        0.007999574565,
        0.0071920975650000005,
        0.008795518565,
        0.009511142565000002,
        0.008403422564999999,
        0.007378497565,
        0.009643100565,
        0.009774568564999999,
        0.009624402564999999,
        0.008073777564999999,
        0.008665681565,
        0.009132283565,
        0.0068350275649999995,
        0.006555568565,
        0.006473770565000001,
        0.0066656945650000006,
        0.0068939055649999996,
        0.007261869565,
        0.0065019255649999995,
        0.006459551565,
        0.006814277565,
        0.006611214565,
        0.006755959565,
        0.006606134565,
        0.006614450565,
        0.006765784564999999,
        0.006656348565,
        0.006548145565000001,
        0.006445262565000001,
        0.006649839565,
        0.006909114565,
        0.007117458565000001,
        0.0073046795650000005,
        0.006451952564999999
      ]
    },
    {
      "command": "jq '.user.name.first' benchmark/data.json",
      "mean": 0.028680096725000017,
      "stddev": 0.000878289521140039,
      "median": 0.028419740565000004,
      "user": 0.02384231499999999,
      "system": 0.0012292249999999998,
      "min": 0.027234428565000003,
      "max": 0.030933348565,
      "times": [
        0.028948647565000003,
        0.028090603565,
        0.027234428565000003,
        0.028291525565,
        0.028664434565000004,
        0.028598209565,
        0.028672962565000005,
        0.028048895565,
        0.028259263565,
        0.028288927565,
        0.028596216565000002,
        0.028929670565,
        0.028215650565000003,
        0.027882412565000004,
        0.028636505565,
        0.027847072565000002,
        0.028156350565000005,
        0.027590116565000003,
        0.028488847565,
        0.028886565565000005,
        0.029021006565000004,
        0.028604498565,
        0.028363913565,
        0.028432296565000004,
        0.027843868565000002,
        0.028287725565,
        0.028230666565000003,
        0.027850343565,
        0.027889542565000005,
        0.028211752565,
        0.028241094565000003,
        0.027890178565000003,
        0.027818209565000005,
        0.028046230565,
        0.029781530565000002,
        0.029246522565000006,
        0.029051948565000003,
        0.028736717565000004,
        0.028365335565,
        0.029569330565,
        0.028275118565000004,
        0.028512662565000003,
        0.028110020565,
        0.028077195565,
        0.028111730565000003,
        0.027797836565,
        0.027625060565,
        0.027747872565,
        0.027917000565,
        0.028060221565000005,
        0.030724327565000004,
        0.027663481565000002,
        0.027382985565000004,
        0.027680731565,
        0.028052129565000004,
        0.029082579565000006,
        0.028407184565000004,
        0.028375290565,
        0.029544703565,
        0.027655345565000003,
        0.027754168565000004,
        0.027457503565000003,
        0.028078981565000004,
        0.027677097565,
        0.028516331565,
        0.029416677565000004,
        0.028479381565,
        0.028866361565000002,
        0.027828325565000003,
        0.028252522565000004,
        0.028320639565000003,
        0.028304551565000006,
        0.028943439565000003,
        0.028987757565000005,
        0.027539681565,
        0.029782066565000005,
        0.030252640565000006,
        0.029399073565,
        0.029767314565000005,
        0.029869700565,
        0.029181837565000004,
        0.029876653565000005,
        0.030211842565000004,
        0.029426956565000006,
        0.030502441565,
        0.030699911565000005,
        0.029277933565,
        0.030575311565000002,
        0.030933348565,
        0.029288436565000003,
        0.029854030565000005,
        0.030658989565,
        0.029382333565000005,
        0.030001780565,
        0.030333749565000002,
        0.028140192565000003,
        0.028149819565,
        0.029637992565000004,
        0.029015158565,
        0.028753234565000004
      ]
    },
    {
      "command": "yq --yaml-output '.user.name.first' benchmark/data.yaml",
      "mean": 0.13322411791500005,
      "stddev": 0.014819703645701407,
      "median": 0.12843713206500001,
      "user": 0.10470070500000002,
      "system": 0.023721765000000002,
      "min": 0.124897078565,
      "max": 0.22703086756500002,