{
  "results": [
    {
      "command": "dasel -f benchmark/data.json '.user.name.first'",
      "mean": 0.011479964690000002,
      "stddev": 0.00047011688253466294,
      "median": 0.011390374659999999,
      "user": 0.007202589999999998,
      "system": 0.0032157550000000003,
      "min": 0.010999192159999999,
      "max": 0.013894157159999998,
      "times": [
        0.011906963159999999,
        0.01157200516,
        0.01128325816,
        0.01115629216,
        0.01386329216,
        0.01120049616,
        0.01131253216,
        0.01134174416,
        0.01109361416,
        0.013894157159999998,
        0.01117472816,
        0.01168628616,
        0.01135845016,
        0.01136692516,
        0.011150133159999999,
        0.01137477416,
        0.01110490616,
        0.01111454716,
        0.01156665116,
        0.011393519159999999,
        0.01143123116,
        0.01147402516,
        0.01166636116,
        0.01165825316,
        0.01113156916,
        0.011391795159999999,
        0.01113642116,
        0.01166816016,
        0.01100289516,
        0.01120159616,
        0.01154290616,
        0.01148604516,
        0.01160183316,
        0.01173415216,
        0.01138277116,
        0.01139229716,
        0.01164784116,
        0.01118777916,
        0.01154070016,
        0.011262896159999999,
        0.01116397116,
        0.011550438159999999,
        0.01142398716,
        0.01137369016,
        0.01111015216,
        0.01169736216,
        0.01138250316,
        0.01150301716,
        0.01133512016,
        0.013518438159999998,
        0.01212398816,
        0.011442513159999999,
        0.01142968716,
        0.01106163116,
        0.01129021716,
        0.01116850816,
        0.01135628316,
        0.01143354816,
        0.01109315716,
        0.01165982516,
        0.01141826416,
        0.011388954159999999,
        0.01117927816,
        0.01148513316,
        0.01174559016,
        0.011355440159999999,
        0.011378688159999999,
        0.01100446616,
        0.011479445159999999,
        0.01108156316,
        0.01116480116,
        0.01140780016,
        0.011996043159999999,
        0.011767557159999999,
        0.010999192159999999,
        0.01137886116,
        0.01140949616,
        0.01150834116,
        0.01121542716,
        0.01121362016,
        0.01197220116,
        0.01152104416,
        0.011460290159999999,
        0.01126558916,
        0.011153979159999999,
        0.01124481016,
        0.01163808616,
        0.01129399316,
        0.01183263616,
        0.01134731416,
        0.01150629116,
        0.01178185616,
        0.01112046716,
        0.01129605216,
        0.01126463516,
        0.01204943816,
        0.01156886816,
        0.01152399516,
        0.011763645159999999,
        0.01123847216
      ]
    },
    {
      "command": "jq '.user.name.first' benchmark/data.json",
      "mean": 0.02652966603999999,
      "stddev": 0.0008076762010514447,
      "median": 0.02634092666,
      "user": 0.02403679999999999,
      "system": 0.000786675,
      "min": 0.02531745816,
      "max": 0.032199543159999996,
      "times": [
        0.025952115159999997,
        0.02660277916,
        0.02655064216,
        0.026160513160000003,
        0.02610467516,
        0.027118356160000003,
        0.026256799160000004,
        0.026570630159999997,
        0.026814883160000004,
        0.032199543159999996,
        0.026499774160000003,
        0.02596700516,
        0.026564172160000003,
        0.02632597516,
        0.026101280160000004,
        0.026734587160000003,
        0.02623077216,
        0.026301663160000002,
        0.02650297316,
        0.02817763516,
        0.026679234160000002,
        0.026061458160000002,
        0.026381652159999998,
        0.026177846160000004,
        0.026480830160000003,
        0.02619234416,
        0.02807331616,
        0.02801228216,
        0.027284154159999997,
        0.026042642160000004,
        0.026227545159999997,
        0.026113184160000004,
        0.02683023616,
        0.026287198160000004,
        0.026352414160000004,
        0.026280966160000002,
        0.02696729516,
        0.02555681916,
        0.02652186416,
        0.026403907160000004,
        0.026567585160000004,
        0.02720179516,
        0.026133761159999998,
        0.026528971159999998,
        0.026219045160000003,
        0.02621019416,
        0.026642862160000003,
        0.02593466816,
        0.02580203316,
        0.02659289016,
        0.02600274216,
        0.026073335160000002,
        0.026484808159999998,
        0.02662282616,
        0.026196489160000003,
        0.02623614816,
        0.02603061116,
        0.026129666160000002,
        0.02695961116,
        0.026874035160000004,
        0.027981850160000002,
        0.02692427916,
        0.025532990159999998,
        0.02678922516,
        0.026166684160000002,
        0.02620732816,
        0.02700108316,
        0.02627316416,
        0.02634299616,
        0.02610234216,
        0.026083905160000004,
        0.02596678016,
        0.02711079716,
        0.02531745816,
        0.026304057159999998,
        0.02697212416,
        0.02633885716,
        0.026449785160000003,
        0.026274083160000003,
        0.02618107116,
        0.026680790160000002,
        0.026574839160000002,
        0.02573179416,
        0.025832677159999998,
        0.026536618159999997,
        0.02630585716,
        0.02644758716,
        0.025862987160000003,
        0.027442920160000002,
        0.026452739160000002,
        0.02626285516,
        0.02638107116,
        0.02568975816,
        0.02745580316,
        0.02855635316,
        0.02682823216,
        0.02604440516,
        0.026098062159999998,
        0.02581250316,
        0.027539848159999998
      ]
    },
    {
      "command": "yq --yaml-output '.user.name.first' benchmark/data.yaml",
      "mean": 0.13295365144000004,
      "stddev": 0.004107099377542765,
      "median": 0.13203588216,
      "user": 0.10729271999999997,
      "system": 0.024530504999999994,
      "min": 0.12579459416000002,
      "max": 0.14510262316000003,