{
  "results": [
    {
      "command": "dasel -f benchmark/data.json '.user.name.first'",
      "mean": 0.009698720185000002,
      "stddev": 0.0006787410206561787,
      "median": 0.009532285415000001,
      "user": 0.0061898349999999994,
      "system": 0.0025195299999999994,
      "min": 0.009038100415,
      "max": 0.013198840415,
      "times": [
        0.009241552415,
        0.009501280415,
        0.010702320415000001,
        0.009119602415,
        0.009152718415,
        0.009764438415,
        0.009038100415,
        0.009240365415,
        0.009235012415,
        0.009386358415,
        0.009372502415000001,
        0.009114174415,
        0.009363715415,
        0.009267732415,
        0.010649023415,
        0.009731133415,
        0.009264106415,
        0.009140552415000001,
        0.009195988415,
        0.009537629415,
        0.009233755415000001,
        0.009496042415000001,
        0.009094340415,
        0.013198840415,
        0.010602233415,
        0.010165486415000001,
        0.010064257415,
        0.011167811415000001,
        0.009560491415,
        0.009306555415,
        0.009455476415,
        0.009753704415,
        0.009550292415,
        0.009876898415,
        0.009728897415,
        0.010850104415,
        0.010179390415,
        0.010710079415,
        0.012136801415,
        0.009188320415,
        0.009593853415,
        0.009900765415,
        0.009581106415,
        0.009371714415000001,
        0.009498817415000001,
        0.009434528415,
        0.009089312415,
        0.009621241415,
        0.010043359415,
        0.009994476415,
        0.009240548415,
        0.009212984415,
        0.009305206415,
        0.011127942415,
        0.010030585415000001,
        0.009363991415,
        0.009149827415,
        0.009088492415,
        0.009069762415,
        0.009251107415000001,
        0.011233643415000001,
        0.009692870415,
        0.009571411415,
        0.009704048415000001,
        0.011073166415,
        0.010417240415,
        0.010237306415000001,
        0.009994359415000001,
        0.009386167415,
        0.009637215415,
        0.009718278415,
        0.009698428415,
        0.010168541415000001,
        0.009083276415000001,
        0.009069010415,
        0.009189999415,
        0.009619661415,
        0.010334762415,
        0.009288159415,
        0.010371122415,
        0.009772345415,
        0.009526941415,
        0.009457193415,
        0.009547244415,
        0.009306428415,
        0.009098542415,
        0.009190875415,
        0.009241800415000001,
        0.009673982415,
        0.010048144415,
        0.009677850415,
        0.009247616415,
        0.009108098415,
        0.009673959415,
        0.009734005415,
        0.009617199415,
        0.009334523415,
        0.009134373415,
        0.009236009415,
        0.009448505415
      ]
    },
    {
      "command": "jq '.user.name.first' benchmark/data.json",
      "mean": 0.02570639866500001,
      "stddev": 0.000893795161893818,
      "median": 0.025545480415000002,
      "user": 0.023509814999999996,
      "system": 0.0006285599999999994,
      "min": 0.024227839415,
      "max": 0.030741216415000005,
      "times": [
        0.025678782415,
        0.025189798415000002,
        0.024813597415000003,
        0.025335735415,
        0.025747500415000003,
        0.025393796415000003,
        0.025669877415,
        0.025914605415,
        0.027495135415,
        0.027558482415000002,
        0.025612261415,
        0.025690876415,
        0.025756448415,
        0.026245898415,
        0.025957470415000003,
        0.025410869415000002,
        0.025062055415000003,
        0.025576749415000002,
        0.025026507415000003,
        0.025825652415,
        0.026367299415,
        0.025552114415,
        0.025290382415,
        0.025800234415,
        0.025568347415,
        0.028440871415000003,
        0.026085247415000002,
        0.025081143415,
        0.026020674415,
        0.025940627415,
        0.025043145415000002,
        0.025797126415,
        0.025955299415,
        0.025356127415000002,
        0.025378821415000002,
        0.030741216415000005,
        0.025545351415,
        0.025799975415000002,
        0.025488922415,
        0.025083026415,
        0.025900504415,
        0.026340903415000002,
        0.024732119415,
        0.028202500415,
        0.026573776415,
        0.025915375415,
        0.026140657415,
        0.026026123415,
        0.025810917415000002,
        0.025444533415,
        0.024654969415000002,
        0.025395546415,
        0.025213015415,
        0.025350344415,
        0.025824979415,
        0.025092963415000002,
        0.025319204415,
        0.025329566415,
        0.024661456415,
        0.025049205415,
        0.027557907415000003,
        0.026041282415000002,
        0.025593142415000002,
        0.025545609415,
        0.025480409415000002,
        0.025289530415,
        0.024954515415,
        0.026185669415,
        0.025071730415,
        0.025114560415,
        0.025913379415,
        0.025302950415,
        0.024988237415,
        0.025734389415000003,
        0.025528338415,
        0.024487937415,
        0.024664381415000002,
        0.025529165415000003,
        0.027844131415,
        0.025325298415000003,
        0.026555410415,
        0.025386608415,
        0.024972180415,
        0.025255300415,
        0.026013839415,
        0.025090139415,
        0.024768787415,
        0.025217865415000002,
        0.025532650415,
        0.024227839415,
        0.025059485415000003,
        0.025368456415,
        0.024984564415,
        0.025831537415,
        0.025190597415,
        0.026795182415,
        0.025888276415,
        0.026044563415000003,
        0.026282799415000002,
        0.025744499415
      ]
    },
    {
      "command": "yq --yaml-output '.user.name.first' benchmark/data.yaml",
      "mean": 0.113766324125,
      "stddev": 0.0030745231472106616,
      "median": 0.11358004041500001,
      "user": 0.092829415,
      "system": 0.020174249999999994,
      "min": 0.10829464841500001,
      "max": 0.12707168641500002,