{
  "results": [
    {
      "command": "dasel -f benchmark/data.json '.user.name.first'",
      "mean": 0.007511521410000002,
      "stddev": 0.00044487781860948715,
      "median": 0.007456714449999999,
      "user": 0.0036137649999999993,
      "system": 0.002251625,
      "min": 0.006655962949999999,
      "max": 0.008945913949999999,
      "times": [
        0.0071363029499999986,
        0.006909802949999999,
        0.007003343949999998,
        0.007158468949999999,
        0.006655962949999999,
        0.007011748949999998,
        0.006978283949999998,
        0.007525757949999999,
        0.007582963949999998,
        0.007120152949999999,
        0.007193961949999998,
        0.007673696949999999,
        0.006723564949999999,
        0.007065869949999999,
        0.007119521949999998,
        0.007291703949999998,
        0.007016081949999998,
        0.0068502309499999985,
        0.006981701949999998,
        0.006815018949999999,
        0.007088931949999998,
        0.007050194949999999,
        0.007225598949999998,
        0.007575673949999998,
        0.008437508949999999,
        0.007737296949999999,
        0.007430483949999998,
        0.007308908949999999,
        0.007399699949999999,
        0.007566838949999999,
        0.007388197949999999,
        0.007216424949999999,
        0.007394511949999999,
        0.007462937949999999,
        0.007578327949999999,
        0.007525756949999998,
        0.007582339949999998,
        0.007330804949999998,
        0.007310564949999998,
        0.007462939949999998,
        0.007081760949999999,
        0.007405620949999998,
        0.007237151949999999,
        0.006786113949999998,
        0.007165014949999999,
        0.007216262949999999,
        0.007268498949999998,
        0.007092155949999999,
        0.007044741949999998,
        0.007337996949999999,
        0.007376092949999999,
        0.007310072949999999,
        0.007360311949999999,
        0.007267395949999999,
        0.007791654949999998,
        0.00787931595,
        0.007572632949999999,
        0.007644805949999999,
        0.0074504909499999985,
        0.00785009695,
        0.0077411969499999985,
        0.007351405949999998,
        0.007559566949999998,
        0.007419353949999998,
        0.007683458949999999,
        0.007835975949999997,
        0.007689356949999999,
        0.008582961949999999,
        0.008167245949999999,
        0.00800279395,
        0.007681570949999998,
        0.008033012949999998,
        0.008634067949999998,
        0.008632486949999997,
        0.00815798895,
        0.0074873009499999985,
        0.007624861949999998,
        0.00813865695,
        0.007975014949999998,
        0.007849065949999998,
        0.007694354949999998,
        0.007352726949999998,
        0.0072599289499999985,
        0.007108333949999999,
        0.007485844949999998,
        0.007631996949999998,
        0.008222588949999998,
        0.00839263795,
        0.008384908949999999,
        0.007724821949999998,
        0.007576361949999998,
        0.007540829949999999,
        0.007755724949999998,
        0.008945913949999999,
        0.007785189949999999,
        0.007653613949999998,
        0.007780959949999998,
        0.007991327949999998,
        0.007265166949999998,
        0.007325281949999999
      ]
    },
    {
      "command": "jq '.user.name.first' benchmark/data.json",
      "mean": 0.030783223930000013,
      "stddev": 0.003294773064220636,
      "median": 0.03148699545,
      "user": 0.02779936499999999,
      "system": 0.001142565,
      "min": 0.024987361950000002,
      "max": 0.037373768950000004,
      "times": [
        0.02592183395,
        0.02527400695,
        0.02634334395,
        0.02541155695,
        0.026667580950000002,
        0.025829880950000002,
        0.025768559950000002,
        0.02568309795,
        0.02592584795,
        0.029546174950000004,
        0.02681693295,
        0.03118041195,
        0.03551193795,
        0.03454040195,
        0.03438598295,
        0.03204101295,
        0.03320765395,
        0.03150753195,
        0.03118545895,
        0.029189102950000004,
        0.02538121695,
        0.02612287095,
        0.03089521195,
        0.03095047395,
        0.030766856949999997,
        0.03053570595,
        0.03153722495,
        0.03402268395,
        0.03334025895,
        0.03157378095,
        0.03085733895,
        0.03106299395,
        0.03083124995,
        0.03198571495,
        0.03073271895,
        0.02899571995,
        0.02781713795,
        0.02950460195,
        0.03141662195,
        0.033570608950000004,
        0.03098435395,
        0.03401076095,
        0.03517049595,
        0.03621222795,
        0.035785941950000004,
        0.03321629395,
        0.03388093095,
        0.03476655095,
        0.03162566095,
        0.03215140695,
        0.03047612995,
        0.03202889695,
        0.031657348950000004,
        0.03359949795,
        0.03244368595,
        0.037373768950000004,
        0.032989690950000004,
        0.03273052195,
        0.03341565395,
        0.032831904950000004,
        0.03146645895,
        0.028796120950000004,
        0.02545425195,
        0.026059743950000002,
        0.02692442095,
        0.02588964295,
        0.024987361950000002,
        0.02610658395,
        0.02577109295,
        0.02542809595,
        0.02624187995,
        0.02587151095,
        0.02563003395,
        0.02671606695,
        0.02751852495,
        0.03073324595,
        0.030353930950000003,
        0.03127276095,
        0.03072373295,
        0.02736583195,
        0.03195572995,
        0.03514299695,
        0.03508835095,
        0.03248883195,
        0.03157055795,
        0.03153370195,
        0.03428024095,
        0.03314343495,
        0.032710965950000004,
        0.03290481295,
        0.03267703995,
        0.03548532995,
        0.03707666395,
        0.03219748795,
        0.03205528195,
        0.03209910695,
        0.03385616095,
        0.034056714950000004,
        0.03389489195,
        0.03360176495
      ]
    },
    {
      "command": "yq --yaml-output '.user.name.first' benchmark/data.yaml",
      "mean": 0.11954206023999996,
      "stddev": 0.007330594215793967,
      "median": 0.11723702895,
      "user": 0.09862371499999999,
      "system": 0.020463904999999998,
      "min": 0.11139736895,
      "max": 0.14905914495,