{
  "results": [
    {
      "command": "daselv2 -f benchmark/data.json 'user.name.first'",
      "mean": 0.007031840230000003,
      "stddev": 0.0006833676884442934,
      "median": 0.006748048930000004,
      "user": 0.0035615650000000005,
      "system": 0.0020347600000000013,
      "min": 0.006191749430000003,
      "max": 0.009461274430000003,
      "times": [
        0.0067868514300000035,
        0.006851363430000004,
        0.006636291430000004,
        0.007590127430000004,
        0.006717729430000004,
        0.006385126430000003,
        0.006417276430000005,
        0.006344622430000005,
        0.0064520304300000044,
        0.006694436430000003,
        0.006739619430000004,
        0.0071318754300000045,
        0.007703735430000003,
        0.007319280430000004,
        0.006815345430000004,
        0.006560306430000004,
        0.0065684154300000045,
        0.009146665430000003,
        0.006870220430000003,
        0.006632622430000005,
        0.0063816764300000045,
        0.006191749430000003,
        0.006681285430000004,
        0.006803939430000004,
        0.006981665430000003,
        0.007400268430000003,
        0.008088778430000006,
        0.007944725430000004,
        0.006756478430000003,
        0.007136496430000004,
        0.007815138430000004,
        0.009461274430000003,
        0.006833039430000004,
        0.006525740430000004,
        0.006702449430000004,
        0.006550581430000003,
        0.006825227430000003,
        0.007600305430000003,
        0.006731063430000004,
        0.006322214430000003,
        0.006448569430000005,
        0.006481677430000003,
        0.006657139430000005,
        0.006732337430000003,
        0.006605181430000003,
        0.007537553430000004,
        0.006729003430000004,
        0.006583354430000005,
        0.006447813430000004,
        0.0067311154300000045,
        0.008185131430000003,
        0.007306189430000005,
        0.007301624430000005,
        0.006424188430000004,
        0.0065766614300000045,
        0.007136586430000004,
        0.008173514430000004,
        0.008200207430000005,
        0.008674954430000003,
        0.008046492430000003,
        0.006691359430000004,
        0.006556117430000004,
        0.006416066430000003,
        0.006859575430000003,
        0.006869748430000004,
        0.007370363430000005,
        0.006536551430000003,
        0.006299510430000005,
        0.006435978430000004,
        0.006687031430000005,
        0.006780410430000004,
        0.007467641430000004,
        0.007512281430000004,
        0.008360185430000003,
        0.0066635994300000044,
        0.007019691430000003,
        0.006669878430000004,
        0.007667860430000004,
        0.008505920430000005,
        0.007238087430000004,
        0.0066534734300000035,
        0.006295408430000004,
        0.006500223430000005,
        0.006562670430000003,
        0.006682539430000005,
        0.0069234624300000035,
        0.007774728430000003,
        0.008908112430000004,
        0.007563553430000004,
        0.006621599430000004,
        0.0065113764300000045,
        0.006731123430000004,
        0.007855879430000004,
        0.007599768430000003,
        0.006764571430000004,
        0.006330934430000003,
        0.006585961430000005,
        0.006355650430000004,
        0.007500740430000004,
        0.006777052430000004
      ]
    },
    {
      "command": "dasel -f benchmark/data.json '.user.name.first'",
      "mean": 0.008801589860000007,
      "stddev": 0.0007243750829528683,
      "median": 0.008495999430000003,
      "user": 0.004731194999999999,
      "system": 0.0026892299999999995,
      "min": 0.007869041430000005,
      "max": 0.010820939430000003,
      "times": [
        0.007883618430000003,
        0.008288047430000004,
        0.008594182430000003,
        0.009257154430000004,
        0.008300836430000003,
        0.008074372430000004,
        0.008142266430000003,
        0.008435516430000005,
        0.008875872430000004,
        0.009224573430000004,
        0.009610627430000004,
        0.008021576430000003,
        0.008146780430000004,
        0.008477106430000002,
        0.008555536430000003,
        0.009256589430000003,
        0.008091132430000005,
        0.007933693430000003,
        0.010517739430000003,
        0.009639351430000005,
        0.009215497430000004,
        0.009371629430000004,
        0.009405303430000005,
        0.008281053430000004,
        0.008077659430000005,
        0.008582200430000003,
        0.009737943430000003,
        0.008445054430000005,
        0.007971098430000004,
        0.008722946430000003,
        0.008384402430000003,
        0.009389083430000004,
        0.008869026430000003,
        0.009661462430000003,
        0.010047425430000003,
        0.008615224430000006,
        0.008373670430000004,
        0.009793937430000003,
        0.010495486430000003,
        0.008826344430000004,
        0.007898932430000005,
        0.008047309430000003,
        0.008385634430000004,
        0.008281179430000004,
        0.008346398430000006,
        0.009838286430000003,
        0.010197612430000003,
        0.008486532430000002,
        0.008215724430000005,
        0.009784884430000005,
        0.009513424430000004,
        0.008389863430000005,
        0.008027340430000005,
        0.008300473430000004,
        0.009155249430000005,
        0.008274086430000004,
        0.008017028430000003,
        0.008020334430000005,
        0.008101653430000005,
        0.008480696430000004,
        0.008229964430000004,
        0.009277828430000003,
        0.009669028430000004,
        0.008159912430000003,
        0.008370155430000005,
        0.008159621430000003,
        0.009079219430000004,
        0.008525928430000003,
        0.007911885430000005,
        0.007869041430000005,
        0.009058771430000005,
        0.008975670430000002,
        0.009475604430000003,
        0.010141592430000006,
        0.010820939430000003,
        0.010305157430000003,
        0.009000464430000004,
        0.008246551430000006,
        0.009129241430000004,
        0.008311779430000003,
        0.008105948430000003,
        0.008167479430000003,
        0.009360390430000004,
        0.008977282430000004,
        0.008452147430000004,
        0.008110700430000003,
        0.008246984430000003,
        0.008097653430000004,
        0.008266174430000005,
        0.008452260430000004,
        0.009996690430000003,
        0.009109413430000005,
        0.008505466430000004,
        0.008326191430000005,
        0.009731932430000003,
        0.009041773430000004,
        0.009182044430000005,
        0.009444582430000004,
        0.010061224430000005,
        0.008448620430000005
      ]
    },
    {
      "command": "jq '.user.name.first' benchmark/data.json",
      "mean": 0.028443206820000008,
      "stddev": 0.001131371425624054,
      "median": 0.028023147430000006,
      "user": 0.02375406499999999,
      "system": 0.0011799200000000008,
      "min": 0.027362314430000003,
      "max": 0.03239675043,