{
  "results": [
    {
      "command": "daselv2 -f benchmark/data.json 'user.name.first'",
      "mean": 0.006686172354999999,
      "stddev": 0.000600390817122511,
      "median": 0.006490637064999999,
      "user": 0.003479734999999999,
      "system": 0.001928855,
      "min": 0.005986723564999998,
      "max": 0.009201789565,
      "times": [
        0.006710483564999999,
        0.006765739564999999,
        0.006764577564999998,
        0.007282989564999999,
        0.008668095564999999,
        0.006680027564999999,
        0.006489176564999998,
        0.006130604564999999,
        0.006374606564999999,
        0.006251207564999999,
        0.0066458055649999985,
        0.007289349564999998,
        0.006420762564999999,
        0.0062298885649999984,
        0.006864828564999999,
        0.007423385564999998,
        0.008706341564999998,
        0.009201789565,
        0.008545165564999999,
        0.007795079564999999,
        0.006531528564999999,
        0.006225285564999998,
        0.006654576564999998,
        0.008018961565,
        0.006482713564999998,
        0.006257680564999999,
        0.0060809645649999985,
        0.006201853564999999,
        0.006442515564999998,
        0.006271198564999998,
        0.006480018564999998,
        0.006982057564999999,
        0.006915808564999998,
        0.006234763564999998,
        0.006432558564999999,
        0.006663904564999999,
        0.006195981564999999,
        0.007548223564999999,
        0.006561025564999999,
        0.006478260564999999,
        0.006614804564999999,
        0.006367149564999998,
        0.006480294564999998,
        0.006566493564999999,
        0.007283205564999998,
        0.006265037564999998,
        0.006200307564999998,
        0.006397158564999999,
        0.006856998564999999,
        0.006491848564999999,
        0.006316365564999998,
        0.006611507564999998,
        0.007680828564999998,
        0.006603714564999999,
        0.006578295564999999,
        0.006297677564999999,
        0.006335023564999998,
        0.006815033564999999,
        0.0072277775649999985,
        0.006404920564999999,
        0.005986723564999998,
        0.006489425564999999,
        0.006310958564999999,
        0.006573265564999999,
        0.006350223564999999,
        0.006636395564999999,
        0.007389201564999999,
        0.006524166564999999,
        0.006847967564999999,
        0.006260497564999999,
        0.006143990564999999,
        0.006597069564999998,
        0.007518893564999998,
        0.006606178564999998,
        0.006359872564999998,
        0.006042518564999999,
        0.006257851564999999,
        0.006158352564999998,
        0.006538273564999998,
        0.006468519564999998,
        0.006902092564999999,
        0.006773760564999999,
        0.006423174564999999,
        0.006250759564999999,
        0.006443411564999999,
        0.006406661564999998,
        0.007100307564999999,
        0.006787347564999998,
        0.006310098564999999,
        0.006177112564999999,
        0.006483263564999999,
        0.006327468564999998,
        0.006894232564999999,
        0.007850155565,
        0.006233586564999998,
        0.006124262564999999,
        0.006569199564999999,
        0.006304245564999999,
        0.006518095564999999,
        0.006383422564999999
      ]
    },
    {
      "command": "dasel -f benchmark/data.json '.user.name.first'",
      "mean": 0.008796341264999997,
      "stddev": 0.000846014754777195,
      "median": 0.008510599564999999,
      "user": 0.004696414999999998,
      "system": 0.002661595,
      "min": 0.007782740564999999,
      "max": 0.011512976565,
      "times": [
        0.008418009564999999,
        0.009372289564999997,
        0.008464828564999999,
        0.009113442564999998,
        0.008667690565,
        0.007997908565,
        0.008005145565,
        0.008297286564999999,
        0.008534316564999998,
        0.009182822564999998,
        0.008147523564999998,
        0.007921564564999997,
        0.008278749565,
        0.009325048564999997,
        0.009129729564999998,
        0.008635808565,
        0.008120948564999998,
        0.008063101564999998,
        0.008232963564999998,
        0.007955119564999998,
        0.008503785564999998,
        0.008829352565,
        0.009307116564999999,
        0.008113951565,
        0.009074650564999998,
        0.008379426564999997,
        0.008557667565,
        0.009491628565,
        0.010431247565,
        0.008809246564999998,
        0.008194824564999998,
        0.008149351564999997,
        0.008661127565,
        0.009074289564999997,
        0.008040713565,
        0.008151643564999998,
        0.008379602564999998,
        0.008119484564999998,
        0.008279460564999997,
        0.008484917565,
        0.011040771565,
        0.008985871564999998,
        0.008437950564999998,
        0.008130595564999999,
        0.010381329565,
        0.008937637565,
        0.008962662564999998,
        0.007907964564999998,
        0.008264452565,
        0.008352862564999997,
        0.008383993564999997,
        0.009053549565,
        0.010153594565,
        0.009141314565,
        0.008517413565,
        0.008394475565,
        0.010962739564999997,
        0.008376911564999999,
        0.008039183565,
        0.008131327564999999,
        0.008448967565,
        0.009358296565,
        0.009327882564999997,
        0.008884317564999997,
        0.008552064565,
        0.008346592564999998,
        0.008561302564999998,
        0.008493880564999997,
        0.010795214564999999,
        0.008844635564999998,
        0.008032160564999998,
        0.007782740564999999,
        0.007918175564999998,
        0.008543145565,
        0.008609459564999998,
        0.009122585564999997,
        0.010092359565,
        0.009085865565,
        0.009690283564999999,
        0.011266768564999998,
        0.011512976565,
        0.010042764564999997,
        0.008270612564999998,
        0.010024435565,
        0.011511207564999997,
        0.008153609564999997,
        0.007966589564999998,
        0.008374694565,
        0.008627753565,
        0.008486904564999998,
        0.008350861565,
        0.009297314565,
        0.009290837564999998,
        0.007944056565,
        0.008223856565,
        0.008360026564999998,
        0.008533918565,
        0.009445179565,
        0.008140269565,
        0.007865167564999997
      ]
    },
    {
      "command": "jq '.user.name.first' benchmark/data.json",
      "mean": 0.028654712944999994,
      "stddev": 0.0022786317530544414,
      "median": 0.027999575065,
      "user": 0.023993505000000005,
      "system": 0.001113324999999999,
      "min": 0.027180065565,
      "max": 0.043285830565,