{
  "results": [
    {
      "command": "dasel -f benchmark/data.json '.user.name.first'",
      "mean": 0.0077599532449999994,
      "stddev": 0.0003359252584183343,
      "median": 0.0076592973850000004,
      "user": 0.003676004999999996,
      "system": 0.0023638850000000005,
      "min": 0.007091921885000001,
      "max": 0.008989278885,
      "times": [
        0.007516066885,
        0.0077213508850000005,
        0.007671895885,
        0.007734166885000001,
        0.007694827885,
        0.007485625885000001,
        0.007513546885,
        0.007544651885,
        0.007608831885,
        0.007881174885,
        0.007386637885,
        0.007838082885,
        0.007460970885000001,
        0.007392735885000001,
        0.007575508885,
        0.008685986885,
        0.008287268885,
        0.008444190885000001,
        0.007824671885,
        0.007601502885,
        0.007802367885000001,
        0.008989278885,
        0.008304584885,
        0.008570276885,
        0.007848140885,
        0.0074707108850000006,
        0.007534701885,
        0.007339862885000001,
        0.007947772885000001,
        0.007594297885,
        0.007481896885,
        0.007900750885,
        0.007592811885,
        0.007662426885,
        0.007621268885000001,
        0.007465636885,
        0.007739191885,
        0.007504681885000001,
        0.007541936885000001,
        0.007607638885,
        0.007446373885000001,
        0.007613901885000001,
        0.007644344885000001,
        0.0078078518850000014,
        0.007903249885000001,
        0.007572687885,
        0.0075644808850000005,
        0.007712980885,
        0.007350332885,
        0.007682104885000001,
        0.007577875885,
        0.007599897885,
        0.007892656885,
        0.007684899885000001,
        0.0075699288850000004,
        0.007623396885000001,
        0.007391123885,
        0.0077793488850000005,
        0.007707313885000001,
        0.008242333885000001,
        0.008401776885,
        0.007978916885000001,
        0.007649744885,
        0.008202194885,
        0.008294186885,
        0.007965293885,
        0.007875492885,
        0.0076561678850000005,
        0.007794156885,
        0.008174769885,
        0.008072437885,
        0.008507933885000001,
        0.008139401885000001,
        0.0076421348850000004,
        0.007534788885000001,
        0.007481130885000001,
        0.0072836258850000005,
        0.007509452885,
        0.0074781198850000005,
        0.007615680885,
        0.007561909885000001,
        0.007477981885,
        0.007593195885000001,
        0.007541150885,
        0.0075937898850000005,
        0.007671457885,
        0.007590363885000001,
        0.007746741885,
        0.007363766885000001,
        0.007091921885000001,
        0.007848197885,
        0.008052529885000001,
        0.008494911885000001,
        0.008368182885,
        0.008020883885,
        0.007883344885,
        0.007714445885000001,
        0.007402789885,
        0.007998410885000001,
        0.007964913885000001
      ]
    },
    {
      "command": "jq '.user.name.first' benchmark/data.json",
      "mean": 0.025980800285,
      "stddev": 0.0009749068265175626,
      "median": 0.025718870885,
      "user": 0.023773605000000003,
      "system": 0.0007281749999999997,
      "min": 0.024809992885,
      "max": 0.030600860884999997,
      "times": [
        0.025552175885,
        0.026139858885,
        0.025849014885,
        0.025972955885000003,
        0.025531563885000004,
        0.025124090885,
        0.025766266885,
        0.025458638885000003,
        0.025213907885000005,
        0.025993548885000002,
        0.025285423884999998,
        0.025550034885000003,
        0.027127546885,
        0.025829150885,
        0.027842897885000002,
        0.025291785885,
        0.025660156885,
        0.025930303885,
        0.030600860884999997,
        0.025360541885000004,
        0.026078065885,
        0.025728298885,
        0.024977035885,
        0.025853896885000005,
        0.026127815885000003,
        0.025599413885,
        0.025795909885000003,
        0.025569798885,
        0.025714180885,
        0.025470726885000003,
        0.025857435885000002,
        0.027902196885,
        0.026864618885000004,
        0.025486222885,
        0.025150218885,
        0.025972298885,
        0.025620678885000005,
        0.025723560885000003,
        0.025987811885000003,
        0.025334431885,
        0.025811891885,
        0.025266629885000003,
        0.025703511885000002,
        0.025347460885,
        0.025684971885000005,
        0.025596231885,
        0.024962470885000004,
        0.026576939885000005,
        0.025387438885000002,
        0.026959747885000003,
        0.025199220884999998,
        0.025228340885,
        0.025252712885,
        0.025529401885000004,
        0.025728227885000003,
        0.026664285885,
        0.024809992885,
        0.025830690885,
        0.026166933885,
        0.025559335885,
        0.025220680885,
        0.026130026885000004,
        0.025488059885000004,
        0.025158730885,
        0.025574329885000004,
        0.026150753885000003,
        0.025673617885,
        0.026641061885000004,
        0.025607067885,
        0.025387297885,
        0.026759406885000003,
        0.025491670885000005,
        0.025037128885000003,
        0.025580955885,
        0.025300931885000003,
        0.026287007885000005,
        0.025280718885000004,
        0.026102789885000005,
        0.025826192885,
        0.029065841885,
        0.025938922885,
        0.025157730885,
        0.026469693885,
        0.026306839885000002,
        0.028513250885,
        0.026267490885,
        0.025353229885000002,
        0.026279216885000005,
        0.025590731885000002,
        0.025540659885000004,
        0.025972364885,
        0.025797003885000003,
        0.027892740885000003,
        0.029989013885,
        0.027790659885,
        0.025604181885,
        0.026150209885000004,
        0.026169376885000005,
        0.025319016885000004,
        0.027051631885000003
      ]
    },
    {
      "command": "yq --yaml-output '.user.name.first' benchmark/data.yaml",
      "mean": 0.12454088704500005,
      "stddev": 0.0032946465449488036,
      "median": 0.12476970288500001,
      "user": 0.10293998500000004,
      "system": 0.021281175000000006,
      "min": 0.11481277188500001,
      "max": 0.140836902885,