{
  "results": [
    {
      "command": "dasel -f benchmark/data.json '.user.name.first'",
      "mean": 0.00970155287,
      "stddev": 0.00034701783000936715,
      "median": 0.00962811258,
      "user": 0.006161444999999995,
      "system": 0.002500115,
      "min": 0.00913156158,
      "max": 0.01101254858,
      "times": [
        0.00928132858,
        0.00969851258,
        0.00961756458,
        0.00980585558,
        0.00966985258,
        0.01002720658,
        0.01031336558,
        0.01005152058,
        0.00982874358,
        0.00928211258,
        0.00930105758,
        0.00949552458,
        0.009527826579999999,
        0.00950943558,
        0.009612091579999999,
        0.00970253958,
        0.00959366258,
        0.00940981258,
        0.00959995858,
        0.00953857358,
        0.01001136858,
        0.00987384658,
        0.00940802358,
        0.00982837658,
        0.01005478858,
        0.01022026958,
        0.01030429558,
        0.00983051058,
        0.00939371758,
        0.01101254858,
        0.00975701058,
        0.00982243558,
        0.00985740558,
        0.00913156158,
        0.00937863958,
        0.00939020958,
        0.00948403758,
        0.01003805358,
        0.01012161558,
        0.00951309658,
        0.00956938258,
        0.00969025158,
        0.00975092958,
        0.00983638558,
        0.00990679158,
        0.00937851258,
        0.00936814058,
        0.00933785758,
        0.01052538758,
        0.00973883458,
        0.01036322658,
        0.00958755558,
        0.00934174958,
        0.00947939058,
        0.00964763658,
        0.009883886579999999,
        0.00956038358,
        0.00948275158,
        0.00942250258,
        0.00957519058,
        0.01038940758,
        0.00997503058,
        0.01064968258,
        0.00996621858,
        0.00951186758,
        0.00972157358,
        0.00981273758,
        0.01002631558,
        0.00959661558,
        0.00936036258,
        0.00944510758,
        0.00918334558,
        0.00943977558,
        0.00970397158,
        0.00960394658,
        0.00948291258,
        0.00941555458,
        0.00948754658,
        0.00954128858,
        0.00999600758,
        0.00948575458,
        0.00927807758,
        0.00932335558,
        0.00938136658,
        0.00926829058,
        0.00984111358,
        0.00981239558,
        0.01005708258,
        0.00964531958,
        0.01022061158,
        0.01007052858,
        0.01048683858,
        0.00970708458,
        0.00937106458,
        0.00941163058,
        0.00943671458,
        0.00963866058,
        0.00973369658,
        0.00969706558,
        0.00923426158
      ]
    },
    {
      "command": "jq '.user.name.first' benchmark/data.json",
      "mean": 0.025805323099999996,
      "stddev": 0.0009778646823961625,
      "median": 0.025582319580000002,
      "user": 0.023542685000000004,
      "system": 0.000673835,
      "min": 0.02439773458,
      "max": 0.029851083580000003,
      "times": [
        0.02511395658,
        0.026618158580000002,
        0.02510282958,
        0.026301070580000002,
        0.025301061580000003,
        0.02526014658,
        0.025245490580000002,
        0.027652429580000002,
        0.02719853958,
        0.027060550580000002,
        0.02623344558,
        0.02619599358,
        0.02541652158,
        0.02507141258,
        0.02576790358,
        0.02538346358,
        0.02530581258,
        0.02561877558,
        0.02609682558,
        0.02477809558,
        0.02642447758,
        0.026048163580000002,
        0.02551930858,
        0.02536953758,
        0.027903082580000002,
        0.026035488580000002,
        0.029851083580000003,
        0.02486283958,
        0.02585790258,
        0.02608982658,
        0.02553785658,
        0.02584267358,
        0.02585566558,
        0.02547104558,
        0.02582720858,
        0.02637936158,
        0.02497120258,
        0.025582477580000002,
        0.025464115580000002,
        0.02498079158,
        0.025549395580000002,
        0.02685651658,
        0.025250900580000003,
        0.028087432580000002,
        0.026154990580000002,
        0.02516730358,
        0.02522178858,
        0.02613709658,
        0.025138972580000002,
        0.025582161580000002,
        0.025187274580000002,
        0.02577792358,
        0.02573949658,
        0.025289342580000002,
        0.025338995580000002,
        0.025236689580000003,
        0.02442985958,
        0.02548386558,
        0.02515906058,
        0.02676250758,
        0.02599676458,
        0.029311057580000004,
        0.025697419580000002,
        0.025899400580000002,
        0.02596314558,
        0.02561015158,
        0.02584306558,
        0.02504465858,
        0.02452364958,
        0.025851783580000003,
        0.024660400580000002,
        0.024773226580000002,
        0.02525783258,
        0.02585741158,
        0.02535227558,
        0.02516137258,
        0.027485190580000003,
        0.02489346158,
        0.02761422858,
        0.025754705580000002,
        0.02521107058,
        0.02575341258,
        0.02535163658,
        0.02549640858,
        0.02548809358,
        0.02465027358,
        0.02486119158,
        0.02439773458,
        0.02612636958,
        0.026335524580000002,
        0.02468754258,
        0.02495872758,
        0.02605249658,
        0.02527400158,
        0.02667051658,
        0.02578740858,
        0.029150980580000003,
        0.02546091658,
        0.025609159580000002,
        0.02650947358
      ]
    },
    {
      "command": "yq --yaml-output '.user.name.first' benchmark/data.yaml",
      "mean": 0.11251793849,
      "stddev": 0.004419558761966722,
      "median": 0.11147264958,
      "user": 0.09193255499999997,
      "system": 0.019707455,
      "min": 0.10707205358,
      "max": 0.13535515958,