{
  "results": [
    {
      "command": "dasel -f benchmark/data.json '.user.name.first'",
      "mean": 0.0074612370400000015,
      "stddev": 0.0003473406721902009,
      "median": 0.007406255469999999,
      "user": 0.003543885000000001,
      "system": 0.0022166549999999997,
      "min": 0.006917676969999999,
      "max": 0.008995048969999999,
      "times": [
        0.0072333599699999996,
        0.007211723969999999,
        0.007498122969999999,
        0.007406125969999999,
        0.007232668969999999,
        0.007402365969999999,
        0.00829717197,
        0.007346173969999999,
        0.007346916969999998,
        0.007451423969999998,
        0.007511314969999999,
        0.007085435969999999,
        0.007292780969999998,
        0.007483640969999999,
        0.00710672797,
        0.007114217969999999,
        0.007224620969999999,
        0.007301826969999999,
        0.007523562969999999,
        0.008995048969999999,
        0.007239150969999999,
        0.007132120969999998,
        0.007756726969999998,
        0.007506144969999999,
        0.007539476969999999,
        0.007436657969999999,
        0.007840978969999999,
        0.00758235397,
        0.00834581497,
        0.007646863969999998,
        0.0073729029699999985,
        0.007725184969999999,
        0.00800796397,
        0.007583616969999999,
        0.0074592409699999985,
        0.007164503969999999,
        0.007609934969999998,
        0.007506190969999999,
        0.007324546969999999,
        0.007449300969999999,
        0.007195161969999998,
        0.0073862189699999995,
        0.0076283129699999995,
        0.007430049969999999,
        0.007569464969999999,
        0.00735656397,
        0.0076617599699999985,
        0.007411690969999998,
        0.007033855969999998,
        0.007181703969999999,
        0.006917676969999999,
        0.00835609197,
        0.007406384969999998,
        0.0073074729699999985,
        0.0073548569699999995,
        0.007387188969999999,
        0.007242749969999999,
        0.007510354969999998,
        0.00828445497,
        0.007945864969999997,
        0.007858922969999998,
        0.007290204969999999,
        0.0077968449699999985,
        0.007846707969999998,
        0.007550722969999999,
        0.0076095899699999995,
        0.007391572969999999,
        0.007827000969999998,
        0.007795696969999999,
        0.007536822969999998,
        0.007586339969999999,
        0.007472079969999999,
        0.007250184969999999,
        0.007488185969999999,
        0.007071047969999998,
        0.0075075529699999985,
        0.0071682779699999985,
        0.007152924969999999,
        0.0075546139699999995,
        0.00793444397,
        0.007435191969999999,
        0.007283849969999998,
        0.007028120969999998,
        0.007264482969999999,
        0.007000018969999998,
        0.00713903297,
        0.007227543969999999,
        0.007206317969999998,
        0.007263232969999999,
        0.006964760969999998,
        0.007227129969999998,
        0.007200871969999999,
        0.007054306969999999,
        0.008288118969999998,
        0.007122230969999998,
        0.00790572397,
        0.0074218589699999995,
        0.007039253969999998,
        0.007202528969999999,
        0.0072965919699999994
      ]
    },
    {
      "command": "jq '.user.name.first' benchmark/data.json",
      "mean": 0.025909888830000005,
      "stddev": 0.000788731432766925,
      "median": 0.025745956970000004,
      "user": 0.023687745000000003,
      "system": 0.0007241750000000001,
      "min": 0.024734753970000002,
      "max": 0.02954147797,
      "times": [
        0.02602325297,
        0.025364843970000002,
        0.025222982970000002,
        0.02691164897,
        0.02618254797,
        0.026421267970000002,
        0.02694811797,
        0.02588713397,
        0.025696492970000002,
        0.02594422997,
        0.02547490297,
        0.02555844897,
        0.02586200597,
        0.02584142297,
        0.02678018297,
        0.02645811797,
        0.02615191297,
        0.025959898970000003,
        0.028337750970000002,
        0.02541682697,
        0.02512232797,
        0.02591100597,
        0.02541138797,
        0.029265750970000004,
        0.025567431970000002,
        0.026029550970000002,
        0.02762836997,
        0.02557941697,
        0.025080883970000002,
        0.02527524297,
        0.025742301970000003,
        0.02513047897,
        0.025474327970000002,
        0.025659144970000002,
        0.02636977097,
        0.02559181197,
        0.02562982997,
        0.02545432397,
        0.02583419897,
        0.02502796397,
        0.02640264897,
        0.02583159397,
        0.025818519970000002,
        0.02540562297,
        0.02620067397,
        0.025573495970000002,
        0.02594383497,
        0.02560817797,
        0.02624360397,
        0.02519596897,
        0.02565970797,
        0.025241879970000002,
        0.02554769297,
        0.02654642897,
        0.02580155097,
        0.02565425597,
        0.02573627597,
        0.026719029970000002,
        0.027232575970000002,
        0.02671819397,
        0.025959892970000002,
        0.02603800297,
        0.02594158397,
        0.02532839397,
        0.02527548797,
        0.02954147797,
        0.02631949697,
        0.02536524397,
        0.02586973697,
        0.026057657970000002,
        0.02608403997,
        0.02585704797,
        0.025922295970000002,
        0.02504605597,
        0.02523300397,
        0.026734090970000002,
        0.026512137970000002,
        0.02489351197,
        0.02640509397,
        0.02573376797,
        0.025591937970000003,
        0.02533966797,
        0.026266553970000002,
        0.025264244970000002,
        0.02563917397,
        0.02667920197,
        0.024734753970000002,
        0.02593074397,
        0.02542906197,
        0.02550249097,
        0.02527424297,
        0.025381658970000002,
        0.025323264970000002,
        0.02703293197,
        0.025749611970000003,
        0.025263037970000003,
        0.02666276897,
        0.02507467097,
        0.02533351997,
        0.025086070970000002
      ]
    },
    {
      "command": "yq --yaml-output '.user.name.first' benchmark/data.yaml",
      "mean": 0.11830353371999999,
      "stddev": 0.0024850361914970837,
      "median": 0.11802191446999999,
      "user": 0.09745692499999996,
      "system": 0.020322195000000008,
      "min": 0.11326626297,
      "max": 0.12517337597,