{
  "results": [
    {
      "command": "dasel -f benchmark/data.json '.user.name.first'",
      "mean": 0.007888412840000001,
      "stddev": 0.0008702158270266096,
      "median": 0.007630942820000002,
      "user": 0.0036897950000000022,
      "system": 0.0024282550000000003,
      "min": 0.006833107320000002,
      "max": 0.011805388320000002,
      "times": [
        0.008080141320000001,
        0.008271585320000002,
        0.008492774320000002,
        0.008110963320000001,
        0.00824681032,
        0.008298245320000001,
        0.009291354320000002,
        0.010834395320000002,
        0.009658440320000001,
        0.00937396132,
        0.00918526132,
        0.011805388320000002,
        0.009788892320000001,
        0.009086641320000002,
        0.008850502320000002,
        0.008528226320000002,
        0.008564779320000002,
        0.00854820432,
        0.00859788432,
        0.00888562732,
        0.008817457320000001,
        0.008180402320000002,
        0.00840598032,
        0.008358876320000002,
        0.008181059320000001,
        0.008435410320000001,
        0.008774196320000002,
        0.008366963320000002,
        0.008535333320000001,
        0.008409636320000002,
        0.008561587320000001,
        0.00828405532,
        0.008701149320000002,
        0.00860580032,
        0.00806035132,
        0.00785151832,
        0.007673513320000002,
        0.0077007983200000005,
        0.008025573320000002,
        0.008649370320000002,
        0.007462633320000002,
        0.007685926320000001,
        0.007128834320000001,
        0.007402561320000001,
        0.007495844320000002,
        0.007484051320000001,
        0.007218526320000002,
        0.00937678232,
        0.007561319320000001,
        0.007341945320000001,
        0.007742689320000001,
        0.008001014320000001,
        0.007966613320000001,
        0.0073825533200000005,
        0.007106563320000002,
        0.007868010320000002,
        0.007466324320000002,
        0.007820807320000001,
        0.007465393320000001,
        0.007069791320000001,
        0.007434361320000001,
        0.007093695320000001,
        0.006894113320000001,
        0.007021779320000001,
        0.007069583320000001,
        0.0071775923200000005,
        0.006982937320000002,
        0.006906903320000001,
        0.0070652113200000005,
        0.006833107320000002,
        0.007196241320000001,
        0.006981918320000001,
        0.007064448320000001,
        0.0072488933200000015,
        0.006986772320000001,
        0.006970832320000002,
        0.006884064320000001,
        0.007039021320000002,
        0.007189586320000002,
        0.006882663320000001,
        0.007297834320000002,
        0.007263832320000002,
        0.008092652320000001,
        0.0070710183200000006,
        0.006977751320000001,
        0.007420601320000001,
        0.007090010320000001,
        0.007535040320000002,
        0.007505513320000001,
        0.007202924320000002,
        0.007596212320000002,
        0.007607049320000002,
        0.007279169320000001,
        0.007654836320000002,
        0.007355516320000002,
        0.007566836320000001,
        0.007506610320000001,
        0.007452687320000002,
        0.007585755320000002,
        0.007728412320000001
      ]
    },
    {
      "command": "jq '.user.name.first' benchmark/data.json",
      "mean": 0.028635293370000002,
      "stddev": 0.003183768699904548,
      "median": 0.027437377820000004,
      "user": 0.026003934999999995,
      "system": 0.0009539349999999999,
      "min": 0.024593134320000005,
      "max": 0.03799114532,
      "times": [
        0.027654681320000003,
        0.026546178320000006,
        0.026158550320000005,
        0.029828260320000004,
        0.03137682032,
        0.03182592032,
        0.03125889632,
        0.031133454320000007,
        0.03131124232,
        0.03155244932,
        0.03193411932,
        0.03146088232,
        0.03085248432,
        0.029160037320000002,
        0.028707731320000002,
        0.03799114532,
        0.034932078320000004,
        0.03308720632,
        0.035541839320000004,
        0.03562856432,
        0.03315215432,
        0.03266356132,
        0.03272289032,
        0.03312692032,
        0.03531201732,
        0.03224706732,
        0.03158692132,
        0.030822442320000008,
        0.03201575632,
        0.03175964332,
        0.03164176732,
        0.030813447320000003,
        0.029818843320000007,
        0.025502564320000004,
        0.025718205320000003,
        0.026590006320000005,
        0.028197938320000004,
        0.026410461320000005,
        0.026964503320000003,
        0.03078908832,
        0.031012655320000002,
        0.031263147320000004,
        0.031027574320000004,
        0.030897330320000003,
        0.030389268320000006,
        0.030111941320000005,
        0.025492903320000003,
        0.025679627320000006,
        0.025535070320000006,
        0.025724128320000005,
        0.026310208320000004,
        0.026282410320000005,
        0.025982974320000005,
        0.026152481320000004,
        0.025488974320000003,
        0.025128259320000006,
        0.025386509320000004,
        0.025163979320000005,
        0.025286751320000005,
        0.024905429320000005,
        0.025204373320000004,
        0.026407984320000005,
        0.025813451320000003,
        0.027499857320000005,
        0.025773554320000003,
        0.026434920320000003,
        0.026419699320000004,
        0.026862628320000005,
        0.027240800320000005,
        0.026897770320000004,
        0.026166276320000004,
        0.026132510320000003,
        0.026333147320000003,
        0.026823319320000004,
        0.029970521320000002,
        0.031455695320000004,
        0.031082781320000006,
        0.031080783320000003,
        0.032003629320000004,
        0.03217440432,
        0.03053886432,
        0.026214532320000004,
        0.025326127320000003,
        0.026276912320000005,
        0.025467184320000003,
        0.025232662320000005,
        0.024912468320000006,
        0.024698977320000003,
        0.025186359320000004,
        0.024593134320000005,
        0.024836446320000004,
        0.024741340320000003,
        0.025560476320000004,
        0.025753637320000005,
        0.025429632320000003,
        0.025683424320000005,
        0.027374898320000004,
        0.027761439320000005,
        0.029859238320000005,
        0.03128311032
      ]
    },
    {
      "command": "yq --yaml-output '.user.name.first' benchmark/data.yaml",
      "mean": 0.12732211543000005,
      "stddev": 0.008626868159625127,
      "median": 0.12855205732000002,
      "user": 0.10478727499999999,
      "system": 0.022023835,
      "min": 0.11402454832,
      "max": 0.17501369432000002,