{
  "results": [
    {
      "command": "dasel put -f benchmark/data.json -o - -t json -v '{\"first\":\"Frank\",\"last\":\"Jones\"}' '.user.name'",
      "mean": 0.006541102740000002,
      "stddev": 0.0006632345904989182,
      "median": 0.006290036670000005,
      "user": 0.003459399999999999,
      "system": 0.0018949499999999992,
      "min": 0.0055157696700000045,
      "max": 0.008722881670000005,
      "times": [
        0.007933085670000006,
        0.007832820670000004,
        0.007951835670000004,
        0.008022088670000004,
        0.007416839670000006,
        0.006260199670000005,
        0.006096977670000004,
        0.0062326356700000045,
        0.006563019670000004,
        0.0072731946700000044,
        0.0060411226700000055,
        0.0063411256700000055,
        0.006542108670000006,
        0.0063566076700000045,
        0.006428506670000005,
        0.005891813670000005,
        0.006185455670000005,
        0.0059535256700000054,
        0.0066663906700000055,
        0.006228567670000005,
        0.005918420670000005,
        0.006489867670000004,
        0.006166504670000004,
        0.005923454670000004,
        0.0055157696700000045,
        0.005750435670000004,
        0.006434977670000006,
        0.006212336670000005,
        0.006197043670000005,
        0.006186633670000005,
        0.0063976986700000045,
        0.006265310670000006,
        0.0061433546700000044,
        0.006041920670000005,
        0.0062391316700000045,
        0.006685067670000005,
        0.006545492670000004,
        0.006107741670000004,
        0.005835387670000005,
        0.006233710670000004,
        0.006308857670000005,
        0.007337342670000004,
        0.006100335670000004,
        0.006277079670000006,
        0.006525784670000004,
        0.0062865966700000045,
        0.006275158670000005,
        0.0062111706700000045,
        0.006484504670000005,
        0.006313501670000005,
        0.006245560670000005,
        0.006042562670000006,
        0.006067208670000005,
        0.006357057670000005,
        0.006402309670000004,
        0.006990120670000005,
        0.005893082670000005,
        0.006187789670000005,
        0.006456216670000005,
        0.007029726670000004,
        0.006171701670000004,
        0.006260320670000004,
        0.006293476670000005,
        0.006278801670000005,
        0.006313767670000006,
        0.005932144670000005,
        0.006369407670000005,
        0.006175699670000004,
        0.006154150670000005,
        0.006266452670000005,
        0.006066107670000005,
        0.006189732670000004,
        0.006327611670000005,
        0.006410296670000005,
        0.005946574670000006,
        0.006068182670000004,
        0.006245530670000005,
        0.0062186566700000055,
        0.006343952670000004,
        0.005846267670000005,
        0.006558732670000005,
        0.0065471796700000045,
        0.006076399670000006,
        0.006012578670000005,
        0.006097493670000005,
        0.006365751670000005,
        0.0063263146700000055,
        0.006780173670000005,
        0.0076128566700000054,
        0.007955510670000006,
        0.007925701670000004,
        0.007525946670000005,
        0.007554010670000004,
        0.007627371670000005,
        0.008148332670000005,
        0.007710339670000004,
        0.007551530670000005,
        0.0076975716700000045,
        0.008134605670000006,
        0.008722881670000005
      ]
    },
    {
      "command": "jq '.user.name = {\"first\":\"Frank\",\"last\":\"Jones\"}' benchmark/data.json",
      "mean": 0.027752549440000003,
      "stddev": 0.0012953684227770944,
      "median": 0.027323174170000006,
      "user": 0.02392487,
      "system": 0.0007338199999999993,
      "min": 0.026181402670000006,
      "max": 0.03186848267000001,
      "times": [
        0.02931564467000001,
        0.02930417567000001,
        0.02834387767000001,
        0.029451156670000006,
        0.03036209967000001,
        0.03007350367000001,
        0.03186848267000001,
        0.029421775670000004,
        0.029653042670000004,
        0.02930654567000001,
        0.02894693067000001,
        0.030177174670000008,
        0.02847008067000001,
        0.02895077967000001,
        0.02855498867000001,
        0.029164853670000004,
        0.02965006467000001,
        0.027964298670000005,
        0.028180627670000007,
        0.029166615670000007,
        0.030815101670000004,
        0.028027089670000005,
        0.030246321670000006,
        0.028752872670000006,
        0.02804332067000001,
        0.02985734067000001,
        0.028552361670000005,
        0.028546444670000004,
        0.029023750670000008,
        0.02764630467000001,
        0.027474314670000007,
        0.026828841670000006,
        0.026534248670000007,
        0.026576488670000006,
        0.02642580967000001,
        0.027448670670000008,
        0.026891641670000008,
        0.02692472767000001,
        0.026716123670000008,
        0.02672319867000001,
        0.02663742067000001,
        0.026745152670000008,
        0.026917498670000005,
        0.026598282670000008,
        0.030592047670000004,
        0.027412478670000004,
        0.026727456670000004,
        0.02688847467000001,
        0.026532231670000007,
        0.029938400670000004,
        0.027497107670000007,
        0.02709283667000001,
        0.02639877167000001,
        0.027325861670000007,
        0.027074601670000004,
        0.027450273670000004,
        0.02671303667000001,
        0.026181402670000006,
        0.026675007670000007,
        0.026721637670000006,
        0.026455405670000008,
        0.02664888767000001,
        0.026543152670000007,
        0.027937233670000006,
        0.027754348670000005,
        0.027350608670000005,
        0.027355061670000007,
        0.026809683670000008,
        0.026647300670000006,
        0.026692465670000005,
        0.026315611670000006,
        0.026616766670000007,
        0.027053884670000007,
        0.029466054670000005,
        0.027199651670000005,
        0.026837955670000004,
        0.027582730670000007,
        0.026971016670000007,
        0.02671811367000001,
        0.02664567067000001,
        0.029598306670000005,
        0.02627149067000001,
        0.026628961670000006,
        0.02675988867000001,
        0.026637310670000004,
        0.02729802667000001,
        0.026521936670000006,
        0.02796033567000001,
        0.027068337670000005,
        0.026591477670000006,
        0.027077918670000006,
        0.02964020567000001,
        0.026791915670000006,
        0.026638584670000007,
        0.026985083670000007,
        0.027726460670000008,
        0.02742701067000001,
        0.027320486670000005,
        0.02749665267000001,
        0.02671127067000001
      ]
    },
    {
      "command": "yq --yaml-output '.user.name = {\"first\":\"Frank\",\"last\":\"Jones\"}' benchmark/data.yaml",
      "mean": 0.12779038987000005,
      "stddev": 0.004679429782431629,
      "median": 0.12634874367,
      "user": 0.10173422,
      "system": 0.022280210000000005,
      "min": 0.12371400867000001,
      "max": 0.14954151567,