{
  "results": [
    {
      "command": "daselv2 put -f benchmark/data.json -o - -t json -v '{\"first\":\"Frank\",\"last\":\"Jones\"}' 'user.name'",
      "mean": 0.006341373460000002,
      "stddev": 0.00025171601114701303,
      "median": 0.006286778339999999,
      "user": 0.0034100350000000014,
      "system": 0.0018213249999999997,
      "min": 0.005981926339999999,
      "max": 0.007235230339999999,
      "times": [
        0.006233814339999999,
        0.006371497339999999,
        0.00656039334,
        0.00625557834,
        0.00616375334,
        0.006115574339999999,
        0.0063470583399999995,
        0.0070183893399999985,
        0.00639418034,
        0.0063792083399999994,
        0.006037023339999999,
        0.006110430339999999,
        0.006430860339999999,
        0.006133216339999999,
        0.006313927339999999,
        0.006303803339999999,
        0.006427428339999999,
        0.0064329383399999995,
        0.006263417339999999,
        0.00625479034,
        0.005997828339999999,
        0.006180127339999999,
        0.00643621034,
        0.006277918339999999,
        0.006193547339999999,
        0.006083440339999999,
        0.00639727434,
        0.006354280339999999,
        0.00697133334,
        0.00639906134,
        0.00607994934,
        0.006134735339999999,
        0.00629563834,
        0.00621280934,
        0.00619897734,
        0.00612636934,
        0.006450544339999999,
        0.0069621083399999985,
        0.006539925339999999,
        0.00630446734,
        0.005981926339999999,
        0.006406678339999999,
        0.0066075293399999995,
        0.006880499339999999,
        0.00616346934,
        0.006171480339999999,
        0.006258659339999998,
        0.00608151434,
        0.006234356339999999,
        0.00635193534,
        0.006218463339999999,
        0.006272819339999999,
        0.006316442339999999,
        0.00658866434,
        0.006216271339999999,
        0.00606850334,
        0.00647316534,
        0.00624359834,
        0.0066381353399999985,
        0.00603157134,
        0.006296354339999999,
        0.006425741339999999,
        0.006197608339999999,
        0.006221534339999999,
        0.006118788339999999,
        0.006270434339999999,
        0.0066267123399999985,
        0.006375894339999999,
        0.007235230339999999,
        0.006158178339999999,
        0.00616178834,
        0.006694705339999999,
        0.006355839339999999,
        0.006536538339999998,
        0.0060859433399999985,
        0.006160449339999999,
        0.006437025339999999,
        0.006253797339999999,
        0.00630721934,
        0.00665190534,
        0.0059899193399999984,
        0.006478852339999999,
        0.006113119339999999,
        0.006436469339999999,
        0.005990861339999999,
        0.0061798103399999995,
        0.006978912339999999,
        0.0071938373399999984,
        0.00625667934,
        0.006313264339999999,
        0.006245034339999999,
        0.00645978834,
        0.006516215339999999,
        0.006189350339999998,
        0.006160162339999999,
        0.006315909339999998,
        0.006576675339999999,
        0.00641240834,
        0.00619732334,
        0.00621155434
      ]
    },
    {
      "command": "dasel put document -f benchmark/data.json -o - -d json '.user.name' '{\"first\":\"Frank\",\"last\":\"Jones\"}'",
      "mean": 0.008305120169999996,
      "stddev": 0.0003055619245520301,
      "median": 0.00824025334,
      "user": 0.004561955,
      "system": 0.0024566849999999993,
      "min": 0.007826440339999999,
      "max": 0.00956123634,
      "times": [
        0.00815616334,
        0.00842398634,
        0.008201165339999998,
        0.00842376934,
        0.00851224634,
        0.00817089434,
        0.00797620734,
        0.00837247434,
        0.00814944234,
        0.008061429339999999,
        0.008073310339999999,
        0.00834033234,
        0.00855247134,
        0.00861009634,
        0.00827284534,
        0.00816883534,
        0.008226205339999999,
        0.00823579534,
        0.008420996339999999,
        0.00815685934,
        0.00848492834,
        0.008241168339999999,
        0.007959077339999999,
        0.00812036934,
        0.00838146134,
        0.00834674534,
        0.00854426834,
        0.008997975339999999,
        0.00888003834,
        0.00830601634,
        0.00815826634,
        0.00823933834,
        0.008825796339999999,
        0.008247047339999999,
        0.00817231934,
        0.007826440339999999,
        0.008487560339999999,
        0.008506216339999999,
        0.008029968339999999,
        0.008215666339999999,
        0.008447306339999999,
        0.008218668339999999,
        0.008063742339999999,
        0.007912756339999999,
        0.008356535339999999,
        0.00821390034,
        0.00837144234,
        0.00794838734,
        0.00798794234,
        0.00843467734,
        0.00844300634,
        0.007995561339999999,
        0.007987371339999999,
        0.00825739734,
        0.00851154834,
        0.008477175339999999,
        0.009025570339999999,
        0.00868199834,
        0.008182787339999999,
        0.00789868534,
        0.008099541339999999,
        0.00956123634,
        0.00813962134,
        0.00814225134,
        0.00803994334,
        0.00830310034,
        0.00863678934,
        0.00810758734,
        0.007928605339999999,
        0.00805092034,
        0.00812647834,
        0.00807571134,
        0.00796316534,
        0.00834672634,
        0.00838763134,
        0.00824460634,
        0.008008575339999999,
        0.00804327534,
        0.008130260339999999,
        0.00856786834,
        0.007986876339999999,
        0.00826565334,
        0.00852794434,
        0.00876601634,
        0.00858587934,
        0.009037517339999999,
        0.009427813339999999,
        0.008305326339999999,
        0.008079328339999999,
        0.008006308339999999,
        0.008327199339999999,
        0.00848087034,
        0.008293095339999999,
        0.00804069834,
        0.008201009339999999,
        0.00816989334,
        0.00834348834,
        0.00811271634,
        0.00813625134,
        0.008621583339999999
      ]
    },
    {
      "command": "jq '.user.name = {\"first\":\"Frank\",\"last\":\"Jones\"}' benchmark/data.json",
      "mean": 0.028219372960000003,
      "stddev": 0.0009514379323784507,
      "median": 0.027847021340000003,
      "user": 0.023802905,
      "system": 0.0010287949999999999,
      "min": 0.027172288340000003,
      "max": 0.03170986134,