{
  "results": [
    {
      "command": "dasel put -f benchmark/data.json -o - -t json -v '{\"first\":\"Frank\",\"last\":\"Jones\"}' '.user.name'",
      "mean": 0.006530886124999999,
      "stddev": 0.00038803707923836905,
      "median": 0.006437664415000001,
      "user": 0.0035005749999999997,
      "system": 0.0019802100000000018,
      "min": 0.005925638415,
      "max": 0.008447199415,
      "times": [
        0.0063375754149999994,
        0.006516509415,
        0.006877044415,
        0.006655863414999999,
        0.0060758204150000005,
        0.006119062414999999,
        0.006415686415,
        0.006621628415000001,
        0.006690164415,
        0.0063553274150000005,
        0.006380520415,
        0.0065947374149999995,
        0.006415214415,
        0.006324996415000001,
        0.006014591414999999,
        0.006524591414999999,
        0.006520976415000001,
        0.0066430394149999995,
        0.006361141415,
        0.005970172415000001,
        0.006327384415,
        0.006586082415,
        0.006995722415000001,
        0.006481553415000001,
        0.006434072415,
        0.007817740415,
        0.006680003415,
        0.006838227415,
        0.007033855415,
        0.007455511414999999,
        0.007443184415,
        0.006811252415,
        0.006781591415,
        0.006289250414999999,
        0.006898348415,
        0.007343036415,
        0.008447199415,
        0.006607355415,
        0.006429767415000001,
        0.006271959415,
        0.006282478415000001,
        0.0064860294150000004,
        0.0066850994149999995,
        0.006269326415,
        0.006488193414999999,
        0.006473147415,
        0.006764351415,
        0.006353072415000001,
        0.006072848415,
        0.006365421414999999,
        0.006418123415000001,
        0.006646543415000001,
        0.006375729415,
        0.006259327415,
        0.006262013415,
        0.006282028415,
        0.006510625415,
        0.006517222414999999,
        0.0064412324149999995,
        0.006902086415,
        0.006479367414999999,
        0.006777770415,
        0.006340070414999999,
        0.006091247415000001,
        0.006521733415,
        0.006347370414999999,
        0.0066826474149999995,
        0.0063540784150000005,
        0.006106853415,
        0.006022154415,
        0.006830002415,
        0.006829169415000001,
        0.006331850415,
        0.006094260415,
        0.006971312415,
        0.0063564994149999995,
        0.006399889415,
        0.006404774415,
        0.006482071415,
        0.006484054415000001,
        0.006260110415000001,
        0.006617456415,
        0.006193157415000001,
        0.006208156415000001,
        0.006199095415,
        0.006438406415,
        0.007133863415,
        0.007101259415,
        0.006764983415,
        0.006337966415,
        0.006373178415,
        0.006382950415,
        0.0063083634150000005,
        0.006183281415,
        0.006306217415000001,
        0.006436922415000001,
        0.007151019414999999,
        0.005925638415,
        0.006048794414999999,
        0.006567952415
      ]
    },
    {
      "command": "jq '.user.name = {\"first\":\"Frank\",\"last\":\"Jones\"}' benchmark/data.json",
      "mean": 0.028279107515000006,
      "stddev": 0.0010862684880742885,
      "median": 0.027862332415,
      "user": 0.023798304999999992,
      "system": 0.0010426799999999998,
      "min": 0.027121831415000002,
      "max": 0.031487645415,
      "times": [
        0.027891693415,
        0.029547868415,
        0.028330841415,
        0.027735541415,
        0.029992897415,
        0.031144924415,
        0.027516955415000002,
        0.027438832415000003,
        0.027121831415000002,
        0.027571658415000002,
        0.031487645415,
        0.027914688415000003,
        0.028282647415000004,
        0.031002146415000004,
        0.029219247415,
        0.028463898415000004,
        0.028512579415,
        0.027986129415,
        0.028401759415000002,
        0.030844037415,
        0.027669421415000003,
        0.028681968415,
        0.027504959415000002,
        0.027666780414999998,
        0.027802001415000003,
        0.027301324415,
        0.027794348415,
        0.030770005415,
        0.028462693415,
        0.027305949415000003,
        0.027136535415000003,
        0.027388946415,
        0.028778594415,
        0.030983457415000002,
        0.027282038415,
        0.031330012415,
        0.028150720415,
        0.027872125415,
        0.031169847415000004,
        0.027988194415000004,
        0.027535562415000003,
        0.027632936415,
        0.027646044415,
        0.028100476415000002,
        0.028568330415,
        0.027672756415000003,
        0.027544636415,
        0.027616088415,
        0.028005678415000002,
        0.027890388414999998,
        0.027734958415,
        0.027994659415,
        0.027478938415,
        0.027752932415000004,
        0.027845308415000002,
        0.027818495415000002,
        0.027761111415,
        0.028822436415000003,
        0.028842729415,
        0.027749883415,
        0.027326188415,
        0.027481190415000002,
        0.027412973415,
        0.027992801415,
        0.028659394415,
        0.028577048415000004,
        0.029822069415000003,
        0.027852539415,
        0.027579296415000003,
        0.027750881415,
        0.027993079415,
        0.027313675415000002,
        0.028253985415,
        0.028814041415,
        0.030340940415,
        0.027919619415000003,
        0.027607245415000002,
        0.027662675415,
        0.027614593415000003,
        0.028230395415,
        0.027651219415,
        0.027433407415000003,
        0.027448076415,
        0.027314347415000002,
        0.027637052415000002,
        0.028864723414999998,
        0.027609122415000003,
        0.031154227415000003,
        0.027977942415000002,
        0.027731960415000003,
        0.028627461415000003,
        0.027746569415000002,
        0.028167089415000002,
        0.029758399415,
        0.027421556415000003,
        0.027511127415000003,
        0.027619019415,
        0.027768254415000002,
        0.028063448415,
        0.028739013415000004
      ]
    },
    {
      "command": "yq --yaml-output '.user.name = {\"first\":\"Frank\",\"last\":\"Jones\"}' benchmark/data.yaml",
      "mean": 0.127277169305,
      "stddev": 0.0025284149054428723,
      "median": 0.12689608691499998,
      "user": 0.10090687500000001,
      "system": 0.022342160000000003,
      "min": 0.123905389415,
      "max": 0.142167015415,