{
  "results": [
    {
      "command": "dasel put object -f benchmark/data.json -o - -t string -t string '.user.name' first=Frank last=Jones",
      "mean": 0.00819877216,
      "stddev": 0.0005190636369392237,
      "median": 0.0080985232,
      "user": 0.0038612449999999997,
      "system": 0.002524709999999999,
      "min": 0.007423735700000001,
      "max": 0.0099101937,
      "times": [
        0.007881907700000001,
        0.0084721927,
        0.007897772700000001,
        0.0080915527,
        0.0078354947,
        0.0076657107,
        0.0076384947,
        0.0074773497,
        0.0074770887000000005,
        0.0079027147,
        0.007721362700000001,
        0.007867422700000001,
        0.007684843700000001,
        0.0075926407,
        0.0078442987,
        0.007807813700000001,
        0.007925621700000001,
        0.007793022700000001,
        0.007808222700000001,
        0.0079670807,
        0.007592497700000001,
        0.0078271677,
        0.0080592727,
        0.0076230137,
        0.007722339700000001,
        0.007591026700000001,
        0.007495520700000001,
        0.007553706700000001,
        0.007423735700000001,
        0.0074336617,
        0.007774578700000001,
        0.007476402700000001,
        0.007667811700000001,
        0.007901266700000001,
        0.007763766700000001,
        0.0081183977,
        0.0084732807,
        0.009067016700000001,
        0.008304330700000001,
        0.0077581487,
        0.007734301700000001,
        0.008039007700000001,
        0.0081333787,
        0.0080741947,
        0.0091372627,
        0.008960037700000001,
        0.0082223157,
        0.008216262700000001,
        0.0080854967,
        0.0082526227,
        0.0085679897,
        0.008206032700000001,
        0.0078568677,
        0.0082231857,
        0.0078946407,
        0.0076835857,
        0.0080548747,
        0.0079045617,
        0.007923898700000001,
        0.0082025347,
        0.0082479827,
        0.0082428217,
        0.0083070747,
        0.008298588700000002,
        0.0081919537,
        0.008072542700000001,
        0.007973357700000001,
        0.008220196700000001,
        0.008291875700000001,
        0.0081159527,
        0.0099101937,
        0.0090812757,
        0.0087525307,
        0.008871217700000001,
        0.009165166700000001,
        0.0090988687,
        0.008993297700000001,
        0.0095939397,
        0.0091535947,
        0.0087745167,
        0.008858973700000002,
        0.008881750700000001,
        0.0088944307,
        0.0083244457,
        0.0079614377,
        0.0077335697,
        0.0081054937,
        0.008287588700000001,
        0.007964748700000001,
        0.0086312227,
        0.008573927700000001,
        0.0083334627,
        0.0086348477,
        0.008567497700000001,
        0.0085938917,
        0.0085755767,
        0.0086083847,
        0.0087146897,
        0.008901726700000001,
        0.009019993700000001
      ]
    },
    {
      "command": "jq '.user.name = {\"first\":\"Frank\",\"last\":\"Jones\"}' benchmark/data.json",
      "mean": 0.02608673694000001,
      "stddev": 0.0007229851289435335,
      "median": 0.025918501700000002,
      "user": 0.02384376499999999,
      "system": 0.0007792299999999994,
      "min": 0.0248614017,
      "max": 0.029013784700000003,
      "times": [
        0.027199266700000002,
        0.026087992700000003,
        0.0258877307,
        0.026190357700000003,
        0.0252278137,
        0.0256047797,
        0.025767016700000003,
        0.025906334700000002,
        0.0259704317,
        0.0255314537,
        0.025840865700000003,
        0.025388903700000003,
        0.026476592700000003,
        0.025989042700000003,
        0.0260760257,
        0.026429495700000003,
        0.025676963700000003,
        0.027702824700000003,
        0.0269928577,
        0.024945611700000002,
        0.025479464700000003,
        0.0259041347,
        0.026151622700000002,
        0.0267297217,
        0.027289197700000004,
        0.0254585217,
        0.0270245757,
        0.0262833677,
        0.0286385137,
        0.026879672700000003,
        0.0255332537,
        0.025755072700000003,
        0.0255331287,
        0.025825936700000003,
        0.027102212700000003,
        0.027370115700000003,
        0.0261780417,
        0.0268104387,
        0.026218966700000002,
        0.025717442700000002,
        0.0258673017,
        0.0259872457,
        0.0258721867,
        0.0256103607,
        0.025659562700000003,
        0.0255606607,
        0.026249456700000003,
        0.0261297857,
        0.0256457447,
        0.026783333700000002,
        0.0248614017,
        0.0261310207,
        0.029013784700000003,
        0.025822240700000002,
        0.0264304217,
        0.026029711700000003,
        0.025931459700000003,
        0.025930668700000003,
        0.0253749347,
        0.025600715700000002,
        0.026357564700000002,
        0.0262612667,
        0.0255158537,
        0.0258539407,
        0.0256886997,
        0.025600107700000003,
        0.0258152887,
        0.026242087700000003,
        0.0251623657,
        0.028226179700000003,
        0.0273245917,
        0.0260764227,
        0.025782340700000003,
        0.0258803657,
        0.0260341647,
        0.0261769747,
        0.0257663807,
        0.026038523700000003,
        0.0256093727,
        0.0257507467,
        0.025978872700000002,
        0.0256375127,
        0.026638763700000002,
        0.0253046687,
        0.0265243977,
        0.0257644827,
        0.025707226700000002,
        0.027513520700000002,
        0.025328594700000002,
        0.025935930700000002,
        0.026794222700000002,
        0.025300322700000002,
        0.026054481700000003,
        0.025857891700000003,
        0.025694674700000003,
        0.0250553607,
        0.025492581700000003,
        0.025998480700000003,
        0.025469439700000002,
        0.026191263700000002
      ]
    },
    {
      "command": "yq --yaml-output '.user.name = {\"first\":\"Frank\",\"last\":\"Jones\"}' benchmark/data.yaml",
      "mean": 0.12653841739,
      "stddev": 0.0038285331081633644,
      "median": 0.1267485592,
      "user": 0.10476827500000001,
      "system": 0.02142528000000001,
      "min": 0.1198010937,
      "max": 0.14421292370000002,