{
  "results": [
    {
      "command": "dasel put -f benchmark/data.json -o - -t json -v '{\"first\":\"Frank\",\"last\":\"Jones\"}' '.user.name'",
      "mean": 0.006422970075000004,
      "stddev": 0.0002592311390476379,
      "median": 0.006427244135000004,
      "user": 0.0034678200000000004,
      "system": 0.0018750849999999996,
      "min": 0.005935629135000002,
      "max": 0.007666497135000004,
      "times": [
        0.006336393135000003,
        0.006181068135000002,
        0.006418077135000004,
        0.006728356135000004,
        0.006448036135000003,
        0.006830159135000003,
        0.006503247135000003,
        0.006436411135000004,
        0.006736368135000004,
        0.006534554135000002,
        0.006558581135000003,
        0.006282584135000003,
        0.006120268135000002,
        0.006145092135000002,
        0.006779569135000003,
        0.006266630135000003,
        0.006436979135000003,
        0.0063577031350000035,
        0.006437617135000002,
        0.006401713135000002,
        0.006066609135000003,
        0.006133587135000004,
        0.006394141135000003,
        0.006442958135000003,
        0.006506942135000002,
        0.0061409881350000025,
        0.006043180135000003,
        0.006375358135000004,
        0.006323783135000004,
        0.006554031135000003,
        0.006454782135000003,
        0.006227770135000003,
        0.006341274135000003,
        0.0062397841350000025,
        0.006440005135000003,
        0.006378471135000003,
        0.006468653135000004,
        0.006604068135000004,
        0.006487771135000002,
        0.0070779671350000035,
        0.006332770135000002,
        0.0060929511350000035,
        0.0061622521350000025,
        0.006255380135000002,
        0.006637074135000002,
        0.006738656135000003,
        0.0060157111350000025,
        0.006459797135000002,
        0.006578495135000003,
        0.006594673135000003,
        0.006839171135000002,
        0.006441838135000003,
        0.006205332135000003,
        0.006169139135000003,
        0.0064876931350000035,
        0.006335488135000003,
        0.006245259135000004,
        0.006728476135000003,
        0.006498143135000002,
        0.006537128135000002,
        0.006211818135000003,
        0.006168753135000003,
        0.0063790581350000024,
        0.006774036135000003,
        0.006647035135000003,
        0.006646727135000002,
        0.006132249135000004,
        0.006133609135000002,
        0.006319484135000003,
        0.006194529135000003,
        0.006115101135000004,
        0.005935629135000002,
        0.006566799135000002,
        0.006556774135000002,
        0.006893213135000003,
        0.0063177161350000035,
        0.006232146135000003,
        0.007666497135000004,
        0.006720194135000003,
        0.006660963135000003,
        0.006459544135000004,
        0.006343926135000002,
        0.006566500135000004,
        0.006382000135000003,
        0.006718511135000002,
        0.006600971135000003,
        0.0061100031350000035,
        0.0063574791350000034,
        0.006219203135000004,
        0.006541679135000002,
        0.006173321135000003,
        0.006205383135000003,
        0.006450139135000003,
        0.006723042135000003,
        0.006610811135000004,
        0.006241016135000003,
        0.005963750135000003,
        0.006172871135000002,
        0.0065870741350000026,
        0.006600488135000002
      ]
    },
    {
      "command": "jq '.user.name = {\"first\":\"Frank\",\"last\":\"Jones\"}' benchmark/data.json",
      "mean": 0.028196017095,
      "stddev": 0.0008715849917863493,
      "median": 0.027894469135000006,
      "user": 0.023674679999999997,
      "system": 0.0010444249999999997,
      "min": 0.027276977135000005,
      "max": 0.031580512135,
      "times": [
        0.028473661135000005,
        0.028695168135000008,
        0.028048717135,
        0.028785092135000006,
        0.028706316135000003,
        0.028346026135000004,
        0.027980714135000005,
        0.028745436135000007,
        0.028293366135,
        0.028658934135000005,
        0.027662792135000003,
        0.027942111135000006,
        0.028213151135000007,
        0.028605542135000005,
        0.028377693135000003,
        0.027276977135000005,
        0.027969851135000005,
        0.027301048135000006,
        0.030012949135000005,
        0.027714797135000007,
        0.028004290135000002,
        0.027881704135,
        0.027430656135000005,
        0.027641136135000004,
        0.027630125135000003,
        0.027786520135000003,
        0.027830044135000006,
        0.027748051135000004,
        0.027919986135,
        0.028948075135000004,
        0.028597363135,
        0.028194129135000006,
        0.027787832135000006,
        0.028171757135000006,
        0.027883746135,
        0.027418437135000005,
        0.027642960135000005,
        0.027975492135000005,
        0.030476533135000008,
        0.030710006135000006,
        0.027815128135000002,
        0.027998006135000007,
        0.027898279135000006,
        0.027726707135000004,
        0.029302816135000003,
        0.028368043135000003,
        0.027947257135000004,
        0.027346460135000004,
        0.028935335135000007,
        0.027663962135000005,
        0.027743317135000004,
        0.027691987135000005,
        0.027763954135,
        0.027532456135000005,
        0.027783781135,
        0.028440508135000004,
        0.027797753135000002,
        0.027963441135000006,
        0.027920713135000007,
        0.027289154135000004,
        0.027681011135000003,
        0.027493872135000003,
        0.027868640135,
        0.028366200135000002,
        0.029070913135000005,
        0.029233967135000007,
        0.028412957135000003,
        0.027370576135000005,
        0.027832946135000005,
        0.027734754135,
        0.027655982135000003,
        0.027799693135,
        0.027415423135000005,
        0.027567065135000006,
        0.027837976135,
        0.027723482135,
        0.028879830135000003,
        0.027905117135,
        0.028116782135000008,
        0.027595436135000005,
        0.027581509135000005,
        0.031470308135,
        0.030744348135000005,
        0.028194224135000005,
        0.030177037135000005,
        0.028074820135,
        0.027751349135000002,
        0.027890659135000006,
        0.027668409135000006,
        0.027681258135000004,
        0.030169126135000005,
        0.027777881135000005,
        0.027705131135,
        0.027696726135000006,
        0.027516806135000006,
        0.028604183135000006,
        0.028401021135000006,
        0.027619255135000003,
        0.027316272135000003,
        0.031580512135
      ]
    },
    {
      "command": "yq --yaml-output '.user.name = {\"first\":\"Frank\",\"last\":\"Jones\"}' benchmark/data.yaml",
      "mean": 0.13092467082499998,
      "stddev": 0.013374891122173452,
      "median": 0.126966886135,
      "user": 0.10326788000000006,
      "system": 0.023105054999999992,
      "min": 0.12439638613500001,
      "max": 0.22919223413500003,