{
  "results": [
    {
      "command": "dasel put object -f benchmark/data.json -o - -t string -t string '.user.name' first=Frank last=Jones",
      "mean": 0.01147854911,
      "stddev": 0.0024501568028565362,
      "median": 0.01036958871,
      "user": 0.006968239999999999,
      "system": 0.0033104150000000006,
      "min": 0.009480590710000002,
      "max": 0.020447198710000003,
      "times": [
        0.010082365710000001,
        0.010320453710000002,
        0.01012203371,
        0.010082554710000002,
        0.009995412710000002,
        0.009769165710000001,
        0.010144331710000001,
        0.010527536710000002,
        0.010462398710000001,
        0.01037230771,
        0.009891278710000001,
        0.009894866710000002,
        0.009819925710000002,
        0.01036686971,
        0.01003488171,
        0.009720433710000002,
        0.009783660710000001,
        0.009752362710000002,
        0.00972835571,
        0.00990524771,
        0.009812194710000001,
        0.01000929971,
        0.009974116710000001,
        0.009641469710000001,
        0.009960982710000002,
        0.010349910710000002,
        0.010132491710000002,
        0.01047378571,
        0.010906009710000001,
        0.010565274710000001,
        0.010113840710000002,
        0.010633995710000002,
        0.010390491710000001,
        0.01080669371,
        0.010075934710000001,
        0.010665044710000002,
        0.010377522710000002,
        0.00984349571,
        0.00958493571,
        0.009480590710000002,
        0.01032018571,
        0.01130495771,
        0.010806048710000002,
        0.01064933271,
        0.010302578710000001,
        0.009545559710000002,
        0.010850263710000002,
        0.017501819710000005,
        0.011458692710000001,
        0.01160838171,
        0.01188299471,
        0.012214441710000001,
        0.012150942710000001,
        0.011128119710000002,
        0.010776707710000001,
        0.010042348710000001,
        0.010688913710000001,
        0.010657678710000002,
        0.010135848710000001,
        0.00982212571,
        0.009717768710000001,
        0.00998519871,
        0.009815826710000001,
        0.010528683710000002,
        0.01035627071,
        0.010030466710000002,
        0.009822584710000002,
        0.009692227710000001,
        0.010485743710000002,
        0.009890994710000002,
        0.009598287710000002,
        0.00964190271,
        0.010085191710000002,
        0.009897608710000002,
        0.01039836371,
        0.01011763671,
        0.009673816710000002,
        0.010038491710000002,
        0.01338926971,
        0.016244817710000005,
        0.01473677871,
        0.01355103771,
        0.01490711471,
        0.01432654771,
        0.014715156710000002,
        0.01571583371,
        0.014888874710000001,
        0.015590129710000003,
        0.014631003710000002,
        0.013953680710000001,
        0.01324303771,
        0.01557738571,
        0.014746397710000003,
        0.01541669271,
        0.013386175710000002,
        0.016107830710000003,
        0.016360880710000004,
        0.019596280710000004,
        0.020447198710000003,
        0.018123249710000004
      ]
    },
    {
      "command": "jq '.user.name = {\"first\":\"Frank\",\"last\":\"Jones\"}' benchmark/data.json",
      "mean": 0.02642518612999999,
      "stddev": 0.0022577798254652067,
      "median": 0.025796484210000005,
      "user": 0.024050480000000016,
      "system": 0.0007247349999999997,
      "min": 0.024509628710000005,
      "max": 0.04078871071,
      "times": [
        0.027007992710000005,
        0.025520283710000004,
        0.027548761710000005,
        0.026252914710000005,
        0.025129912710000004,
        0.028479677710000005,
        0.025752402710000004,
        0.029444617710000003,
        0.036048770710000004,
        0.04078871071,
        0.03200633571000001,
        0.025834819710000005,
        0.025576359710000003,
        0.026054655710000003,
        0.025501484710000005,
        0.024509628710000005,
        0.025651907710000005,
        0.026864024710000003,
        0.035619127710000004,
        0.026547077710000005,
        0.025929157710000005,
        0.026142566710000006,
        0.026308194710000003,
        0.026039431710000005,
        0.026197255710000002,
        0.025564351710000002,
        0.025394503710000006,
        0.025625394710000002,
        0.025573592710000002,
        0.024850758710000004,
        0.029844005710000003,
        0.025487336710000003,
        0.025671543710000005,
        0.025386551710000003,
        0.025535416710000005,
        0.028141496710000005,
        0.026041104710000006,
        0.025696573710000004,
        0.027165409710000005,
        0.025790278710000003,
        0.025203585710000004,
        0.026345642710000006,
        0.025947330710000004,
        0.025013259710000003,
        0.025491303710000003,
        0.025675617710000005,
        0.025431298710000005,
        0.026598235710000005,
        0.025033425710000005,
        0.025632088710000004,
        0.026306210710000003,
        0.025572109710000002,
        0.025552901710000003,
        0.027054644710000002,
        0.025745731710000004,
        0.025429129710000005,
        0.025681358710000005,
        0.026270238710000005,
        0.027274342710000003,
        0.025765829710000004,
        0.025487177710000003,
        0.025693986710000005,
        0.026085934710000005,
        0.025945700710000005,
        0.025138948710000004,
        0.025255206710000005,
        0.025263909710000004,
        0.025449441710000003,
        0.025491330710000003,
        0.025606312710000002,
        0.027713254710000003,
        0.026062375710000005,
        0.025435529710000005,
        0.027008754710000003,
        0.026392911710000005,
        0.026066675710000004,
        0.026671047710000003,
        0.025477392710000005,
        0.026150487710000003,
        0.026530083710000003,
        0.024953150710000004,
        0.025791667710000004,
        0.025199638710000003,
        0.025256442710000004,
        0.025471448710000004,
        0.026135017710000003,
        0.025527766710000004,
        0.026003399710000003,
        0.027688009710000003,
        0.026578629710000003,
        0.025833135710000003,
        0.025534659710000004,
        0.026282667710000002,
        0.025801300710000002,
        0.025843515710000004,
        0.026359826710000003,
        0.026670613710000002,
        0.026271903710000002,
        0.025606345710000002,
        0.025234326710000005
      ]
    },
    {
      "command": "yq --yaml-output '.user.name = {\"first\":\"Frank\",\"last\":\"Jones\"}' benchmark/data.yaml",
      "mean": 0.11426311908999998,
      "stddev": 0.0029450363208449607,
      "median": 0.11446832671000001,
      "user": 0.09349115999999999,
      "system": 0.019949814999999996,
      "min": 0.10823863571,
      "max": 0.12795704671000002,