{
  "results": [
    {
      "command": "dasel put object -f benchmark/data.json -o - -t string -t string '.user.name' first=Frank last=Jones",
      "mean": 0.007635843384999999,
      "stddev": 0.0007453761642068243,
      "median": 0.007417155475,
      "user": 0.003698209999999999,
      "system": 0.0022704750000000005,
      "min": 0.007078585975000001,
      "max": 0.011424531975,
      "times": [
        0.007474417975,
        0.007645895975000001,
        0.0075545109749999995,
        0.007222244975,
        0.007484515975,
        0.007138666975000001,
        0.007376276975,
        0.0071329729750000005,
        0.007380749975,
        0.007447204975,
        0.007416514975,
        0.007413951975000001,
        0.0072145439749999995,
        0.007306603975000001,
        0.0074177959750000005,
        0.007245296975000001,
        0.007766576975,
        0.007471603975000001,
        0.007954770975,
        0.0073693949750000005,
        0.007349734975000001,
        0.007554399975000001,
        0.007391147975,
        0.007089714975,
        0.007791396975,
        0.007365978975,
        0.007475671975000001,
        0.0073549219749999995,
        0.007078585975000001,
        0.007307488975,
        0.007167914975,
        0.007710253975000001,
        0.007651611975,
        0.011047942975,
        0.011424531975,
        0.010172380975,
        0.009228941975,
        0.008932322975,
        0.009637013975,
        0.008865446975,
        0.008722216975,
        0.008623418975,
        0.008886723975,
        0.008136999975,
        0.008136117975000001,
        0.007922846975,
        0.007442041975000001,
        0.007378708975,
        0.007709466975000001,
        0.007298907975000001,
        0.007428322975,
        0.007200159975,
        0.007165127975000001,
        0.007264904975,
        0.007090916975,
        0.007917972975,
        0.007605542975000001,
        0.007249927975000001,
        0.007552685975000001,
        0.007129198975000001,
        0.007160754975000001,
        0.007365536975,
        0.0072118099750000005,
        0.007535507975000001,
        0.0072512299750000005,
        0.007922836975,
        0.007778311975,
        0.007252912975000001,
        0.007536226975000001,
        0.007505592975000001,
        0.007438501975000001,
        0.007384952975000001,
        0.0074457949749999995,
        0.0076998919749999995,
        0.0073317709750000005,
        0.007530224975000001,
        0.007483672975000001,
        0.007172084975,
        0.0073491559750000005,
        0.0071936589749999995,
        0.007106378975000001,
        0.007290795975,
        0.007369247975,
        0.007725426975,
        0.007616450975000001,
        0.007180467975,
        0.007452455975000001,
        0.007161033975,
        0.007393686975000001,
        0.007324295975000001,
        0.007174692975000001,
        0.007488855975,
        0.007302602975000001,
        0.007506039975,
        0.007261287975000001,
        0.007084048975,
        0.007151852975000001,
        0.007297465975,
        0.0076995769750000005,
        0.007553108975
      ]
    },
    {
      "command": "jq '.user.name = {\"first\":\"Frank\",\"last\":\"Jones\"}' benchmark/data.json",
      "mean": 0.02624282088499999,
      "stddev": 0.0017145482747035112,
      "median": 0.025779501975,
      "user": 0.023977110000000003,
      "system": 0.0007721650000000002,
      "min": 0.024964175975000003,
      "max": 0.037020413975,
      "times": [
        0.025991133975,
        0.025693859975,
        0.025708021975000002,
        0.025728943975,
        0.025710824975,
        0.025408087975,
        0.025582400975000003,
        0.025997729975,
        0.025714738975000002,
        0.025150239975000002,
        0.025232904975,
        0.027618476975,
        0.031724621975,
        0.035209501975,
        0.037020413975,
        0.030080950975,
        0.025938675975000002,
        0.025804560975,
        0.026000010975,
        0.025459844975000003,
        0.026382579975,
        0.026239048975000002,
        0.026673640975000003,
        0.026060677975,
        0.025904948975,
        0.026218002975,
        0.025044520975,
        0.025696226975,
        0.026984814975,
        0.025396895975,
        0.025546073975,
        0.026424276975,
        0.029221726975,
        0.026898488975000003,
        0.025799787975000002,
        0.026232909975000003,
        0.026182216975000002,
        0.025700699975,
        0.025864025975000003,
        0.025640158975,
        0.025766196975000003,
        0.024964175975000003,
        0.025554284975,
        0.025435091975,
        0.025657940975,
        0.027242029975000002,
        0.026855582975,
        0.025573016975,
        0.026786667975,
        0.028479015975,
        0.026189237975,
        0.025936478975,
        0.026186189975000003,
        0.025792806975000002,
        0.025474724975,
        0.025629666975,
        0.025349939975000003,
        0.025686334975000003,
        0.025585401975,
        0.025521721975,
        0.025826892975,
        0.025235631975000002,
        0.025435503975000003,
        0.025669146975,
        0.025690317975,
        0.025670901975,
        0.025668662975000003,
        0.026824751975,
        0.025892435975000003,
        0.025426710975000003,
        0.025652545975000003,
        0.025053801975,
        0.026485096975,
        0.026136855975,
        0.025884785975,
        0.025881293975,
        0.025531248975,
        0.025882400975,
        0.025827894975,
        0.025742514975000002,
        0.026293092975,
        0.025562474975000003,
        0.025731926975000003,
        0.026302273975000002,
        0.027509579975,
        0.026231868975000003,
        0.025982710975,
        0.025856543975,
        0.026279731975,
        0.025694745975000002,
        0.025719853975,
        0.025614987975000003,
        0.025748941975000002,
        0.025229396975000002,
        0.026252701975,
        0.025557564975000002,
        0.025635691975000003,
        0.025512436975,
        0.025922555975,
        0.025669424975
      ]
    },
    {
      "command": "yq --yaml-output '.user.name = {\"first\":\"Frank\",\"last\":\"Jones\"}' benchmark/data.yaml",
      "mean": 0.12233292646499999,
      "stddev": 0.006217424261642528,
      "median": 0.12006618897500002,
      "user": 0.10102476,
      "system": 0.020836325,
      "min": 0.114312144975,
      "max": 0.140895702975,