{
  "results": [
    {
      "command": "dasel put object -f benchmark/data.json -o - -t string -t string '.user.name' first=Frank last=Jones",
      "mean": 0.008254029435000003,
      "stddev": 0.000602707640119612,
      "median": 0.008207816494999999,
      "user": 0.003890969999999999,
      "system": 0.0025577299999999994,
      "min": 0.007279146995,
      "max": 0.009870997994999998,
      "times": [
        0.008309723995,
        0.008575383994999998,
        0.008501393994999999,
        0.008198283995,
        0.008229856995,
        0.008215176995,
        0.007915472994999999,
        0.008255353994999999,
        0.008114519995,
        0.008175938995,
        0.008425253995,
        0.008183546994999999,
        0.008135068995000001,
        0.009056963995,
        0.008423332995000001,
        0.008179850994999998,
        0.008275958994999999,
        0.007728211995,
        0.007513912994999999,
        0.007633671995,
        0.007279146995,
        0.007516404994999999,
        0.007558864995,
        0.007553558995,
        0.007621437995,
        0.007585088995,
        0.007366789995,
        0.007430433995,
        0.007629947995,
        0.0076216379950000005,
        0.007415721995,
        0.007426373995,
        0.007370685995,
        0.007302498994999999,
        0.007939332995,
        0.0077681559950000005,
        0.008337983995,
        0.008260648994999998,
        0.008278667994999999,
        0.008315544995,
        0.009047274995,
        0.008792743995000001,
        0.008503826994999998,
        0.008645019995,
        0.008656523994999998,
        0.008321218995,
        0.009477499995,
        0.008977629995,
        0.009152033995,
        0.009521109994999999,
        0.008836816995,
        0.008962241994999998,
        0.008884435994999999,
        0.008905635995000001,
        0.008974403995000001,
        0.009090552995,
        0.008853175995,
        0.008860643995,
        0.008910900994999998,
        0.008847028994999999,
        0.009252087994999998,
        0.008665246995,
        0.008322481994999999,
        0.008450166995000001,
        0.008410539995,
        0.008083547994999999,
        0.008512208995,
        0.008357120994999998,
        0.007790025994999999,
        0.008120131994999998,
        0.008119555995,
        0.007653003995,
        0.007729716994999999,
        0.007560996995,
        0.007825925995,
        0.007653650995,
        0.007610458995,
        0.007847963994999999,
        0.007698593995,
        0.007607714995,
        0.008517716995,
        0.008053116994999998,
        0.007901795994999999,
        0.007962573995,
        0.007791531994999999,
        0.007705125995,
        0.007935997995,
        0.008352879995,
        0.009870997994999998,
        0.009742312994999999,
        0.009097964994999999,
        0.009391430994999998,
        0.009195974994999998,
        0.008993203995,
        0.008207750994999999,
        0.008207881995,
        0.007956846994999999,
        0.007958981995,
        0.007916823994999999,
        0.007524358995
      ]
    },
    {
      "command": "jq '.user.name = {\"first\":\"Frank\",\"last\":\"Jones\"}' benchmark/data.json",
      "mean": 0.027063327414999994,
      "stddev": 0.0020652855788842214,
      "median": 0.026128896995,
      "user": 0.024666959999999995,
      "system": 0.0008333099999999998,
      "min": 0.025074371995,
      "max": 0.032515255995,
      "times": [
        0.030079760995,
        0.031553026995,
        0.031433993995,
        0.031981626995,
        0.032515255995,
        0.031323755995,
        0.026698707995,
        0.029115623995000003,
        0.025870908995,
        0.026043611995,
        0.028031825995000002,
        0.032184629995,
        0.031287114995,
        0.027404628995000003,
        0.025788743995000002,
        0.025886260995,
        0.026408011995,
        0.026300848995,
        0.026664522995000002,
        0.025977146995000002,
        0.025677532995000002,
        0.025960807995,
        0.026020783995,
        0.028927791995000004,
        0.031494098995,
        0.031314331995,
        0.030924812995,
        0.031579955995,
        0.030979179995000005,
        0.030475925995000003,
        0.030048053995,
        0.029170203995,
        0.026291519995000002,
        0.027690679995000002,
        0.025613810995000003,
        0.026707200995000003,
        0.029591893995000004,
        0.031414487995,
        0.029329173995000003,
        0.025913610995000003,
        0.025659987995,
        0.026220193995000002,
        0.026056708995,
        0.026423340995000003,
        0.027642427995000003,
        0.026151153995000002,
        0.025850036995000002,
        0.026138224995,
        0.025914033995000002,
        0.026434634995,
        0.026199480995000003,
        0.026225657995000002,
        0.025551406995,
        0.025302559995,
        0.026368979995000003,
        0.025931660995,
        0.026118335995000002,
        0.026214448995,
        0.025823089995000003,
        0.025940079995,
        0.025812097995,
        0.027104789995000003,
        0.025895991995000003,
        0.027653047995000003,
        0.025590648995000003,
        0.025592017995,
        0.025338435995000002,
        0.025128116995,
        0.025619123995000003,
        0.025675572995000003,
        0.025807676995,
        0.025336274995,
        0.025908627995000003,
        0.025826350995,
        0.026150758995000002,
        0.025853614995000003,
        0.025745599995,
        0.025213074995,
        0.025578432995,
        0.027189928995,
        0.025906021995,
        0.025441989995,
        0.026000174995,
        0.025387826995,
        0.025482353995000002,
        0.025074371995,
        0.025601029995,
        0.026083357995,
        0.025669863995,
        0.025584446995000003,
        0.025762328995,
        0.026198118995000002,
        0.026119827995,
        0.025783616995,
        0.026137965995,
        0.026153312995,
        0.027419613995,
        0.026590119995,
        0.025870177995,
        0.026203714995000002
      ]
    },
    {
      "command": "yq --yaml-output '.user.name = {\"first\":\"Frank\",\"last\":\"Jones\"}' benchmark/data.yaml",
      "mean": 0.12549522159500004,
      "stddev": 0.008312299420901594,
      "median": 0.122641592995,
      "user": 0.10347129999999996,
      "system": 0.021586860000000006,
      "min": 0.11374533899500001,
      "max": 0.14623275499500002,