{
  "results": [
    {
      "command": "daselv2 put -f benchmark/data.json -o - -t json -v '{\"first\":\"Frank\",\"last\":\"Jones\"}' 'user.name'",
      "mean": 0.007096848280000004,
      "stddev": 0.0008989921086404054,
      "median": 0.006849420210000002,
      "user": 0.0036368749999999995,
      "system": 0.002060194999999999,
      "min": 0.006213551710000003,
      "max": 0.010507066710000002,
      "times": [
        0.006925620710000002,
        0.006476661710000001,
        0.006608388710000001,
        0.0072955217100000025,
        0.006860406710000003,
        0.006304022710000003,
        0.006268017710000002,
        0.006814026710000002,
        0.006551776710000002,
        0.0073100097100000025,
        0.007084650710000001,
        0.006317399710000001,
        0.0062389587100000025,
        0.0064997677100000015,
        0.0063774617100000024,
        0.006597009710000002,
        0.006423757710000002,
        0.006847813710000003,
        0.007861083710000001,
        0.006660596710000001,
        0.006604909710000002,
        0.006615664710000002,
        0.006866928710000001,
        0.007477771710000003,
        0.008108477710000003,
        0.007010618710000001,
        0.008941026710000003,
        0.009566701710000002,
        0.009603732710000002,
        0.010507066710000002,
        0.009919799710000001,
        0.010066983710000001,
        0.009203908710000002,
        0.008586485710000003,
        0.008619408710000002,
        0.007206335710000003,
        0.007486809710000002,
        0.006526041710000001,
        0.006371594710000001,
        0.006409872710000002,
        0.006698095710000003,
        0.006915322710000001,
        0.0073032897100000025,
        0.007769848710000003,
        0.0069150587100000015,
        0.006690249710000002,
        0.006529057710000001,
        0.006721680710000002,
        0.007879926710000002,
        0.006938605710000002,
        0.006460996710000002,
        0.006242354710000002,
        0.006213551710000003,
        0.006260564710000001,
        0.006767143710000001,
        0.006851026710000001,
        0.0070568387100000025,
        0.007571166710000002,
        0.007516125710000002,
        0.006955463710000002,
        0.006443131710000001,
        0.006458823710000002,
        0.006992985710000002,
        0.007820122710000002,
        0.0068180127100000015,
        0.0065433157100000024,
        0.006880487710000003,
        0.0069787847100000015,
        0.007106549710000002,
        0.008238621710000001,
        0.006301092710000003,
        0.007184349710000001,
        0.006500296710000002,
        0.006442412710000001,
        0.006540327710000002,
        0.006636813710000002,
        0.006569965710000002,
        0.0074216807100000014,
        0.006724156710000002,
        0.006549115710000003,
        0.006291514710000001,
        0.006463625710000002,
        0.006661211710000002,
        0.007006767710000002,
        0.0073827727100000025,
        0.006328412710000002,
        0.006384609710000003,
        0.006881596710000002,
        0.006641852710000002,
        0.006938508710000003,
        0.007743175710000001,
        0.008377380710000002,
        0.006891573710000001,
        0.0064109777100000015,
        0.006444813710000002,
        0.006628415710000002,
        0.006713978710000002,
        0.007185292710000003,
        0.007501569710000001,
        0.007376265710000001
      ]
    },
    {
      "command": "dasel put document -f benchmark/data.json -o - -d json '.user.name' '{\"first\":\"Frank\",\"last\":\"Jones\"}'",
      "mean": 0.008545753239999999,
      "stddev": 0.0007094167735163248,
      "median": 0.008291929710000001,
      "user": 0.004730474999999999,
      "system": 0.0026364449999999994,
      "min": 0.007797566710000002,
      "max": 0.011590866710000002,
      "times": [
        0.007918019710000002,
        0.008252401710000003,
        0.009073899710000001,
        0.009363165710000003,
        0.009487843710000003,
        0.008683482710000003,
        0.011590866710000002,
        0.009899830710000002,
        0.008398993710000002,
        0.009334191710000002,
        0.010399174710000002,
        0.009068562710000002,
        0.008714236710000002,
        0.009611843710000002,
        0.008415981710000003,
        0.008740180710000002,
        0.008033977710000003,
        0.008017140710000002,
        0.008277698710000002,
        0.010276207710000002,
        0.009421147710000003,
        0.008764784710000003,
        0.008272296710000002,
        0.008094292710000003,
        0.008379390710000002,
        0.008505866710000002,
        0.009874785710000002,
        0.007879502710000002,
        0.007866711710000002,
        0.007873684710000002,
        0.007852006710000001,
        0.008171698710000001,
        0.009222759710000002,
        0.009198945710000002,
        0.009771422710000002,
        0.008028065710000002,
        0.008133432710000003,
        0.008058287710000002,
        0.008807028710000001,
        0.008351315710000001,
        0.008190292710000002,
        0.008222935710000002,
        0.008161144710000002,
        0.008694468710000002,
        0.009451323710000003,
        0.008191008710000001,
        0.008129977710000002,
        0.007893591710000002,
        0.008043487710000002,
        0.008006763710000002,
        0.008498234710000002,
        0.008827974710000002,
        0.008068311710000001,
        0.007977054710000002,
        0.007907224710000002,
        0.008198853710000002,
        0.009159472710000002,
        0.007797566710000002,
        0.007810283710000003,
        0.008075672710000002,
        0.008549240710000003,
        0.008768896710000001,
        0.007904774710000001,
        0.008280763710000002,
        0.007967892710000002,
        0.007892393710000003,
        0.008033045710000002,
        0.007936132710000002,
        0.008400954710000002,
        0.009027265710000003,
        0.007831617710000002,
        0.008019194710000002,
        0.008147686710000003,
        0.008739416710000001,
        0.009108633710000003,
        0.009267521710000002,
        0.008402761710000001,
        0.008158245710000001,
        0.008245578710000001,
        0.008716837710000001,
        0.008428258710000002,
        0.008303095710000001,
        0.007984666710000001,
        0.007896694710000002,
        0.008084745710000002,
        0.008323077710000001,
        0.009122187710000002,
        0.008597839710000003,
        0.009703177710000002,
        0.008187403710000003,
        0.008251325710000002,
        0.008412041710000002,
        0.010844991710000002,
        0.008330838710000002,
        0.008028977710000001,
        0.007884557710000002,
        0.008116029710000002,
        0.008055296710000001,
        0.008412323710000003,
        0.008818161710000001
      ]
    },
    {
      "command": "jq '.user.name = {\"first\":\"Frank\",\"last\":\"Jones\"}' benchmark/data.json",
      "mean": 0.02824861532999999,
      "stddev": 0.0009724590382429169,
      "median": 0.028010148210000002,
      "user": 0.023703034999999997,
      "system": 0.001084444999999999,
      "min": 0.02722818771,
      "max": 0.032720931710000005,