{
  "results": [
    {
      "command": "dasel put object -f benchmark/data.json -o - -t string -t string '.user.name' first=Frank last=Jones",
      "mean": 0.007456681055000004,
      "stddev": 0.0003931217009240917,
      "median": 0.007374536495000002,
      "user": 0.0036043200000000003,
      "system": 0.00218629,
      "min": 0.006982090995000002,
      "max": 0.009741894995000002,
      "times": [
        0.007248484995000002,
        0.007546663995000001,
        0.007579851995000001,
        0.007743755995000002,
        0.007864337995000002,
        0.007442114995000002,
        0.008565541995000002,
        0.0074724699950000015,
        0.007603898995000002,
        0.007479312995000001,
        0.007383773995000002,
        0.008853178995000002,
        0.007754287995000001,
        0.007093259995000002,
        0.007531512995000001,
        0.007386206995000002,
        0.007573194995000001,
        0.007775325995000002,
        0.007124713995000002,
        0.007284320995000001,
        0.007075837995000002,
        0.007375047995000002,
        0.007519629995000002,
        0.007665585995000002,
        0.007359306995000002,
        0.007271442995000002,
        0.007062250995000002,
        0.007268196995000002,
        0.007031764995000002,
        0.007379977995000002,
        0.007353445995000001,
        0.007299593995000001,
        0.007581570995000002,
        0.007212029995000001,
        0.007093844995000001,
        0.007158995995000002,
        0.007039560995000001,
        0.007567485995000001,
        0.007391812995000002,
        0.007125619995000002,
        0.0071775949950000015,
        0.006982090995000002,
        0.008396980995,
        0.007333484995000002,
        0.007217849995000001,
        0.007329706995000001,
        0.0071425779950000014,
        0.007307394995000001,
        0.007352188995000002,
        0.007101784995000002,
        0.007258084995000002,
        0.007467084995000001,
        0.007666283995000002,
        0.008022936995000002,
        0.0074859179950000024,
        0.007371157995000002,
        0.008026453995000002,
        0.007319143995000001,
        0.0075755799950000015,
        0.0073048329950000015,
        0.007085935995000002,
        0.009741894995000002,
        0.007383663995000001,
        0.007319919995000002,
        0.007479958995000001,
        0.007298509995000002,
        0.007335285995000001,
        0.007244892995000002,
        0.007125816995000001,
        0.007473063995000001,
        0.007367702995000001,
        0.007542455995000001,
        0.007874972995000002,
        0.007284423995000001,
        0.007469112995000001,
        0.007436820995000001,
        0.007004937995000002,
        0.007275046995000001,
        0.007931671995000002,
        0.007765414995000001,
        0.007394116995000002,
        0.008283865995000002,
        0.007385144995000002,
        0.007301130995000002,
        0.007432909995000002,
        0.0077651019950000025,
        0.007499914995000002,
        0.007503170995000001,
        0.007529132995000002,
        0.007194750995000002,
        0.007290313995000002,
        0.007132823995000001,
        0.007238010995000002,
        0.007374024995000002,
        0.007370810995000001,
        0.007381591995000002,
        0.006995042995000001,
        0.0073028159950000015,
        0.007552109995000002,
        0.007321462995000002
      ]
    },
    {
      "command": "jq '.user.name = {\"first\":\"Frank\",\"last\":\"Jones\"}' benchmark/data.json",
      "mean": 0.025712357875000008,
      "stddev": 0.0005629081587769019,
      "median": 0.025645766495000003,
      "user": 0.02367362,
      "system": 0.00063699,
      "min": 0.024779153995000004,
      "max": 0.028700766995,
      "times": [
        0.025530599995,
        0.025816953995000003,
        0.025732436995000003,
        0.025255552995,
        0.025471363995000003,
        0.025274899995000003,
        0.026183423995000003,
        0.026208235995000002,
        0.025604513995,
        0.025879285995,
        0.025533722995,
        0.025588944995,
        0.026284215995000006,
        0.025305051995,
        0.026288115995,
        0.026098466995,
        0.024898560995000006,
        0.025543663995,
        0.026147825995000006,
        0.026241260995,
        0.025219220995,
        0.025711210995000004,
        0.025754316995000005,
        0.026115514995000005,
        0.025461928995,
        0.025914751995000006,
        0.025532519995000003,
        0.025456348995000003,
        0.025674535995000004,
        0.026202137995,
        0.025174745995000004,
        0.025251911995,
        0.027027513995000002,
        0.025324107995000004,
        0.025386242995000002,
        0.025806566995000002,
        0.025721732995000003,
        0.025661391995000005,
        0.025251925995,
        0.025048797995000004,
        0.025118681995000003,
        0.025898329995000004,
        0.026019378995000002,
        0.025697001995000003,
        0.025854151995000005,
        0.025463091995000006,
        0.025156192995,
        0.025986388995000005,
        0.025019051995,
        0.025785155995000003,
        0.028700766995,
        0.025427284995,
        0.025636462995000005,
        0.025848569995,
        0.026041428995000004,
        0.025465640995000004,
        0.025194085995000004,
        0.025354429995000004,
        0.026101469995,
        0.025969219995,
        0.025283675995000005,
        0.025317815995,
        0.025607160995000003,
        0.025142823995,
        0.026084642995000004,
        0.025507187995,
        0.025102866995,
        0.027524255995000003,
        0.026556991995,
        0.026077815995000003,
        0.025872124995000002,
        0.025695609995,
        0.025860727995000006,
        0.025915873995000005,
        0.024935205995,
        0.024779153995000004,
        0.025853236995,
        0.025523447995000004,
        0.025347727995,
        0.026341468995000006,
        0.024962935995000005,
        0.026051959995000006,
        0.025275631995000006,
        0.024928653995,
        0.025955393995000006,
        0.026621884995000004,
        0.025471843995,
        0.026287672995000004,
        0.026904365995000006,
        0.025172002995000005,
        0.025400764995000005,
        0.025511918995,
        0.025216045995000005,
        0.025541411995000006,
        0.025961021995,
        0.025655069995,
        0.025218111995,
        0.025876860995,
        0.025478633995,
        0.026092467995
      ]
    },
    {
      "command": "yq --yaml-output '.user.name = {\"first\":\"Frank\",\"last\":\"Jones\"}' benchmark/data.yaml",
      "mean": 0.12251789787499998,
      "stddev": 0.003844425828953734,
      "median": 0.12188819649500002,
      "user": 0.10128566999999998,
      "system": 0.020810339999999993,
      "min": 0.11356354399500002,
      "max": 0.135378037995,