{
  "results": [
    {
      "command": "dasel put object -f benchmark/data.json -o - -t string -t string '.user.name' first=Frank last=Jones",
      "mean": 0.007518075835000002,
      "stddev": 0.0002956205763702313,
      "median": 0.007452109965000003,
      "user": 0.003616615000000001,
      "system": 0.0022413049999999994,
      "min": 0.006999177965000002,
      "max": 0.008553775965000003,
      "times": [
        0.007361122965000003,
        0.007162690965000003,
        0.007483286965000002,
        0.007144427965000002,
        0.007431712965000002,
        0.007249664965000003,
        0.007417660965000003,
        0.007991187965000002,
        0.007486254965000003,
        0.007538155965000003,
        0.007669301965000002,
        0.007134597965000003,
        0.007367254965000002,
        0.007224542965000002,
        0.007600565965000002,
        0.007771969965000002,
        0.007699022965000003,
        0.007388413965000002,
        0.007139885965000002,
        0.006999177965000002,
        0.007259078965000002,
        0.007163401965000003,
        0.007404855965000002,
        0.007354125965000003,
        0.007244391965000003,
        0.007447469965000002,
        0.007238080965000003,
        0.007415858965000003,
        0.007318118965000002,
        0.007253925965000003,
        0.007645272965000003,
        0.0073099709650000025,
        0.007368287965000003,
        0.007449023965000003,
        0.007390710965000002,
        0.007611791965000003,
        0.007300246965000003,
        0.007501732965000002,
        0.007478954965000003,
        0.007733247965000002,
        0.007842274965000003,
        0.007518383965000002,
        0.008403719965000002,
        0.007516593965000002,
        0.008022938965000002,
        0.008027792965000002,
        0.007686344965000003,
        0.007389507965000002,
        0.007843088965000003,
        0.007684279965000002,
        0.007530194965000002,
        0.007651151965000002,
        0.007349542965000002,
        0.008553775965000003,
        0.008151294965000002,
        0.007816974965000003,
        0.008284098965000002,
        0.008142105965000002,
        0.007726034965000003,
        0.007935793965000002,
        0.007500754965000002,
        0.007652829965000002,
        0.008047527965000002,
        0.007934287965000002,
        0.007716876965000003,
        0.007768062965000003,
        0.007549864965000002,
        0.007589926965000002,
        0.007730470965000003,
        0.007620892965000002,
        0.007754895965000003,
        0.007487379965000002,
        0.007645930965000002,
        0.007508236965000003,
        0.0072293279650000025,
        0.007403955965000002,
        0.007213420965000002,
        0.007271001965000003,
        0.007453706965000003,
        0.007308807965000002,
        0.007400026965000002,
        0.007278885965000002,
        0.007282256965000003,
        0.007472176965000002,
        0.007036246965000003,
        0.007450512965000003,
        0.007243209965000002,
        0.007605766965000002,
        0.007800758965000003,
        0.007330460965000002,
        0.0072470159650000025,
        0.007422860965000002,
        0.007223137965000003,
        0.007356975965000002,
        0.007160468965000003,
        0.007349347965000003,
        0.007305942965000003,
        0.007145821965000002,
        0.007644830965000002,
        0.007437364965000002
      ]
    },
    {
      "command": "jq '.user.name = {\"first\":\"Frank\",\"last\":\"Jones\"}' benchmark/data.json",
      "mean": 0.026162869825000004,
      "stddev": 0.000702928104662234,
      "median": 0.026002683965000002,
      "user": 0.023890675,
      "system": 0.0007685049999999993,
      "min": 0.025226600965000005,
      "max": 0.029300470965000002,
      "times": [
        0.026223800965000002,
        0.025614339965000003,
        0.025299581965000005,
        0.029300470965000002,
        0.026270838965000005,
        0.025927773965000005,
        0.026259058965000005,
        0.025856458965000002,
        0.025527445965000003,
        0.026515449965000003,
        0.025548187965000003,
        0.026124977965000004,
        0.025539620965000003,
        0.025408970965000003,
        0.026271193965000005,
        0.026483057965000004,
        0.026111818965000002,
        0.025692119965000003,
        0.027377418965000004,
        0.027362490965000003,
        0.027848291965000004,
        0.026222066965000002,
        0.026012095965000002,
        0.026070758965000003,
        0.025908627965000004,
        0.025966640965000003,
        0.026706020965000004,
        0.025986946965000004,
        0.026000472965000004,
        0.026619923965000004,
        0.026518806965000002,
        0.025918131965000004,
        0.025907206965000002,
        0.026127104965000005,
        0.025331854965000004,
        0.025435194965000005,
        0.027090663965000004,
        0.025809942965000002,
        0.027984943965000005,
        0.025569552965000002,
        0.025803782965000004,
        0.026431943965000003,
        0.025874594965000004,
        0.027129109965000002,
        0.027705854965000002,
        0.025636043965000004,
        0.025976413965000004,
        0.026108871965000002,
        0.026126971965000002,
        0.026066492965000004,
        0.025836586965000005,
        0.025691967965000003,
        0.026207902965000005,
        0.025333108965000004,
        0.026109714965000003,
        0.028593327965000002,
        0.026599310965000005,
        0.025940703965000003,
        0.025978720965000004,
        0.025936202965000002,
        0.026041512965000003,
        0.025745967965000005,
        0.025885854965000003,
        0.026052596965000004,
        0.026004894965000004,
        0.025502511965000002,
        0.025446365965000002,
        0.025782711965000003,
        0.027010409965000003,
        0.025530463965000003,
        0.026030246965000003,
        0.025948664965000003,
        0.027131279965000005,
        0.025893544965000004,
        0.026012687965000003,
        0.025538878965000004,
        0.025848394965000004,
        0.025540218965000003,
        0.026810607965000004,
        0.025759398965000003,
        0.025905075965000003,
        0.025641889965000005,
        0.026052895965000003,
        0.027289733965000004,
        0.026081804965000004,
        0.026126141965000002,
        0.026237402965000003,
        0.026386198965000003,
        0.027371601965000002,
        0.027045122965000005,
        0.026362030965000005,
        0.026120354965000002,
        0.025543199965000003,
        0.025744543965000005,
        0.026182401965000004,
        0.025226600965000005,
        0.025970389965000003,
        0.025476827965000004,
        0.025929340965000002,
        0.025238242965000005
      ]
    },
    {
      "command": "yq --yaml-output '.user.name = {\"first\":\"Frank\",\"last\":\"Jones\"}' benchmark/data.yaml",
      "mean": 0.13227828811499992,
      "stddev": 0.012179799867916053,
      "median": 0.132171704965,
      "user": 0.10888896499999998,
      "system": 0.02289713500000001,
      "min": 0.11068399796500002,
      "max": 0.158294692965,