{
  "results": [
    {
      "command": "dasel put object -f benchmark/data.json -o - -t string -t string '.user.name' first=Frank last=Jones",
      "mean": 0.011486068,
      "stddev": 0.00066776239825858,
      "median": 0.011294550099999998,
      "user": 0.007289640000000003,
      "system": 0.0032119199999999996,
      "min": 0.010524200099999999,
      "max": 0.0139100351,
      "times": [
        0.010993316099999999,
        0.0108757631,
        0.010944972099999999,
        0.011155028099999999,
        0.011253731099999999,
        0.011802575099999999,
        0.0121081391,
        0.0112012991,
        0.011478131099999999,
        0.0108621191,
        0.0108797771,
        0.0111962691,
        0.010524200099999999,
        0.0116357601,
        0.011070463099999999,
        0.0116577861,
        0.0114763161,
        0.011305744099999999,
        0.0113640971,
        0.011031969099999999,
        0.011309680099999999,
        0.012895556099999999,
        0.012437828099999998,
        0.0123554911,
        0.013112646099999998,
        0.012287475099999999,
        0.012328138099999999,
        0.0120149501,
        0.013397963099999998,
        0.0121820411,
        0.012641293099999997,
        0.011748028099999999,
        0.012485561099999999,
        0.011180132099999998,
        0.011751561099999999,
        0.011496162099999999,
        0.0113964191,
        0.011119266099999999,
        0.0112290781,
        0.010967400099999998,
        0.0114932241,
        0.010861903099999999,
        0.0106085731,
        0.0115428571,
        0.010738504099999999,
        0.0108337721,
        0.0109143391,
        0.011363901099999999,
        0.0108800321,
        0.011097119099999999,
        0.0110203401,
        0.010613112099999999,
        0.012087756099999998,
        0.0113006151,
        0.011676263099999999,
        0.0113333911,
        0.011350250099999999,
        0.0112207301,
        0.0110447621,
        0.0112657491,
        0.0112219691,
        0.0113676441,
        0.0113893221,
        0.011370855099999999,
        0.012325390099999998,
        0.0124993551,
        0.012477970099999998,
        0.012042762099999998,
        0.0123549761,
        0.013155220099999998,
        0.0122086441,
        0.012380183099999999,
        0.011598669099999999,
        0.012046242099999998,
        0.0117828231,
        0.011998659099999998,
        0.0111909271,
        0.0110441251,
        0.0110598261,
        0.010798662099999998,
        0.011025506099999999,
        0.010691906099999999,
        0.0112022251,
        0.010722068099999999,
        0.0109830521,
        0.010808687099999999,
        0.010927626099999999,
        0.011115327099999999,
        0.011008961099999999,
        0.011592123099999999,
        0.011149214099999999,
        0.011636405099999999,
        0.011101417099999998,
        0.0139100351,
        0.011185984099999999,
        0.011288485099999999,
        0.0108675541,
        0.0111476731,
        0.010783142099999999,
        0.010743863099999999
      ]
    },
    {
      "command": "jq '.user.name = {\"first\":\"Frank\",\"last\":\"Jones\"}' benchmark/data.json",
      "mean": 0.02742890601000001,
      "stddev": 0.00344576963260712,
      "median": 0.0260333686,
      "user": 0.025173459999999998,
      "system": 0.0005761500000000003,
      "min": 0.025242868100000003,
      "max": 0.0419720211,
      "times": [
        0.030464424099999998,
        0.027000160100000004,
        0.0264465671,
        0.032394247099999995,
        0.0344278321,
        0.0356081291,
        0.0374772041,
        0.0370010721,
        0.0352694341,
        0.0354646451,
        0.034106481099999995,
        0.0324680541,
        0.0290484061,
        0.0286049361,
        0.026423345100000002,
        0.025322204100000002,
        0.0256109031,
        0.026263154099999998,
        0.0274065401,
        0.025623248100000003,
        0.027224400099999997,
        0.027062571100000002,
        0.0264916631,
        0.0256341961,
        0.0257844371,
        0.026750462099999997,
        0.025827487099999998,
        0.0259205411,
        0.0257818061,
        0.025790430099999997,
        0.0270613251,
        0.0283252081,
        0.025932873100000003,
        0.0257433511,
        0.025863743100000003,
        0.0262919561,
        0.0255062131,
        0.0257905961,
        0.0255122661,
        0.0256841561,
        0.025736248099999998,
        0.0256001571,
        0.0259872831,
        0.026084084100000002,
        0.025907414099999998,
        0.0259290801,
        0.0257513111,
        0.025680381100000003,
        0.0254466311,
        0.025907564100000002,
        0.025691031099999997,
        0.0254079651,
        0.026236132099999997,
        0.025633067099999997,
        0.025840080100000003,
        0.0261848021,
        0.0254793091,
        0.026243516100000003,
        0.0263836031,
        0.0255186171,
        0.026113792099999998,
        0.025626857099999997,
        0.0265607411,
        0.0258408781,
        0.0271040851,
        0.0258304601,
        0.025242868100000003,
        0.0254917301,
        0.0259839891,
        0.0261976071,
        0.0259027691,
        0.0263959441,
        0.025452617099999998,
        0.0301691241,
        0.0408830751,
        0.0419720211,
        0.0341365211,
        0.0284876971,
        0.027096881099999998,
        0.026667726099999997,
        0.026833385100000003,
        0.026443564099999997,
        0.025345063100000002,
        0.0260446211,
        0.0257038641,
        0.025455378100000002,
        0.0264502571,
        0.026259927099999997,
        0.0254182031,
        0.026773453099999997,
        0.0293719941,
        0.0258842111,
        0.0262895291,
        0.0260221161,
        0.025933928100000003,
        0.025623614099999997,
        0.0255426631,
        0.0260957971,
        0.0255003091,
        0.0256823931
      ]
    },
    {
      "command": "yq --yaml-output '.user.name = {\"first\":\"Frank\",\"last\":\"Jones\"}' benchmark/data.yaml",
      "mean": 0.13319929073000003,
      "stddev": 0.00391867765339208,
      "median": 0.13327595260000002,
      "user": 0.10804309999999999,
      "system": 0.024188250000000012,
      "min": 0.12273165109999999,
      "max": 0.14483323010000002,