{
  "results": [
    {
      "command": "daselv2 put -f benchmark/data.json -o - -t json -v '{\"first\":\"Frank\",\"last\":\"Jones\"}' 'user.name'",
      "mean": 0.00650203723,
      "stddev": 0.0006638888361333773,
      "median": 0.00640810666,
      "user": 0.003443579999999998,
      "system": 0.001841254999999999,
      "min": 0.00595942166,
      "max": 0.01254512866,
      "times": [
        0.006491495660000001,
        0.006553181660000001,
        0.00634175266,
        0.006198086660000001,
        0.006188848660000001,
        0.00626230866,
        0.00620201966,
        0.006629566660000001,
        0.006153287660000001,
        0.0065880936600000006,
        0.00642210866,
        0.0065917026600000005,
        0.0062226836600000005,
        0.00620513766,
        0.00622163366,
        0.00656256566,
        0.0065830546600000005,
        0.00641229166,
        0.00617485766,
        0.00611903166,
        0.00619687966,
        0.0065012546600000005,
        0.00668062866,
        0.00629641966,
        0.006302557660000001,
        0.006601882660000001,
        0.006375967660000001,
        0.00630141566,
        0.006215916660000001,
        0.00644369266,
        0.00655782366,
        0.00637577366,
        0.0062793206600000005,
        0.006085073660000001,
        0.006394376660000001,
        0.006784185660000001,
        0.006530628660000001,
        0.00637762366,
        0.0061203546600000006,
        0.00628212566,
        0.0063081186600000005,
        0.00657788466,
        0.00694850866,
        0.0064325916600000005,
        0.00640058466,
        0.006615635660000001,
        0.006431051660000001,
        0.0061780826600000005,
        0.00629185266,
        0.0064681886600000005,
        0.007023952660000001,
        0.00650858866,
        0.00623517866,
        0.00607095866,
        0.006261278660000001,
        0.0068586396600000005,
        0.00708187066,
        0.00644127366,
        0.006275631660000001,
        0.006714773660000001,
        0.00701775766,
        0.00647130766,
        0.00603048066,
        0.00655121966,
        0.00649816166,
        0.00679632766,
        0.006569036660000001,
        0.00619039366,
        0.0063400726599999995,
        0.00621890466,
        0.00595942166,
        0.0064844926600000005,
        0.00632456866,
        0.00654485166,
        0.006312283660000001,
        0.006549578660000001,
        0.006228664660000001,
        0.00602275366,
        0.006403921660000001,
        0.00684831766,
        0.00677110366,
        0.00652979066,
        0.006092327660000001,
        0.00642122266,
        0.006402833660000001,
        0.006550047660000001,
        0.006600982660000001,
        0.006100375660000001,
        0.00622891366,
        0.00632470666,
        0.006403209660000001,
        0.006476374660000001,
        0.006216348660000001,
        0.006937960660000001,
        0.006657764660000001,
        0.00724088266,
        0.007021599660000001,
        0.006308875660000001,
        0.01254512866,
        0.007058498660000001
      ]
    },
    {
      "command": "dasel put document -f benchmark/data.json -o - -d json '.user.name' '{\"first\":\"Frank\",\"last\":\"Jones\"}'",
      "mean": 0.008319365239999998,
      "stddev": 0.0002761968620072102,
      "median": 0.00828431066,
      "user": 0.004579110000000001,
      "system": 0.0024882249999999993,
      "min": 0.00787557866,
      "max": 0.009437950660000001,
      "times": [
        0.00834845166,
        0.008454892660000001,
        0.00814956766,
        0.00792014566,
        0.00818268366,
        0.008006759660000001,
        0.00835451766,
        0.008218065660000001,
        0.00856279966,
        0.008411356660000001,
        0.008613327660000001,
        0.008401449660000001,
        0.00810613866,
        0.008365743660000001,
        0.00891001466,
        0.00827341866,
        0.008135243660000001,
        0.008281445660000001,
        0.00814801966,
        0.00846605066,
        0.00823321366,
        0.00818191366,
        0.00822840866,
        0.00827745166,
        0.007978258660000001,
        0.008485124660000001,
        0.00843236566,
        0.00827851966,
        0.00813633866,
        0.00830481366,
        0.00848407066,
        0.00850419466,
        0.00794698066,
        0.00840067366,
        0.008561028660000001,
        0.00821107566,
        0.00799586266,
        0.008307039660000001,
        0.00848526866,
        0.008224495660000001,
        0.007969587660000001,
        0.008103400660000001,
        0.00853839566,
        0.00847272366,
        0.00846680566,
        0.00822311166,
        0.008084598660000001,
        0.00798737966,
        0.00791108266,
        0.00860615266,
        0.008250040660000001,
        0.00795492766,
        0.00808291666,
        0.00787557866,
        0.00856231166,
        0.008434264660000001,
        0.00838032466,
        0.00814797966,
        0.008427821660000001,
        0.00872916466,
        0.008357088660000001,
        0.00828717566,
        0.008151056660000001,
        0.00814303266,
        0.008050111660000001,
        0.00800036166,
        0.00808619166,
        0.008469713660000001,
        0.008969226660000001,
        0.00859644966,
        0.009437950660000001,
        0.00893539466,
        0.00821535766,
        0.00824385566,
        0.00838255866,
        0.00821140266,
        0.00856504466,
        0.00826795766,
        0.00796430166,
        0.00853304266,
        0.009256086660000001,
        0.00854070866,
        0.00794021066,
        0.00826877566,
        0.008323831660000001,
        0.00858611766,
        0.008129294660000001,
        0.00851242066,
        0.008426588660000001,
        0.00848206766,
        0.00799166366,
        0.00839827166,
        0.00875085666,
        0.008374552660000001,
        0.00794699466,
        0.00803716566,
        0.00835280566,
        0.008211882660000001,
        0.008297093660000001,
        0.00806609766
      ]
    },
    {
      "command": "jq '.user.name = {\"first\":\"Frank\",\"last\":\"Jones\"}' benchmark/data.json",
      "mean": 0.028222332929999996,
      "stddev": 0.0008271803761579731,
      "median": 0.02801893416,
      "user": 0.023717099999999998,
      "system": 0.0011016549999999991,
      "min": 0.027264846660000005,
      "max": 0.03302148466,