{
  "results": [
    {
      "command": "dasel put object -f benchmark/data.json -o - -t string -t string '.user.name' first=Frank last=Jones",
      "mean": 0.007602779440000005,
      "stddev": 0.00022433889767896253,
      "median": 0.007598001750000001,
      "user": 0.0036589949999999987,
      "system": 0.002248544999999999,
      "min": 0.007141500250000001,
      "max": 0.008636689250000003,
      "times": [
        0.007755478250000002,
        0.007665158250000001,
        0.007619268250000001,
        0.007696702250000002,
        0.007582905250000002,
        0.007469682250000001,
        0.007580199250000002,
        0.007459977250000002,
        0.007525410250000002,
        0.007467566250000001,
        0.007910839250000003,
        0.007741582250000001,
        0.0073831912500000015,
        0.007515215250000001,
        0.007414716250000001,
        0.007548820250000002,
        0.007714967250000002,
        0.007363801250000002,
        0.007307393250000001,
        0.007399604250000001,
        0.007254448250000001,
        0.007632605250000001,
        0.007784473250000001,
        0.007913254250000001,
        0.00788557225,
        0.007401419250000002,
        0.007540530250000001,
        0.0076915522500000015,
        0.007325932250000001,
        0.007665326250000001,
        0.007737281250000001,
        0.007728399250000001,
        0.008035261250000002,
        0.007488100250000002,
        0.0074943362500000015,
        0.007609114250000001,
        0.007514721250000001,
        0.007809957250000002,
        0.007714494250000001,
        0.007535900250000002,
        0.00792428325,
        0.007406978250000002,
        0.007399342250000002,
        0.007460309250000001,
        0.0072667632500000015,
        0.007735648250000002,
        0.007626308250000001,
        0.007515730250000001,
        0.007445880250000001,
        0.0074708542500000015,
        0.007870487250000002,
        0.007683147250000002,
        0.0076246492500000014,
        0.007504058250000002,
        0.007159232250000002,
        0.007949526250000002,
        0.008195829250000002,
        0.007803817250000002,
        0.00791829225,
        0.0076642372500000016,
        0.007622461250000001,
        0.007626749250000001,
        0.007546526250000002,
        0.007750914250000002,
        0.007851140250000003,
        0.007534526250000002,
        0.007423165250000001,
        0.007656518250000002,
        0.007141500250000001,
        0.007591928250000002,
        0.007510176250000001,
        0.007650992250000001,
        0.007662374250000002,
        0.007362116250000001,
        0.007449699250000001,
        0.007309189250000001,
        0.007347837250000002,
        0.007653808250000002,
        0.008636689250000003,
        0.007732577250000002,
        0.0077332892500000016,
        0.007480671250000002,
        0.007700475250000001,
        0.007405029250000001,
        0.007604075250000001,
        0.007744258250000001,
        0.007630353250000002,
        0.007565318250000002,
        0.007513586250000002,
        0.007991838250000001,
        0.007734330250000002,
        0.007256271250000002,
        0.007381618250000002,
        0.007696210250000001,
        0.007775345250000002,
        0.007564292250000001,
        0.007247404250000001,
        0.007312789250000001,
        0.007571876250000002,
        0.007797492250000002
      ]
    },
    {
      "command": "jq '.user.name = {\"first\":\"Frank\",\"last\":\"Jones\"}' benchmark/data.json",
      "mean": 0.02589292451,
      "stddev": 0.000708863260360132,
      "median": 0.025740400250000003,
      "user": 0.023704165000000003,
      "system": 0.000691734999999999,
      "min": 0.02496770125,
      "max": 0.029427454250000006,
      "times": [
        0.02581726925,
        0.02559421925,
        0.026262912250000003,
        0.026285842250000004,
        0.02540124325,
        0.02886425125,
        0.02532837225,
        0.025035432250000003,
        0.02560840525,
        0.025684188250000003,
        0.025441618250000003,
        0.025395933250000002,
        0.025413571250000003,
        0.02528211625,
        0.02496770125,
        0.02634339125,
        0.02561129925,
        0.02569919425,
        0.026056369250000003,
        0.02561239325,
        0.025777045250000002,
        0.02748997425,
        0.02565245025,
        0.02613013625,
        0.025875421250000002,
        0.02544727025,
        0.025643183250000003,
        0.025602846250000002,
        0.025388556250000003,
        0.026498472250000002,
        0.025126284250000002,
        0.025505198250000003,
        0.025921487250000003,
        0.02602818225,
        0.025565149250000002,
        0.025301852250000003,
        0.025338995250000003,
        0.02608337625,
        0.027121387250000004,
        0.026832893250000003,
        0.02553640125,
        0.02592087825,
        0.025950569250000003,
        0.025567876250000003,
        0.02567255125,
        0.026195905250000002,
        0.026319565250000003,
        0.02558847125,
        0.025314951250000002,
        0.025170137250000002,
        0.025156630250000003,
        0.025786495250000003,
        0.025462895250000003,
        0.026462058250000003,
        0.025470111250000003,
        0.02586636125,
        0.02688842425,
        0.025292929250000002,
        0.025025433250000003,
        0.025175645250000003,
        0.025745801250000002,
        0.02565185025,
        0.025601848250000003,
        0.025737864250000003,
        0.026222691250000003,
        0.025911020250000003,
        0.02582539425,
        0.025567397250000002,
        0.025439811250000003,
        0.026903250250000003,
        0.025878019250000002,
        0.02516800325,
        0.02497573625,
        0.02549045625,
        0.02817304425,
        0.025844547250000002,
        0.026003374250000003,
        0.025998444250000002,
        0.02621367225,
        0.02602561025,
        0.026092983250000003,
        0.02574293625,
        0.02634397025,
        0.026059810250000003,
        0.025524157250000002,
        0.025461380250000002,
        0.025489189250000002,
        0.02656511925,
        0.02613966925,
        0.02576013325,
        0.025854513250000002,
        0.029427454250000006,
        0.02560957025,
        0.02637217425,
        0.02564067625,
        0.02563935725,
        0.026176128250000003,
        0.02657138225,
        0.026611888250000004,
        0.02597194825
      ]
    },
    {
      "command": "yq --yaml-output '.user.name = {\"first\":\"Frank\",\"last\":\"Jones\"}' benchmark/data.yaml",
      "mean": 0.12152124087000006,
      "stddev": 0.0036795585689948945,
      "median": 0.12084418425000001,
      "user": 0.100237475,
      "system": 0.020761605,
      "min": 0.11600800325000002,
      "max": 0.14207495125,