{
  "results": [
    {
      "command": "dasel put object -f benchmark/data.json -o - -t string -t string '.user.name' first=Frank last=Jones",
      "mean": 0.010423801690000001,
      "stddev": 0.0019995466247424718,
      "median": 0.010056851600000001,
      "user": 0.0064874350000000015,
      "system": 0.0026851149999999996,
      "min": 0.009198167600000001,
      "max": 0.028751537600000005,
      "times": [
        0.009660160600000002,
        0.010076673600000002,
        0.010056860600000002,
        0.009622588600000002,
        0.0096156446,
        0.009715341600000003,
        0.009676522600000001,
        0.009848799600000003,
        0.0104898026,
        0.0102866476,
        0.009836559600000003,
        0.009852283600000001,
        0.0094464816,
        0.009482963600000002,
        0.010187048600000002,
        0.010113643600000003,
        0.009926507600000002,
        0.009428312600000002,
        0.010192129600000002,
        0.010851938600000003,
        0.010598966600000002,
        0.0104069676,
        0.009448981600000003,
        0.012197703600000002,
        0.012245233600000002,
        0.010911440600000002,
        0.009923508600000002,
        0.009383003600000002,
        0.009500170600000003,
        0.009523927600000003,
        0.0100014426,
        0.010894305600000001,
        0.009884670600000003,
        0.009696671600000002,
        0.009198167600000001,
        0.009739185600000002,
        0.010034100600000002,
        0.028751537600000005,
        0.013274243600000003,
        0.011999734600000003,
        0.011422054600000002,
        0.011368860600000003,
        0.0106046986,
        0.009924459600000001,
        0.0099882076,
        0.0103445666,
        0.010056842600000001,
        0.009935148600000002,
        0.0095438646,
        0.0099743386,
        0.010544015600000001,
        0.0104614126,
        0.009845368600000001,
        0.009788741600000001,
        0.009848990600000003,
        0.010064273600000003,
        0.0103681056,
        0.009769623600000003,
        0.0096134106,
        0.009395572600000002,
        0.0094315256,
        0.010440941600000003,
        0.009837138600000003,
        0.011863639600000003,
        0.009830020600000003,
        0.009308289600000002,
        0.010399884600000003,
        0.010666428600000003,
        0.012801767600000003,
        0.0112532106,
        0.009829203600000003,
        0.010485114600000001,
        0.010448490600000002,
        0.010614762600000001,
        0.009929797600000002,
        0.009475310600000002,
        0.010300741600000003,
        0.0111794526,
        0.0106468046,
        0.010641951600000001,
        0.010327282600000001,
        0.011070554600000001,
        0.010372565600000001,
        0.010094558600000001,
        0.009809173600000002,
        0.009581160600000003,
        0.0098564376,
        0.010134136600000003,
        0.0098107776,
        0.009642772600000002,
        0.009511938600000002,
        0.009650155600000002,
        0.010440515600000002,
        0.011675065600000003,
        0.010985220600000001,
        0.010354926600000001,
        0.0100892936,
        0.010506150600000003,
        0.010481241600000003,
        0.009758331600000003
      ]
    },
    {
      "command": "jq '.user.name = {\"first\":\"Frank\",\"last\":\"Jones\"}' benchmark/data.json",
      "mean": 0.025937376720000013,
      "stddev": 0.0007090602765287418,
      "median": 0.025847392100000005,
      "user": 0.023689415000000002,
      "system": 0.0006633950000000002,
      "min": 0.024892365600000004,
      "max": 0.028594502600000005,
      "times": [
        0.026097664600000004,
        0.025004977600000002,
        0.025081608600000003,
        0.025202572600000004,
        0.026095838600000004,
        0.025349922600000005,
        0.026201778600000003,
        0.025455844600000003,
        0.025556616600000002,
        0.025407296600000004,
        0.026590767600000002,
        0.024892365600000004,
        0.026124611600000004,
        0.027901669600000005,
        0.027739607600000004,
        0.027213252600000005,
        0.026250870600000004,
        0.025885431600000005,
        0.026077309600000004,
        0.025283185600000004,
        0.026565862600000004,
        0.027496213600000003,
        0.025406469600000002,
        0.026557548600000005,
        0.027027369600000004,
        0.025445515600000003,
        0.026246432600000005,
        0.025289610600000005,
        0.025122184600000003,
        0.025744501600000004,
        0.025489743600000003,
        0.026335073600000005,
        0.0284391386,
        0.025984327600000003,
        0.025795256600000004,
        0.025896123600000005,
        0.026188928600000005,
        0.026048671600000003,
        0.026504414600000005,
        0.025371273600000004,
        0.025832366600000004,
        0.025954117600000003,
        0.025294744600000002,
        0.025278285600000002,
        0.026312660600000003,
        0.026091740600000003,
        0.026057336600000005,
        0.025105039600000004,
        0.025321208600000002,
        0.026628648600000002,
        0.025686559600000002,
        0.026085505600000003,
        0.025286209600000005,
        0.025873292600000004,
        0.026365089600000002,
        0.026542944600000003,
        0.025612840600000002,
        0.025207603600000003,
        0.025504808600000005,
        0.025471321600000003,
        0.025638007600000002,
        0.026247399600000002,
        0.025098307600000005,
        0.025749304600000005,
        0.025886278600000003,
        0.025535374600000004,
        0.026419249600000003,
        0.027629628600000004,
        0.026001747600000003,
        0.025133954600000005,
        0.025318729600000003,
        0.025241723600000005,
        0.025555322600000003,
        0.025552646600000003,
        0.026348391600000003,
        0.025862417600000003,
        0.025795486600000004,
        0.025797558600000003,
        0.025612390600000003,
        0.025965932600000005,
        0.025783920600000003,
        0.025979603600000005,
        0.025971309600000003,
        0.025908038600000002,
        0.028594502600000005,
        0.026925849600000003,
        0.025968686600000002,
        0.025136512600000004,
        0.025657224600000004,
        0.025776044600000002,
        0.025661389600000004,
        0.026078227600000004,
        0.026305645600000004,
        0.026304147600000004,
        0.025180479600000003,
        0.025711234600000004,
        0.025398340600000003,
        0.025818571600000003,
        0.026324039600000005,
        0.024983870600000003
      ]
    },
    {
      "command": "yq --yaml-output '.user.name = {\"first\":\"Frank\",\"last\":\"Jones\"}' benchmark/data.yaml",
      "mean": 0.11479299563999999,
      "stddev": 0.005991791428548637,
      "median": 0.1131928801,
      "user": 0.094161085,
      "system": 0.019845085000000005,
      "min": 0.1073139706,
      "max": 0.1424003876,