{
  "results": [
    {
      "command": "daselv2 put -f benchmark/data.json -o - -t json -v '{\"first\":\"Frank\",\"last\":\"Jones\"}' 'user.name'",
      "mean": 0.006750202955000001,
      "stddev": 0.0008064608300316779,
      "median": 0.006467166985000001,
      "user": 0.0035604400000000015,
      "system": 0.0020089849999999996,
      "min": 0.005988469485000001,
      "max": 0.011323869485000002,
      "times": [
        0.009690115485000001,
        0.011323869485000002,
        0.009235551485,
        0.008642555485000002,
        0.008314932484999999,
        0.006672544485,
        0.006326525485000001,
        0.006808380485,
        0.007204486485000001,
        0.008223104485,
        0.007167500485000001,
        0.006636965485000001,
        0.007435763485000001,
        0.006302899485,
        0.006509043485,
        0.006403287485,
        0.006630894485000001,
        0.007654838485,
        0.006275526485000001,
        0.006351792485000001,
        0.006532550485000001,
        0.006062838485,
        0.006476628485000001,
        0.0070917234850000005,
        0.006287413485,
        0.006069096485000001,
        0.005988469485000001,
        0.006226987485000001,
        0.006124898485000001,
        0.006299640485,
        0.006458870485000001,
        0.006736293485,
        0.006906727485000001,
        0.0065128724850000005,
        0.006346673485,
        0.006505778485000001,
        0.006420421485,
        0.006781162485000001,
        0.007424889485,
        0.006442020485000001,
        0.006218262485,
        0.006257672485,
        0.006157008485000001,
        0.006629917485,
        0.007631182485000001,
        0.006143798485,
        0.006025870485,
        0.006192242485,
        0.006337677485000001,
        0.0062829214850000014,
        0.0065274264850000005,
        0.007099131485000001,
        0.006279168485000001,
        0.006266942485,
        0.006271937485000001,
        0.0063778894850000005,
        0.006450666485,
        0.006884345485000001,
        0.007045500485000001,
        0.006940350485000001,
        0.007035535485,
        0.007865925485000001,
        0.006596228485,
        0.006436934485000001,
        0.006614315485,
        0.007366004485,
        0.0072806424850000015,
        0.0062851214850000005,
        0.006785724485000001,
        0.006221397485000001,
        0.006246476485,
        0.007159571485000001,
        0.006394186485000001,
        0.006237364485,
        0.005989941485,
        0.006488616485,
        0.006454917485,
        0.007249064485000001,
        0.006880768485,
        0.006159349485000001,
        0.006364975485000001,
        0.0068927574850000005,
        0.006345352485000001,
        0.006453332485,
        0.006258164485000001,
        0.006817333485000001,
        0.0071700924850000005,
        0.006553243485000001,
        0.006105894485,
        0.006295151485,
        0.006384532485000001,
        0.006475463485,
        0.007335328485000001,
        0.006280925485000001,
        0.006435138485000001,
        0.006786584485000001,
        0.007993927485,
        0.006227673485000001,
        0.006378745485000001,
        0.006191144485
      ]
    },
    {
      "command": "dasel put document -f benchmark/data.json -o - -d json '.user.name' '{\"first\":\"Frank\",\"last\":\"Jones\"}'",
      "mean": 0.009893997334999993,
      "stddev": 0.002453158022107346,
      "median": 0.008984800485000001,
      "user": 0.00522313,
      "system": 0.0031173049999999995,
      "min": 0.007737082485,
      "max": 0.025238226485,
      "times": [
        0.009006946485,
        0.008626324485,
        0.009686017485,
        0.009158600485000001,
        0.009625942485,
        0.008378026485000002,
        0.008109913485000002,
        0.007992376485000001,
        0.008304907485000002,
        0.008539617485000001,
        0.010097873485000002,
        0.008185109485000001,
        0.010018427485000002,
        0.008752442485000001,
        0.008561505485000002,
        0.009639277485,
        0.010245095485000001,
        0.008362836485,
        0.008124236485000002,
        0.007944463485,
        0.008302390485000002,
        0.009054607485000001,
        0.008275091485,
        0.007737082485,
        0.008025940485,
        0.008458361485,
        0.008741758485,
        0.008400120484999999,
        0.007760947485,
        0.008063255485,
        0.008024510485,
        0.008154795485000001,
        0.008236532485,
        0.008469549485000002,
        0.008893272485,
        0.008074141485000002,
        0.007844270485000002,
        0.008144137485000001,
        0.008324459485000001,
        0.009533437485,
        0.008277805485000001,
        0.009393188485000002,
        0.008173981485000002,
        0.008611231485000002,
        0.009773353485,
        0.011029630485,
        0.014442433485000003,
        0.013096625485000003,
        0.014751735485,
        0.011938997485000002,
        0.011685018485,
        0.011833649485,
        0.012939560485000001,
        0.010674182485,
        0.015208033485000001,
        0.011594661485000001,
        0.010693162485000001,
        0.010503859485,
        0.011009818485,
        0.008480180485000002,
        0.008040043485000002,
        0.011994600485000003,
        0.013899237485,
        0.011756556485,
        0.011273508485,
        0.025238226485,
        0.015135722485000003,
        0.014719985485000003,
        0.014867260485000002,
        0.011517694485,
        0.011119606485000003,
        0.010852918485000002,
        0.011963221485000002,
        0.010359837485000002,
        0.009674300485000002,
        0.008179758485,
        0.008096207485,
        0.008331359485000002,
        0.009120952485,
        0.008575477485,
        0.008658045485000002,
        0.008278258485000002,
        0.008294992485,
        0.008888890485000002,
        0.009709972485,
        0.008962654485000002,
        0.008403726485000002,
        0.007962734485000001,
        0.008933401484999999,
        0.009331398485,
        0.010206423485000001,
        0.010343809485000001,
        0.011586126485,
        0.010275100485,
        0.010415424485000001,
        0.010778328485000002,
        0.011080772485000001,
        0.008295553485,
        0.008047565485000002,
        0.008240365485000001
      ]
    },
    {
      "command": "jq '.user.name = {\"first\":\"Frank\",\"last\":\"Jones\"}' benchmark/data.json",
      "mean": 0.03402515275500001,
      "stddev": 0.0064145362814838494,
      "median": 0.030243937485000004,
      "user": 0.027476760000000006,
      "system": 0.0020300250000000017,
      "min": 0.027556025485000003,
      "max": 0.049114605485000004,