{
  "results": [
    {
      "command": "dasel put object -f benchmark/data.json -o - -t string -t string '.user.name' first=Frank last=Jones",
      "mean": 0.006623650375,
      "stddev": 0.0011302864592830776,
      "median": 0.006261203975000001,
      "user": 0.003903879999999998,
      "system": 0.0020937399999999993,
      "min": 0.004462233475000001,
      "max": 0.009377175475000001,
      "times": [
        0.008175123475,
        0.007714804475,
        0.007645854475,
        0.007758632475000001,
        0.008399296475,
        0.008044239475000001,
        0.007836674475000001,
        0.0076682774750000005,
        0.008175272475,
        0.007979503475,
        0.007850217475,
        0.007563090475000001,
        0.008051226475000001,
        0.007834017475,
        0.007489310475,
        0.008043145475000001,
        0.007893724475,
        0.009115670475,
        0.007915874475000001,
        0.008040318475,
        0.008042618475,
        0.008088239475,
        0.007769355475,
        0.007642184475000001,
        0.008984137475,
        0.008209719475,
        0.009377175475000001,
        0.008012189475,
        0.008680959475000001,
        0.007763127475000001,
        0.0077001734750000005,
        0.007401120475,
        0.007071110475000001,
        0.006448035475000001,
        0.006185814475000001,
        0.007264614475,
        0.006469129475,
        0.006092438475,
        0.006103071475000001,
        0.006487758475000001,
        0.006388039475000001,
        0.006157182475,
        0.006183486475000001,
        0.006115602475000001,
        0.006067784475000001,
        0.006184362475,
        0.005806311475000001,
        0.005444472475,
        0.006107678475000001,
        0.0053402244750000005,
        0.004625463475000001,
        0.004467660475000001,
        0.005400559475,
        0.006974416475,
        0.006554531475,
        0.006280358475000001,
        0.006026015475,
        0.0059900554750000005,
        0.005913723475,
        0.006527978475,
        0.006343766475,
        0.007667128475,
        0.006378602475,
        0.005992661475000001,
        0.006031587475000001,
        0.006045156475000001,
        0.006061736475000001,
        0.005856311475000001,
        0.006100312475000001,
        0.006329718475000001,
        0.006242049475000001,
        0.006044061475000001,
        0.0060390464750000004,
        0.005071423475,
        0.0045357844750000004,
        0.004711236475,
        0.006098155475,
        0.005675430475,
        0.005708349475000001,
        0.004513827475000001,
        0.005543441475000001,
        0.006238584475000001,
        0.006049601475000001,
        0.006159222475,
        0.006403879475000001,
        0.006074986475,
        0.005868609475,
        0.005265503475000001,
        0.004462233475000001,
        0.004734062475,
        0.005344257475000001,
        0.005555219475000001,
        0.006237635475000001,
        0.006197506475000001,
        0.006098624475,
        0.005968289475000001,
        0.005840252475,
        0.006609840475,
        0.006429578475000001,
        0.006294206475000001
      ]
    },
    {
      "command": "jq '.user.name = {\"first\":\"Frank\",\"last\":\"Jones\"}' benchmark/data.json",
      "mean": 0.024618192335000004,
      "stddev": 0.0009032520626577474,
      "median": 0.024546977975000002,
      "user": 0.023135349999999996,
      "system": 0.00030064999999999985,
      "min": 0.022813170475000002,
      "max": 0.027902826475000003,
      "times": [
        0.025868315475000004,
        0.025429526475000002,
        0.025911976475000004,
        0.026619021475000004,
        0.025049745475000003,
        0.025185726475000003,
        0.025083801475000004,
        0.024931443475000002,
        0.025176811475000005,
        0.026213348475000002,
        0.025067568475000003,
        0.024678125475000003,
        0.024606285475000003,
        0.024125231475000005,
        0.024224366475000002,
        0.024347994475000002,
        0.023417773475000004,
        0.026385297475000003,
        0.025030481475000005,
        0.024675296475000004,
        0.023985611475000005,
        0.024885990475000005,
        0.023572992475000002,
        0.023694842475000002,
        0.023980639475000003,
        0.023328697475000004,
        0.025184489475000002,
        0.025007798475000002,
        0.024963567475000004,
        0.024088003475000005,
        0.024772714475000002,
        0.024661363475000003,
        0.024771966475000004,
        0.023781366475000003,
        0.024070612475000003,
        0.027640021475000002,
        0.025322328475000003,
        0.024827506475000004,
        0.024908698475000005,
        0.024041984475000003,
        0.025291757475000003,
        0.024654337475000003,
        0.024012354475000004,
        0.022813170475000002,
        0.026401461475000002,
        0.024011742475000004,
        0.023661514475000003,
        0.024485787475000003,
        0.024657828475000004,
        0.024020547475000004,
        0.025015130475000005,
        0.023339866475000002,
        0.023955438475000004,
        0.025789396475000004,
        0.024406769475000003,
        0.024188639475000002,
        0.024737071475000004,
        0.024111817475000002,
        0.024368840475000004,
        0.024789715475000005,
        0.024538686475,
        0.024276916475000004,
        0.025362606475000004,
        0.023885302475000002,
        0.025071192475000004,
        0.024167937475000005,
        0.023531207475000003,
        0.023606549475000002,
        0.023905518475000002,
        0.023419943475000003,
        0.025398117475000002,
        0.026043525475000003,
        0.024200833475000003,
        0.024754551475000004,
        0.024241162475000005,
        0.023516672475000003,
        0.023923160475000003,
        0.023911407475000004,
        0.023355556475000004,
        0.024678939475000005,
        0.027902826475000003,
        0.024450110475,
        0.024340999475000003,
        0.025018572475000004,
        0.025147082475000002,
        0.024609082475000002,
        0.023682621475000002,
        0.023659013475000004,
        0.024556276475000003,
        0.026200671475000003,
        0.024435044475000004,
        0.024231988475000004,
        0.024293097475000004,
        0.025168441475000004,
        0.024033099475000003,
        0.024555269475000002,
        0.023651941475000004,
        0.023492747475000002,
        0.026236268475000005,
        0.024131770475000005
      ]
    },
    {
      "command": "yq --yaml-output '.user.name = {\"first\":\"Frank\",\"last\":\"Jones\"}' benchmark/data.yaml",
      "mean": 0.11244994796499999,
      "stddev": 0.006261853981529927,
      "median": 0.11055841697500002,
      "user": 0.09355065,
      "system": 0.018698560000000006,
      "min": 0.10452919847500002,
      "max": 0.138732205475,