{
  "results": [
    {
      "command": "dasel -f benchmark/data.json",
      "mean": 0.007946202625000003,
      "stddev": 0.003229980798152829,
      "median": 0.006576704285,
      "user": 0.0037659949999999985,
      "system": 0.0022241949999999996,
      "min": 0.005257574285,
      "max": 0.019809073285,
      "times": [
        0.007748530285000001,
        0.005676090284999999,
        0.005906829285,
        0.007338381285000001,
        0.012748535285,
        0.005653431285,
        0.0055849282850000005,
        0.007329390285000001,
        0.013957188285,
        0.005318900285000001,
        0.006148835284999999,
        0.0073635992849999995,
        0.013967449285,
        0.007063198285000001,
        0.005589665285,
        0.008154472285,
        0.010707604285,
        0.005727462285,
        0.006075666285,
        0.007774261285,
        0.012413379285,
        0.005409365285,
        0.005591038285000001,
        0.0066407362850000005,
        0.014767933285000001,
        0.005389217284999999,
        0.0054295282850000005,
        0.006602523285,
        0.012556596285,
        0.005376248284999999,
        0.005897553285000001,
        0.006416272285,
        0.016258069285000003,
        0.006056821285,
        0.006163561285000001,
        0.007802712285000001,
        0.012806990285000002,
        0.005257574285,
        0.005601921285,
        0.006733401285000001,
        0.015217895285,
        0.006702758285000001,
        0.006167551285,
        0.009516541285000001,
        0.009719868285,
        0.005849329285,
        0.005659437285000001,
        0.007601554285000001,
        0.013277750284999999,
        0.0072461112850000006,
        0.006054033285,
        0.008016545285000001,
        0.010617251285,
        0.005379988285,
        0.005350013285,
        0.0063449372849999994,
        0.014668069285,
        0.005368418285000001,
        0.0055235702849999995,
        0.007144725285,
        0.011959484285,
        0.0054160092850000004,
        0.005327609285,
        0.005781670285,
        0.013060893285000002,
        0.005708120285,
        0.005465290285,
        0.005522317285,
        0.010805397285,
        0.006248332285,
        0.005725142285,
        0.005633391285000001,
        0.007867059285,
        0.012815216285000002,
        0.008999082285,
        0.009698550285,
        0.019809073285,
        0.009128705285,
        0.009776872285,
        0.017822789285,
        0.008115217285,
        0.0073397462850000005,
        0.012207527285,
        0.005731454285,
        0.005663687285,
        0.005475691285000001,
        0.008619796285,
        0.007792134285,
        0.005466052285,
        0.005612212284999999,
        0.006550885285,
        0.008976081285,
        0.005793297285,
        0.005782336285,
        0.005642790284999999,
        0.007654910285,
        0.006759018285,
        0.0053449202850000006,
        0.005467260285000001,
        0.005622028285
      ]
    },
    {
      "command": "jq '.' benchmark/data.json",
      "mean": 0.031234203765000013,
      "stddev": 0.0029315778209456,
      "median": 0.031612870285,
      "user": 0.025863945000000017,
      "system": 0.0013354949999999997,
      "min": 0.026623182284999998,
      "max": 0.037602234285,
      "times": [
        0.032217512285,
        0.027127250285,
        0.034145078285,
        0.032755614285,
        0.031851718285,
        0.028460734284999997,
        0.034283376285,
        0.032947461285,
        0.027072513285000002,
        0.030156763285,
        0.034567756285,
        0.029593528284999997,
        0.032891435285,
        0.032290300285,
        0.032110727285,
        0.028240888285,
        0.036465841285,
        0.031867415285,
        0.031837136285,
        0.027658592285,
        0.033728078285,
        0.036455244285,
        0.031250892285,
        0.027156851285,
        0.034241894285,
        0.032140623285,
        0.028204701285,
        0.036514199285,
        0.034304380285,
        0.034387248285,
        0.029184882284999998,
        0.034422473285,
        0.033425811285,
        0.032616495285,
        0.027251061285000003,
        0.037377745285,
        0.032690533285,
        0.031281673285,
        0.026623182284999998,
        0.033732541285,
        0.032636970285,
        0.028797317285,
        0.034875210285,
        0.033248205285,
        0.033153282285,
        0.027284563285,
        0.037602234285,
        0.031847342285,
        0.031919385285,
        0.027295140285,
        0.037052087285,
        0.035526620285,
        0.031405407285,
        0.027368612284999996,
        0.032021953285,
        0.032363317285,
        0.029611050285000003,
        0.035275452285,
        0.035472836285,
        0.032592004285,
        0.028479481284999997,
        0.034928577285,
        0.034584985285,
        0.028070721285000003,
        0.027278235285,
        0.030103668285000003,
        0.030011828285,
        0.027679235285,
        0.029510540284999998,
        0.031066713285,
        0.026842920285000002,
        0.027344863285,
        0.028732039284999997,
        0.026949980285,
        0.030474035285,
        0.030012555285,
        0.027117991284999997,
        0.032667216285,
        0.031876357285,
        0.035177676285,
        0.029033098285000003,
        0.031223531285,
        0.031004498285,
        0.026646319285000004,
        0.032263820285,
        0.029352447285,
        0.027549187285,
        0.030521835285,
        0.030100686284999997,
        0.027859732285,
        0.031542991285,
        0.028039204285,
        0.028733796285,
        0.034999103285,
        0.032337181285,
        0.029581976285,
        0.029787666285,
        0.031682749285,
        0.032272721285,
        0.027097064285
      ]
    },
    {
      "command": "yq --yaml-output '.' benchmark/data.yaml",
      "mean": 0.12690617450500002,
      "stddev": 0.0041681317489533675,
      "median": 0.125475421785,
      "user": 0.10112786499999997,
      "system": 0.02236647500000001,
      "min": 0.123183703285,
      "max": 0.14562020228500003,