{
  "results": [
    {
      "command": "daselv2 -f benchmark/data.json",
      "mean": 0.006798740780000002,
      "stddev": 0.0007966825941052452,
      "median": 0.0065634746800000004,
      "user": 0.0035874199999999983,
      "system": 0.0020525850000000013,
      "min": 0.005749871180000001,
      "max": 0.009911133180000002,
      "times": [
        0.006326486180000002,
        0.006422685180000002,
        0.0062048041800000005,
        0.007046182180000001,
        0.006322930180000002,
        0.006360854180000002,
        0.006196201180000001,
        0.005864289180000001,
        0.006306255180000001,
        0.0065673931800000005,
        0.006755650180000001,
        0.006770498180000001,
        0.00602751118,
        0.006244638180000001,
        0.006269988180000002,
        0.007021174180000001,
        0.006079789180000001,
        0.008460258180000001,
        0.009911133180000002,
        0.008702726180000002,
        0.007909376180000002,
        0.008500679180000002,
        0.00937110818,
        0.007910068180000002,
        0.00590443218,
        0.00609447018,
        0.006657576180000001,
        0.006243314180000001,
        0.006593165180000001,
        0.0061872381800000004,
        0.006774088180000002,
        0.007637996180000002,
        0.006370640180000001,
        0.006118778180000001,
        0.006079037180000002,
        0.006632209180000001,
        0.007620529180000002,
        0.006367239180000001,
        0.006005735180000001,
        0.005911306180000001,
        0.006416947180000002,
        0.006620476180000001,
        0.007026781180000002,
        0.006515131180000001,
        0.007536487180000001,
        0.0074739921800000015,
        0.006416565180000002,
        0.006934926180000002,
        0.005993498180000001,
        0.006225571180000002,
        0.007385396180000002,
        0.008740302180000001,
        0.007768912180000002,
        0.008035011180000001,
        0.0073377521800000005,
        0.006936325180000001,
        0.007184360180000002,
        0.007624952180000002,
        0.00782387818,
        0.0072808381800000006,
        0.006522073180000001,
        0.006911105180000002,
        0.0076504701800000005,
        0.006983161180000001,
        0.0062985081800000006,
        0.005983373180000001,
        0.005805203180000001,
        0.006517750180000002,
        0.006645066180000001,
        0.0069279301800000016,
        0.006651438180000002,
        0.006526380180000001,
        0.0068987881800000005,
        0.006412879180000001,
        0.006485426180000002,
        0.006810745180000001,
        0.007000289180000001,
        0.006868274180000002,
        0.006574462180000001,
        0.006076363180000001,
        0.006035812180000001,
        0.0063419591800000005,
        0.007291768180000002,
        0.008380762180000001,
        0.006039977180000001,
        0.006050078180000001,
        0.006427195180000001,
        0.007400586180000002,
        0.006591014180000002,
        0.006226141180000002,
        0.006533085180000002,
        0.007224135180000001,
        0.00655955618,
        0.006190555180000001,
        0.005749871180000001,
        0.0064349691800000015,
        0.00644116718,
        0.0071690011800000005,
        0.0063293741800000015,
        0.005878845180000002
      ]
    },
    {
      "command": "dasel -f benchmark/data.json",
      "mean": 0.008946176410000005,
      "stddev": 0.001077950621845663,
      "median": 0.00879050218,
      "user": 0.004885139999999998,
      "system": 0.0028115950000000014,
      "min": 0.007534199180000001,
      "max": 0.013179806180000002,
      "times": [
        0.008807396180000001,
        0.00925387218,
        0.011975647180000002,
        0.010670616180000002,
        0.009517496180000001,
        0.009918126180000002,
        0.009173555180000001,
        0.009142039180000002,
        0.00787381418,
        0.009303281180000001,
        0.008022627180000002,
        0.00835916618,
        0.007727251180000002,
        0.009260359180000002,
        0.008098490180000001,
        0.007891501180000001,
        0.007568062180000001,
        0.007600862180000001,
        0.00813090718,
        0.008156498180000001,
        0.008663076180000001,
        0.009400754180000002,
        0.00879683818,
        0.00858754318,
        0.007964075180000002,
        0.010148382180000002,
        0.009441467180000001,
        0.008196958180000002,
        0.007682423180000002,
        0.00781602718,
        0.007789326180000002,
        0.008147225180000002,
        0.009322925180000002,
        0.009824645180000001,
        0.008769026180000002,
        0.00800177418,
        0.008023411180000002,
        0.007861168180000001,
        0.00931252018,
        0.008661973180000001,
        0.0076789201800000016,
        0.008965074180000001,
        0.00878416618,
        0.008662746180000002,
        0.00895113018,
        0.00987227518,
        0.009203862180000001,
        0.008079976180000002,
        0.007871541180000002,
        0.010591815180000002,
        0.011270870180000002,
        0.009292318180000002,
        0.008446388180000002,
        0.00965350518,
        0.008333526180000002,
        0.008382913180000002,
        0.009898738180000002,
        0.009795559180000002,
        0.008211519180000001,
        0.007975104180000001,
        0.01014156218,
        0.008898572180000001,
        0.009113129180000002,
        0.007889986180000001,
        0.00818708618,
        0.00888114618,
        0.007794428180000002,
        0.007534199180000001,
        0.007839050180000001,
        0.007658956180000001,
        0.00856327318,
        0.007870843180000002,
        0.009025877180000001,
        0.013179806180000002,
        0.01011033218,
        0.010544499180000002,
        0.01196062718,
        0.01045768818,
        0.009341015180000002,
        0.01057573118,
        0.009189793180000001,
        0.008901331180000001,
        0.008885110180000001,
        0.009682034180000002,
        0.008630365180000002,
        0.008583722180000001,
        0.007968081180000001,
        0.010744487180000001,
        0.008697480180000002,
        0.00812564418,
        0.008216199180000001,
        0.008341664180000001,
        0.009320445180000001,
        0.008161276180000001,
        0.009386777180000002,
        0.009028782180000002,
        0.008940394180000002,
        0.008391204180000002,
        0.011223521180000001,
        0.00984646318
      ]
    },
    {
      "command": "jq '.' benchmark/data.json",
      "mean": 0.027845422380000012,
      "stddev": 0.0007027337764361714,
      "median": 0.027694907180000002,
      "user": 0.023510680000000003,
      "system": 0.000997425000000001,
      "min": 0.02677708218,
      "max": 0.030718435180000003,