{
  "results": [
    {
      "command": "daselv2 -f benchmark/data.json",
      "mean": 0.007471907189999998,
      "stddev": 0.002523293092459837,
      "median": 0.00659493445,
      "user": 0.00374613,
      "system": 0.0023105749999999996,
      "min": 0.006102593450000001,
      "max": 0.02510925645,
      "times": [
        0.00655255345,
        0.006398245449999999,
        0.00678679945,
        0.00638467845,
        0.00638400345,
        0.00671766645,
        0.007802517450000001,
        0.0071717284499999995,
        0.006523773450000001,
        0.00656410845,
        0.006677285450000001,
        0.0067718024499999994,
        0.00775405945,
        0.00648172445,
        0.006859733450000001,
        0.006668251450000001,
        0.00654341745,
        0.006200710450000001,
        0.006424058450000001,
        0.00653487445,
        0.00633298845,
        0.00661121745,
        0.006426780450000001,
        0.00680181245,
        0.00695945345,
        0.006625328450000001,
        0.00652293145,
        0.00621515745,
        0.0063769944499999995,
        0.0068362614500000005,
        0.006606750450000001,
        0.00642159045,
        0.006206846450000001,
        0.006236854450000001,
        0.006486544449999999,
        0.006491020450000001,
        0.00678022145,
        0.00662736345,
        0.00645153945,
        0.00684507245,
        0.006823549450000001,
        0.00849105445,
        0.00976298745,
        0.011483300450000001,
        0.01030392745,
        0.01115586845,
        0.009578121450000001,
        0.01020095645,
        0.00947086745,
        0.008250531450000001,
        0.008185714450000001,
        0.007853271450000001,
        0.00715789245,
        0.0065637664499999995,
        0.00674380445,
        0.0065347344499999994,
        0.00703403545,
        0.00661901845,
        0.006201310450000001,
        0.006285489450000001,
        0.00649722445,
        0.00631826745,
        0.00650475145,
        0.00623064645,
        0.00638597745,
        0.00648325045,
        0.00643892645,
        0.00645057745,
        0.006514080450000001,
        0.006470396450000001,
        0.00650733645,
        0.00658311845,
        0.0066420234499999994,
        0.00634305045,
        0.00680100745,
        0.0069592514500000004,
        0.00661414445,
        0.0062859184500000005,
        0.006322246450000001,
        0.00636558945,
        0.00647162645,
        0.00653586745,
        0.00667481445,
        0.00639267445,
        0.00642387545,
        0.00632508845,
        0.00647872845,
        0.006324062450000001,
        0.006102593450000001,
        0.006635014450000001,
        0.0069885984499999994,
        0.01042031945,
        0.00872868345,
        0.00930058345,
        0.01112627645,
        0.02510925645,
        0.01704740245,
        0.01506951945,
        0.00994256845,
        0.00961045745
      ]
    },
    {
      "command": "dasel -f benchmark/data.json",
      "mean": 0.0095089526,
      "stddev": 0.0012314095309053084,
      "median": 0.00894189745,
      "user": 0.00488746,
      "system": 0.002866605,
      "min": 0.00838818145,
      "max": 0.01341107345,
      "times": [
        0.008769802450000001,
        0.00910130645,
        0.008713142450000001,
        0.010700641450000001,
        0.00886686845,
        0.00848596645,
        0.00903461445,
        0.01014843245,
        0.00866539245,
        0.00850381545,
        0.00847216145,
        0.00893184145,
        0.00852170445,
        0.00901483745,
        0.00853156845,
        0.01056148045,
        0.00872262145,
        0.00892513445,
        0.00890461245,
        0.00993871045,
        0.00867824745,
        0.00849091245,
        0.008606169450000001,
        0.009210374450000001,
        0.00876056645,
        0.00983525245,
        0.01059390145,
        0.01151710545,
        0.00906347645,
        0.00838818145,
        0.010273809450000001,
        0.00900266945,
        0.008602346450000001,
        0.00850616145,
        0.00971201445,
        0.008759977450000001,
        0.00894697645,
        0.00844081045,
        0.010251361450000001,
        0.008836708450000001,
        0.01000709345,
        0.011667428450000001,
        0.01132909145,
        0.009480343450000001,
        0.00913441845,
        0.01030156445,
        0.01044496045,
        0.009330062450000001,
        0.00868431245,
        0.01106438945,
        0.01072521345,
        0.00888426745,
        0.00861793645,
        0.01093471445,
        0.00896048045,
        0.00870603745,
        0.00859932545,
        0.008950655450000001,
        0.00880551745,
        0.00869029045,
        0.00861815445,
        0.00999897145,
        0.00866746845,
        0.00849247545,
        0.00852438745,
        0.009502247450000001,
        0.00873108845,
        0.00867932745,
        0.00846058545,
        0.00903971045,
        0.009009065450000001,
        0.008685270450000001,
        0.008736281450000001,
        0.010098275450000001,
        0.00851042045,
        0.00895460945,
        0.00876244345,
        0.01013909445,
        0.008994778450000001,
        0.00855279245,
        0.008503425450000001,
        0.00890706845,
        0.00881469945,
        0.00874172045,
        0.00879909545,
        0.011058042450000001,
        0.00893681845,
        0.00860761745,
        0.01042558545,
        0.01053353945,
        0.00929640445,
        0.008794177450000001,
        0.011938558450000001,
        0.01270901745,
        0.01292076845,
        0.012372732450000002,
        0.01341107345,
        0.01227766145,
        0.013393485450000001,
        0.01198653945
      ]
    },
    {
      "command": "jq '.' benchmark/data.json",
      "mean": 0.029179199420000006,
      "stddev": 0.003328515634851848,
      "median": 0.02825531695,
      "user": 0.024055150000000008,
      "system": 0.001329465,
      "min": 0.02719810045,
      "max": 0.05220292045,