{
  "results": [
    {
      "command": "daselv2 -f benchmark/data.json",
      "mean": 0.007607666855000003,
      "stddev": 0.0018766890750460078,
      "median": 0.0069736452550000026,
      "user": 0.0037287249999999983,
      "system": 0.002197205,
      "min": 0.006229526755000003,
      "max": 0.018571760755000003,
      "times": [
        0.006931144755000002,
        0.006913492755000002,
        0.008270518755000003,
        0.008281407755000003,
        0.007080483755000002,
        0.006618475755000002,
        0.006443513755000003,
        0.006723979755000003,
        0.0067487847550000025,
        0.007006342755000002,
        0.008144416755000003,
        0.007217605755000002,
        0.007014181755000003,
        0.007240923755000003,
        0.0066407707550000025,
        0.006685743755000003,
        0.006680350755000003,
        0.006912091755000002,
        0.007730283755000003,
        0.0067163167550000034,
        0.006439325755000003,
        0.006591065755000002,
        0.006649245755000003,
        0.007057032755000003,
        0.0074742097550000025,
        0.006755073755000002,
        0.006923951755000003,
        0.006717063755000002,
        0.006572687755000002,
        0.006883697755000003,
        0.006668419755000002,
        0.0070906317550000035,
        0.008767746755000003,
        0.006725336755000002,
        0.006445563755000003,
        0.006503452755000003,
        0.0068304197550000025,
        0.007399544755000003,
        0.008594180755000003,
        0.009232170755000003,
        0.008761144755000002,
        0.008886077755000003,
        0.012186246755000001,
        0.008962601755000002,
        0.008684265755000004,
        0.009989894755000003,
        0.018349213755000003,
        0.018571760755000003,
        0.011535330755000003,
        0.008788694755000003,
        0.008335123755000003,
        0.007183881755000003,
        0.006904920755000002,
        0.007417556755000002,
        0.007119908755000003,
        0.008009684755000003,
        0.006743568755000002,
        0.006967357755000002,
        0.006834226755000002,
        0.008864707755000003,
        0.0070721757550000035,
        0.006801910755000003,
        0.006620480755000003,
        0.006494508755000003,
        0.006733118755000003,
        0.0067519137550000035,
        0.006964857755000003,
        0.007834869755000003,
        0.008146817755000002,
        0.007900299755000003,
        0.006885679755000002,
        0.006883915755000003,
        0.006931428755000003,
        0.007641663755000003,
        0.006541840755000002,
        0.006432963755000003,
        0.006442577755000003,
        0.006229526755000003,
        0.0066715857550000025,
        0.006668316755000002,
        0.006979932755000003,
        0.007831603755000003,
        0.008439939755000002,
        0.008700389755000003,
        0.009183552755000003,
        0.007079818755000003,
        0.009141248755000003,
        0.008414492755000003,
        0.007309143755000002,
        0.006460473755000003,
        0.006379374755000002,
        0.006615370755000002,
        0.006618699755000002,
        0.007060792755000003,
        0.007389311755000003,
        0.006503926755000002,
        0.006934659755000003,
        0.006890400755000003,
        0.007230248755000003,
        0.007535028755000003
      ]
    },
    {
      "command": "dasel -f benchmark/data.json",
      "mean": 0.009086291925000005,
      "stddev": 0.001169652581233264,
      "median": 0.008632699255000003,
      "user": 0.0048150350000000005,
      "system": 0.002777475,
      "min": 0.007866483755000002,
      "max": 0.014215745755000002,
      "times": [
        0.008419769755000002,
        0.009673960755000002,
        0.008488890755000002,
        0.010372383755000002,
        0.008987476755000003,
        0.008565786755000002,
        0.008286037755000003,
        0.008327741755000003,
        0.008919024755000003,
        0.008789233755000002,
        0.008173488755000003,
        0.008340633755000004,
        0.008469576755000003,
        0.008723524755000003,
        0.009516369755000004,
        0.008286739755000003,
        0.008637740755000003,
        0.009689280755000003,
        0.008054556755000003,
        0.009149525755000002,
        0.008529842755000003,
        0.009348179755000003,
        0.007936763755000003,
        0.008285208755000002,
        0.008553864755000003,
        0.008571819755000003,
        0.009112687755000003,
        0.009981898755000003,
        0.008944210755000003,
        0.008231662755000002,
        0.008183160755000004,
        0.008839857755000003,
        0.008534256755000002,
        0.009468261755000002,
        0.008021508755000004,
        0.008371066755000003,
        0.008535183755000003,
        0.008418847755000004,
        0.008987282755000003,
        0.009164252755000003,
        0.014215745755000002,
        0.011019669755000003,
        0.010389784755000003,
        0.008977054755000003,
        0.014203466755000001,
        0.010404481755000004,
        0.010294096755000003,
        0.009551503755000003,
        0.009312010755000003,
        0.009530874755000003,
        0.010597939755000002,
        0.012750421755000001,
        0.010823109755000003,
        0.011780389755000002,
        0.010355529755000002,
        0.008505535755000003,
        0.008297414755000003,
        0.008627657755000002,
        0.008638489755000003,
        0.010971684755000002,
        0.008835039755000003,
        0.010067285755000002,
        0.009208307755000002,
        0.008467768755000002,
        0.010696289755000003,
        0.010266366755000002,
        0.008621303755000002,
        0.008232666755000003,
        0.008584911755000002,
        0.008572195755000003,
        0.009328593755000003,
        0.008756219755000003,
        0.008140585755000002,
        0.008284493755000002,
        0.008074377755000002,
        0.008168382755000004,
        0.008200778755000002,
        0.008729516755000003,
        0.009603943755000004,
        0.008224659755000002,
        0.008116493755000002,
        0.008425335755000003,
        0.008538544755000002,
        0.009285576755000002,
        0.007877421755000003,
        0.008181377755000004,
        0.008297584755000002,
        0.008528221755000003,
        0.009286578755000004,
        0.010353274755000003,
        0.009642210755000004,
        0.008303809755000002,
        0.007866483755000002,
        0.008342279755000003,
        0.008388699755000003,
        0.009262410755000002,
        0.008158610755000002,
        0.008344367755000004,
        0.008408969755000002,
        0.008818823755000003
      ]
    },
    {
      "command": "jq '.' benchmark/data.json",
      "mean": 0.028339738485000016,
      "stddev": 0.001096383683263418,
      "median": 0.028023243255000004,
      "user": 0.023700265,
      "system": 0.001128475,
      "min": 0.027130969755000005,
      "max": 0.032943591755,