{
  "results": [
    {
      "command": "daselv2 -f benchmark/data.json",
      "mean": 0.006560224705000003,
      "stddev": 0.00023596029237584623,
      "median": 0.006540232895000001,
      "user": 0.0034437749999999987,
      "system": 0.0019316349999999993,
      "min": 0.006116507395000002,
      "max": 0.007203835395000002,
      "times": [
        0.006567834395000001,
        0.006594772395000002,
        0.006734405395,
        0.006556529395000002,
        0.006576964395000001,
        0.006520937395000001,
        0.006330649395,
        0.006530635395000001,
        0.006985826395000002,
        0.006740282395000002,
        0.007102037395000002,
        0.006566879395000001,
        0.006835496395000001,
        0.0066586773950000015,
        0.0063945843950000015,
        0.006224949395000002,
        0.006378850395000002,
        0.006632221395,
        0.0064963383950000005,
        0.0062735653950000015,
        0.006130217395000002,
        0.006196721395000002,
        0.006628445395000002,
        0.006538455395000002,
        0.006433977395000002,
        0.006520898395,
        0.0065377473950000015,
        0.0063974073950000005,
        0.006752623395000001,
        0.006296350395000001,
        0.006631488395000001,
        0.006285373395000002,
        0.006788259395000001,
        0.007078114395000001,
        0.0064901753950000005,
        0.006467350395000002,
        0.006440913395000001,
        0.006580683395000002,
        0.006485750395000002,
        0.006470874395000001,
        0.006441796395000001,
        0.006265928395000002,
        0.007203835395000002,
        0.0069039733950000005,
        0.006491220395,
        0.006489775395000001,
        0.0063583893950000005,
        0.006617871395000001,
        0.006899467395000001,
        0.006812983395000001,
        0.006350959395000001,
        0.006616313395000002,
        0.006726820395000001,
        0.006414514395000001,
        0.006447211395000001,
        0.006290211395000002,
        0.006354181395000002,
        0.006289226395000002,
        0.007063264395000001,
        0.006520625395000002,
        0.006211097395000002,
        0.006624722395000001,
        0.006453677395000001,
        0.006784115395000002,
        0.006542010395000001,
        0.006609316395000002,
        0.006722085395000001,
        0.006538371395000001,
        0.006367511395000001,
        0.006116507395000002,
        0.006229110395000001,
        0.006638824395000001,
        0.006497498395000001,
        0.006404678395000002,
        0.006885262395000001,
        0.006571402395000002,
        0.0065670713950000004,
        0.007016068395000002,
        0.006807108395000001,
        0.006472902395000001,
        0.006336071395000002,
        0.006645642395000002,
        0.006705204395000001,
        0.0066509223950000015,
        0.006241939395000002,
        0.006874149395000001,
        0.0066784303950000005,
        0.006571269395000001,
        0.006628870395000002,
        0.006159877395000001,
        0.006377138395000001,
        0.006182463395000001,
        0.007065109395000001,
        0.006392855395000001,
        0.006639454395000001,
        0.006266390395000002,
        0.0066228413950000006,
        0.006899119395000002,
        0.006809273395000001,
        0.006803273395000002
      ]
    },
    {
      "command": "dasel -f benchmark/data.json",
      "mean": 0.008721853545000002,
      "stddev": 0.0005206001180551711,
      "median": 0.008610990895,
      "user": 0.004674445,
      "system": 0.0027560949999999996,
      "min": 0.008019583395000002,
      "max": 0.010257668395,
      "times": [
        0.008834420395,
        0.008388022395000002,
        0.010141051395000001,
        0.008525065395000002,
        0.008616365395,
        0.008210266395,
        0.008278044395000001,
        0.008385545395000001,
        0.008949411395,
        0.008274936395000002,
        0.008245365395,
        0.008228149395000002,
        0.008847754395,
        0.008805193395,
        0.008403587395000002,
        0.010132482395000001,
        0.009021594395,
        0.008189383395000001,
        0.010038834395000001,
        0.009145862395,
        0.008870982395000001,
        0.008397042395000002,
        0.009557629395000001,
        0.009349802395,
        0.008978578395,
        0.008342795395000002,
        0.008244044395,
        0.008351229395000001,
        0.008872860395000001,
        0.008325318395000001,
        0.008767890395000002,
        0.008764965395000001,
        0.008931943395000001,
        0.008482727395000002,
        0.008161548395,
        0.008311093395000002,
        0.008711631395,
        0.008402891395,
        0.008166006395000001,
        0.008605616395000001,
        0.008412710395000002,
        0.008401700395000001,
        0.008070974395000001,
        0.008465424395,
        0.008588913395000002,
        0.008737300395000001,
        0.008284441395000001,
        0.009965046395000001,
        0.008556311395000002,
        0.009200428395000002,
        0.008620994395000001,
        0.008780138395000001,
        0.008413018395000001,
        0.008839649395000001,
        0.008325368395000001,
        0.009079632395000002,
        0.009514870395000001,
        0.008480242395,
        0.008019583395000002,
        0.008322638395000002,
        0.008702758395000001,
        0.008996964395000001,
        0.008519861395000002,
        0.008650518395,
        0.008706880395000002,
        0.008775020395000001,
        0.008179697395000001,
        0.008794986395000001,
        0.008321829395,
        0.009842835395000001,
        0.008152023395000001,
        0.008360102395000001,
        0.008749333395000001,
        0.009138742395000002,
        0.008219834395000002,
        0.009502691395000002,
        0.008683299395000002,
        0.010257668395,
        0.008203278395000001,
        0.009986183395,
        0.008509681395000001,
        0.009044321395,
        0.008361539395000001,
        0.008857812395000001,
        0.008535987395000002,
        0.009176784395000002,
        0.008320130395000002,
        0.010073778395000002,
        0.008711177395000002,
        0.008778289395000001,
        0.008394469395000001,
        0.008546210395000002,
        0.008297527395,
        0.008947252395,
        0.008129016395,
        0.008299666395,
        0.008681595395000002,
        0.009252908395000002,
        0.008271906395,
        0.008913471395
      ]
    },
    {
      "command": "jq '.' benchmark/data.json",
      "mean": 0.028097767815000004,
      "stddev": 0.0007492098365173988,
      "median": 0.027899321895000002,
      "user": 0.023576415000000003,
      "system": 0.0010904649999999999,
      "min": 0.026982224395000004,
      "max": 0.031510457395,