{
  "results": [
    {
      "command": "dasel -f benchmark/data.json",
      "mean": 0.0063977307750000025,
      "stddev": 0.0002567262638497677,
      "median": 0.006349602385000002,
      "user": 0.003428745000000001,
      "system": 0.0019218300000000002,
      "min": 0.006031634885000002,
      "max": 0.007813075885000003,
      "times": [
        0.006593320885000001,
        0.006195063885000002,
        0.006594384885000001,
        0.006316155885000002,
        0.006554072885000002,
        0.006387409885000001,
        0.006259684885000001,
        0.006225152885000002,
        0.006334199885000002,
        0.006473168885000001,
        0.006383859885000002,
        0.006457851885000002,
        0.006333150885000002,
        0.006263904885000002,
        0.006447038885000002,
        0.006610523885000001,
        0.006362361885000002,
        0.0065487748850000015,
        0.006286757885000002,
        0.007462951885000002,
        0.006500345885000002,
        0.006523190885000001,
        0.006359532885000002,
        0.006294861885000002,
        0.006384070885000002,
        0.006326641885000002,
        0.006215827885000001,
        0.006193825885000001,
        0.006198301885000001,
        0.006434352885000002,
        0.006690914885000002,
        0.0062469558850000015,
        0.006445912885000001,
        0.006077317885000002,
        0.006355045885000001,
        0.006377876885000002,
        0.006415877885000002,
        0.006404837885000001,
        0.0060966148850000014,
        0.006488526885000001,
        0.006348120885000002,
        0.006320263885000001,
        0.0064649348850000015,
        0.006229050885000001,
        0.006402003885000001,
        0.006316482885000001,
        0.006304161885000002,
        0.006351083885000002,
        0.006168819885000002,
        0.006342141885000002,
        0.006675850885000002,
        0.006197642885000001,
        0.006159960885000002,
        0.006177823885000002,
        0.006240878885000001,
        0.0062995258850000015,
        0.006465022885000002,
        0.006595993885000001,
        0.006245243885000002,
        0.006284754885000001,
        0.0063275328850000015,
        0.006546870885000001,
        0.006096470885000001,
        0.006241440885000002,
        0.006258363885000002,
        0.006613605885000001,
        0.006288898885000002,
        0.006273765885000002,
        0.006031634885000002,
        0.006156800885000002,
        0.006299201885000002,
        0.006604053885000002,
        0.006629304885000002,
        0.006134865885000001,
        0.006188249885000001,
        0.006479663885000001,
        0.006303092885000001,
        0.006492140885000002,
        0.006493270885000002,
        0.006402426885000002,
        0.006399291885000001,
        0.006522924885000002,
        0.006216867885000002,
        0.006149790885000002,
        0.006487191885000001,
        0.006812887885000001,
        0.006401831885000001,
        0.006311113885000001,
        0.006084083885000002,
        0.006172625885000002,
        0.006651358885000001,
        0.007813075885000003,
        0.0070553488850000024,
        0.007002023885000001,
        0.006478930885000002,
        0.006356316885000002,
        0.0061780158850000015,
        0.006230209885000002,
        0.006255671885000002,
        0.006621465885000001
      ]
    },
    {
      "command": "jq '.' benchmark/data.json",
      "mean": 0.028017607694999995,
      "stddev": 0.0008906197758946859,
      "median": 0.027691336885,
      "user": 0.02351747500000001,
      "system": 0.0010714599999999996,
      "min": 0.027180939885,
      "max": 0.031781477885,
      "times": [
        0.030802120885,
        0.028036524885000004,
        0.027664339885000003,
        0.027389541885000004,
        0.027255345885,
        0.028541331885,
        0.027533833885,
        0.027809290885000004,
        0.029017322885000002,
        0.027492807885,
        0.028698611885000003,
        0.031400248885,
        0.028468972885,
        0.027844041885000004,
        0.027201196885,
        0.027795670885000005,
        0.027656130885,
        0.031781477885,
        0.027473346885000003,
        0.027433749885,
        0.027429593885000002,
        0.027586513885,
        0.027819794885,
        0.028379955885000002,
        0.028576916885000005,
        0.027537480885000003,
        0.028354664885000005,
        0.028072895885000004,
        0.027630785885000002,
        0.027839598885000004,
        0.028920569885000004,
        0.027952471885000003,
        0.028089519885000004,
        0.027911364885000005,
        0.027649545885,
        0.027659168885,
        0.027401300885000004,
        0.028153590885000003,
        0.027659496885000003,
        0.031358643885,
        0.028480142885000004,
        0.027472694885000003,
        0.031355336885,
        0.027424154885000003,
        0.028003155885,
        0.028115284885,
        0.028268573885000002,
        0.028175518885,
        0.027594113885000004,
        0.027508579885000002,
        0.027293314885000003,
        0.027502861885000004,
        0.028832021885000003,
        0.027637580885000002,
        0.027301789885000004,
        0.028125768885,
        0.029082564885000002,
        0.027313198885,
        0.027614010885,
        0.028006092885,
        0.027691948885,
        0.028185566885,
        0.027503833885000002,
        0.028741384885000006,
        0.027614208885,
        0.027427041885000003,
        0.027762599885000003,
        0.027625960885000002,
        0.027628729885,
        0.027557958885,
        0.027180939885,
        0.027677218885000004,
        0.027767615885,
        0.027815082885000002,
        0.027672696885,
        0.028748252885,
        0.027766408885000003,
        0.027672416885000002,
        0.027324033885,
        0.027483639885,
        0.027977089885,
        0.027690724885000004,
        0.027574535885,
        0.027191565885,
        0.027581724885000002,
        0.027244081885000004,
        0.028037199885000003,
        0.028116494885000003,
        0.028296156885,
        0.028284505885000005,
        0.027542964885000003,
        0.028156212885000004,
        0.027601482885,
        0.028652435885,
        0.028892715885000003,
        0.027461711885000004,
        0.027578874885000004,
        0.027718616885000005,
        0.027396349885,
        0.027531232885000003
      ]
    },
    {
      "command": "yq --yaml-output '.' benchmark/data.yaml",
      "mean": 0.1270925551550001,
      "stddev": 0.002607730232517201,
      "median": 0.126536080885,
      "user": 0.10075434500000002,
      "system": 0.02214072,
      "min": 0.12397341288500002,
      "max": 0.141209441885,