{
  "results": [
    {
      "command": "dasel -f benchmark/data.json",
      "mean": 0.006721570955000002,
      "stddev": 0.0002666830760471174,
      "median": 0.006687638325000001,
      "user": 0.003429479999999999,
      "system": 0.0019358149999999992,
      "min": 0.006249460825,
      "max": 0.007737470825000001,
      "times": [
        0.006934406825,
        0.006691446825,
        0.006778403825,
        0.006421417825,
        0.0065914568250000005,
        0.006653983825,
        0.0066443038250000004,
        0.006889433825,
        0.007478327825,
        0.007122002825,
        0.006821789825,
        0.006616076825,
        0.006426110825,
        0.006454777825,
        0.006554233825000001,
        0.0068861688249999995,
        0.006744629825,
        0.006745462825,
        0.006541662825,
        0.006659219825000001,
        0.007285441825,
        0.006461219825,
        0.006432831825,
        0.006644884825,
        0.006699504825,
        0.006652462825000001,
        0.006687030825,
        0.006544461825000001,
        0.0065164098250000005,
        0.006661886825,
        0.006710083825,
        0.006734490825000001,
        0.006249460825,
        0.006483016825000001,
        0.006705506825,
        0.007084583825,
        0.007203279825,
        0.007097148825000001,
        0.006972008825,
        0.007079091825000001,
        0.006578871825,
        0.006406334825000001,
        0.006574700825000001,
        0.006593080825000001,
        0.006964327825000001,
        0.007582527825,
        0.006712303825000001,
        0.006576605825000001,
        0.0069755438250000005,
        0.006775801825000001,
        0.006640486825000001,
        0.006715316825,
        0.006687410825000001,
        0.006723440825,
        0.007682519825,
        0.007737470825000001,
        0.006472463825000001,
        0.006585568825,
        0.006740161825000001,
        0.006791463825000001,
        0.006723863825,
        0.006415479825,
        0.006458141825,
        0.006687865825000001,
        0.006835704825000001,
        0.006701774825,
        0.006350251825000001,
        0.006686726825,
        0.006752031825,
        0.006703892825000001,
        0.006778145825000001,
        0.006437511825,
        0.006802162825,
        0.006614105825,
        0.006481498825,
        0.006606019825000001,
        0.006541725825,
        0.006575898825,
        0.006665811825,
        0.007047638825,
        0.006402768825000001,
        0.006543670825000001,
        0.006523926825000001,
        0.006443851825,
        0.006903824825000001,
        0.006707527825000001,
        0.0067202668250000005,
        0.006778287825000001,
        0.006745959825000001,
        0.006749556825,
        0.006437265825000001,
        0.006571093825,
        0.006638648825,
        0.006855411825,
        0.006873611825,
        0.006569450825000001,
        0.0064729608249999996,
        0.006845554825,
        0.006621534825,
        0.006809136825
      ]
    },
    {
      "command": "jq '.' benchmark/data.json",
      "mean": 0.028189769114999996,
      "stddev": 0.0009933130371578656,
      "median": 0.027954046325000002,
      "user": 0.023617289999999996,
      "system": 0.0010344650000000005,
      "min": 0.027272646825000003,
      "max": 0.032661850825,
      "times": [
        0.027544116825000003,
        0.027983913825,
        0.027560344825000003,
        0.028121685825000003,
        0.027374127825000004,
        0.028141713825,
        0.027732126825000005,
        0.027453664825,
        0.027619617825,
        0.027735576825,
        0.028000311825000002,
        0.029222363825000004,
        0.028267576825000005,
        0.027829888825,
        0.027777946825,
        0.028283960825,
        0.027676382825,
        0.027745996825000004,
        0.028915615825,
        0.027596864825,
        0.030587479825000003,
        0.028331477825000003,
        0.032661850825,
        0.028256875825000003,
        0.029755061825,
        0.027425453825,
        0.028064178825000004,
        0.028209927825000005,
        0.028047887825000003,
        0.028183526825000003,
        0.027472468825000002,
        0.027945156825,
        0.028147686825,
        0.028273787825000004,
        0.029072929825,
        0.031570752825,
        0.027670022825,
        0.027966567825,
        0.028436780825000004,
        0.027738938825,
        0.027492832825000004,
        0.027462541825000002,
        0.027621795825000003,
        0.028903777825,
        0.028205863825,
        0.027539671825000004,
        0.027714972825,
        0.027729283825000003,
        0.027666181825000004,
        0.027422223825,
        0.027711050825000003,
        0.028322166825000005,
        0.028611090825,
        0.027782603825000005,
        0.028203548825000004,
        0.027975957825000005,
        0.028213033825,
        0.028018117825000004,
        0.028438372825000006,
        0.027379206825000002,
        0.027637504825000003,
        0.030889850825000006,
        0.027692867825000005,
        0.027543037825,
        0.027962935825000004,
        0.028322940825,
        0.031856211825,
        0.028424070825000005,
        0.028411045825000005,
        0.027361680825,
        0.027867723825,
        0.027602629825000002,
        0.027272646825000003,
        0.028112613825000004,
        0.028139983825000003,
        0.031584497825,
        0.028158378825,
        0.027635240825000004,
        0.027454928825000002,
        0.027849115825000003,
        0.027369537825,
        0.027728147825000004,
        0.028561320825000003,
        0.028520873825000004,
        0.028146786825000002,
        0.027739119825000002,
        0.028187146825000006,
        0.027484976825000004,
        0.027352498825000002,
        0.029467045825,
        0.027416246825000004,
        0.029347013825,
        0.027840489825000005,
        0.027653084825000004,
        0.027855002825,
        0.028421233825,
        0.027671531825,
        0.027408622825000003,
        0.028816915825,
        0.027392496825
      ]
    },
    {
      "command": "yq --yaml-output '.' benchmark/data.yaml",
      "mean": 0.12732762735499997,
      "stddev": 0.002108248770217027,
      "median": 0.126866448325,
      "user": 0.10079319000000002,
      "system": 0.022375634999999994,
      "min": 0.12418269582500002,
      "max": 0.13422395482500002,