{
  "results": [
    {
      "command": "dasel -f benchmark/data.json",
      "mean": 0.014787139020000005,
      "stddev": 0.0037470231744644094,
      "median": 0.01363189323,
      "user": 0.00809646,
      "system": 0.00474916,
      "min": 0.010411095730000002,
      "max": 0.031700092730000004,
      "times": [
        0.01208970873,
        0.011685774730000001,
        0.011301764730000002,
        0.010856576730000001,
        0.010411095730000002,
        0.01067210573,
        0.011286173730000001,
        0.012439898730000001,
        0.011324987730000001,
        0.011578484730000001,
        0.010689308730000001,
        0.01075868473,
        0.011002497730000001,
        0.012451946730000002,
        0.015031068730000003,
        0.01618495173,
        0.013750673730000003,
        0.014041166730000002,
        0.017021184730000003,
        0.013198946730000001,
        0.01486925473,
        0.01367443473,
        0.014737033730000001,
        0.013589351730000001,
        0.013241398730000003,
        0.013024580730000002,
        0.01329963173,
        0.014307572730000002,
        0.01392566073,
        0.013953986730000003,
        0.013262962730000001,
        0.012803330730000001,
        0.01317969473,
        0.013149091730000003,
        0.011736773730000002,
        0.01183799773,
        0.012083958730000002,
        0.01218909173,
        0.011967034730000001,
        0.012231555730000001,
        0.011910148730000002,
        0.012348054730000002,
        0.011879862730000001,
        0.012265027730000001,
        0.011570565730000001,
        0.011990140730000001,
        0.012512806730000001,
        0.014911958730000001,
        0.030716345730000004,
        0.017751259730000003,
        0.014690623730000001,
        0.014933761730000002,
        0.013482330730000002,
        0.02097090973,
        0.01431600673,
        0.01717077373,
        0.016492927730000002,
        0.013081954730000001,
        0.012571901730000001,
        0.013447759730000002,
        0.012954495730000001,
        0.012878954730000001,
        0.013367329730000002,
        0.012897993730000001,
        0.01287746273,
        0.013045876730000003,
        0.012470657730000001,
        0.013013219730000001,
        0.01573398473,
        0.013534072730000003,
        0.01469326873,
        0.015164348730000003,
        0.01583476873,
        0.016533339730000002,
        0.015074804730000002,
        0.01902634073,
        0.01964689073,
        0.02150523973,
        0.024197325730000004,
        0.020445165730000003,
        0.02097304473,
        0.02047827773,
        0.016224254730000002,
        0.018356442730000002,
        0.02499553473,
        0.031700092730000004,
        0.01690906173,
        0.017884277730000002,
        0.01803586873,
        0.01579155973,
        0.01543407573,
        0.01691801473,
        0.015267767730000003,
        0.01452082973,
        0.013535383730000003,
        0.01502813473,
        0.016055669730000003,
        0.01778828773,
        0.01391040273,
        0.014154856730000002
      ]
    },
    {
      "command": "jq '.' benchmark/data.json",
      "mean": 0.03177541929,
      "stddev": 0.004418157465318614,
      "median": 0.034057708730000004,
      "user": 0.027996350000000017,
      "system": 0.0014294999999999996,
      "min": 0.025732896730000003,
      "max": 0.04001153273,
      "times": [
        0.034794909730000004,
        0.03475926573,
        0.03476118973,
        0.034177840730000006,
        0.03593461273,
        0.034608912730000004,
        0.034404430730000005,
        0.034407991730000004,
        0.038278761730000006,
        0.035873267730000005,
        0.035612275730000004,
        0.035167668730000004,
        0.036968185730000006,
        0.034832374730000004,
        0.03688637973,
        0.035521392730000004,
        0.034547198730000006,
        0.03425634073,
        0.036698122730000005,
        0.036782569730000006,
        0.03639049373,
        0.035770586730000005,
        0.03552753673,
        0.03588074673,
        0.036514763730000004,
        0.03604056273,
        0.03559570673,
        0.035598022730000005,
        0.036263548730000005,
        0.035015274730000004,
        0.03686955673,
        0.03576430573,
        0.03643583873,
        0.036531780730000005,
        0.03597036673,
        0.03562111073,
        0.03630013573,
        0.03590997973,
        0.035977874730000005,
        0.036596760730000004,
        0.03618896473,
        0.03490877373,
        0.036317415730000004,
        0.03543589273,
        0.03597217073,
        0.03632951973,
        0.03673840373,
        0.035689839730000006,
        0.037090483730000005,
        0.04001153273,
        0.03393757673,
        0.032524706730000005,
        0.03327341373,
        0.03222700173,
        0.032087561730000005,
        0.03130753573,
        0.027109798730000002,
        0.02648827973,
        0.026533599730000003,
        0.026897264730000002,
        0.02638330573,
        0.027615552730000003,
        0.027141193730000002,
        0.027252339730000002,
        0.027192699730000002,
        0.026774799730000003,
        0.025732896730000003,
        0.027977832730000003,
        0.027755418730000002,
        0.026708641730000003,
        0.02635159373,
        0.026436732730000002,
        0.02641089773,
        0.02679155373,
        0.026654329730000002,
        0.026234866730000004,
        0.027215345730000003,
        0.026665480730000003,
        0.026593385730000002,
        0.028186714730000003,
        0.026518526730000002,
        0.02663787373,
        0.026990019730000002,
        0.026519176730000003,
        0.02748704273,
        0.028279198730000003,
        0.027204556730000003,
        0.026773996730000003,
        0.026953190730000003,
        0.027081567730000002,
        0.02651888473,
        0.02726914373,
        0.02671109173,
        0.027055633730000004,
        0.02604851773,
        0.027105363730000002,
        0.029207232730000005,
        0.027191438730000003,
        0.027464048730000003,
        0.027531457730000004
      ]
    },
    {
      "command": "yq --yaml-output '.' benchmark/data.yaml",
      "mean": 0.13354005238000002,
      "stddev": 0.006286608061494669,
      "median": 0.13195535623000001,
      "user": 0.10756774,
      "system": 0.024654999999999993,
      "min": 0.12314697973,
      "max": 0.15695211473,