{
  "results": [
    {
      "command": "dasel -f benchmark/data.json",
      "mean": 0.011045660285000002,
      "stddev": 0.001938249483819076,
      "median": 0.010593503564999999,
      "user": 0.006684629999999994,
      "system": 0.0028834000000000004,
      "min": 0.009442686565,
      "max": 0.022937329565,
      "times": [
        0.011566931565,
        0.011988780565,
        0.010860652565,
        0.011408268565,
        0.010489956565,
        0.014411523565,
        0.022937329565,
        0.013732316565,
        0.011291028565,
        0.011200894565000001,
        0.012624702565,
        0.011578362565,
        0.010946417565000002,
        0.010549890565000001,
        0.010325553565,
        0.012463904565,
        0.013268450565000003,
        0.011435536565000001,
        0.010861511564999999,
        0.010229032565,
        0.010325766565000002,
        0.010466644564999999,
        0.011094905565,
        0.011291975565000001,
        0.010708829565000001,
        0.010696807565,
        0.011278669565,
        0.011242683565000001,
        0.014029173565,
        0.012343261565,
        0.012548226565,
        0.020956381565,
        0.010169969564999999,
        0.010347404565,
        0.011067836565,
        0.010749578565,
        0.011551007565,
        0.010691298565,
        0.010036427564999999,
        0.009898539565,
        0.010458894565000001,
        0.010426860565000001,
        0.010365836565000001,
        0.009887201565,
        0.010241004565,
        0.010647482565000001,
        0.011701549565,
        0.011209791565000002,
        0.011013765565,
        0.011068233565000002,
        0.010955066565000001,
        0.011028014565,
        0.010830337565,
        0.010279388564999999,
        0.009895355565,
        0.009703764565000002,
        0.010190876565,
        0.010769000564999999,
        0.010659503564999999,
        0.010291840565000002,
        0.010097812565,
        0.010813255564999999,
        0.011355603565,
        0.010161970565000001,
        0.010056887564999999,
        0.017359498565000003,
        0.010994991565,
        0.011285156565,
        0.010565595564999999,
        0.010017942565,
        0.009880831565000001,
        0.009984494565000002,
        0.011367995565,
        0.010192189564999999,
        0.009788090565000001,
        0.009609906565,
        0.010339465565,
        0.010350138565,
        0.010361960565000002,
        0.009863587565000002,
        0.009696184565000002,
        0.009686985565,
        0.009882891565,
        0.010227369565000002,
        0.010708387565000001,
        0.010103738565,
        0.009628913565000001,
        0.009809037565000001,
        0.010394365565,
        0.010655014564999999,
        0.010621411564999999,
        0.010777955565,
        0.010049268565000002,
        0.009442686565,
        0.010516057565,
        0.010499582564999999,
        0.010469149564999999,
        0.010072273565000001,
        0.009801777565,
        0.009785398564999999
      ]
    },
    {
      "command": "jq '.' benchmark/data.json",
      "mean": 0.026027011044999986,
      "stddev": 0.000954923138150977,
      "median": 0.025775246065,
      "user": 0.0235283,
      "system": 0.0007750400000000005,
      "min": 0.024826954565000003,
      "max": 0.031714142565,
      "times": [
        0.027330232565,
        0.026531204565,
        0.025833673565000003,
        0.025417226565000003,
        0.025652076565,
        0.025541202565,
        0.025751389565,
        0.025681644565,
        0.026030696565,
        0.028002955565,
        0.026552850565,
        0.025740629565000003,
        0.025379246565000003,
        0.026119898565,
        0.025247499565,
        0.025773096565,
        0.025476100565000003,
        0.028645185565000002,
        0.026283570565,
        0.026637102565,
        0.025817825565,
        0.026173220565000002,
        0.025684800565000002,
        0.026652926565000002,
        0.026462947565000002,
        0.024826954565000003,
        0.028926442565000002,
        0.025349689565000003,
        0.025431570565000002,
        0.025602015565,
        0.025176352565,
        0.025335675565000004,
        0.026332288565,
        0.025951340565,
        0.026322681565000002,
        0.025813045565,
        0.025522206565,
        0.025912341565000004,
        0.024997996565000003,
        0.025965250565,
        0.025051638565000003,
        0.025628586565000003,
        0.025047838565,
        0.026063922565,
        0.027934376565000002,
        0.025665512565000003,
        0.026068012565000003,
        0.025380703565000003,
        0.025426473565000003,
        0.025131455565000002,
        0.025232552565000003,
        0.025532582565000003,
        0.026422122565,
        0.026588182565000004,
        0.027890859565000002,
        0.025700080565000002,
        0.025570197565,
        0.025731067565,
        0.025451243565000004,
        0.025277058565000003,
        0.025288817565000003,
        0.026301549565000002,
        0.025827530565000003,
        0.026164583565000003,
        0.025866097565000003,
        0.025502037565000003,
        0.025488309565000002,
        0.025692215565000003,
        0.026031967565,
        0.026771701565000004,
        0.025737408565,
        0.026162560565000003,
        0.025488992565000004,
        0.025225184565000003,
        0.025813594565,
        0.025599593565000002,
        0.025119891565000003,
        0.025531813565000002,
        0.025971655565,
        0.027179157565,
        0.025184039565000003,
        0.025553780565000003,
        0.026747549565,
        0.026187554565000003,
        0.027195176565000003,
        0.025010561565000002,
        0.026696274565,
        0.026114829565,
        0.025517331565000002,
        0.026980321565000003,
        0.025664608565000004,
        0.025777395565000003,
        0.026076133565000003,
        0.025411884565,
        0.025376272565000003,
        0.031714142565,
        0.027314342565000004,
        0.026585879565,
        0.026246317565000003,
        0.025902519565
      ]
    },
    {
      "command": "yq --yaml-output '.' benchmark/data.yaml",
      "mean": 0.11493935275499999,
      "stddev": 0.004043418841985702,
      "median": 0.114204887065,
      "user": 0.09380477000000001,
      "system": 0.020220679999999994,
      "min": 0.110136734565,
      "max": 0.13972967856500002,