{
  "results": [
    {
      "command": "dasel -f benchmark/data.json",
      "mean": 0.01068580101,
      "stddev": 0.0017885535637426754,
      "median": 0.010428760490000001,
      "user": 0.0065733399999999996,
      "system": 0.002755174999999999,
      "min": 0.00948265199,
      "max": 0.02720718899,
      "times": [
        0.01147078799,
        0.02720718899,
        0.01185635099,
        0.01150031199,
        0.01146050799,
        0.01183903899,
        0.01120099699,
        0.01166990799,
        0.01107697999,
        0.01128783999,
        0.01146352299,
        0.01089626199,
        0.01042030899,
        0.01024157799,
        0.01139944599,
        0.01126833399,
        0.01053404999,
        0.01026534399,
        0.01031201799,
        0.011924237990000001,
        0.01134715199,
        0.01170358099,
        0.01083549999,
        0.01051702999,
        0.010137006990000001,
        0.01031897099,
        0.01121864099,
        0.010650206990000001,
        0.01045902399,
        0.01041381699,
        0.00976258799,
        0.00981987199,
        0.01087654799,
        0.01050212299,
        0.01003342299,
        0.00957766999,
        0.00975446499,
        0.01028843299,
        0.01060689299,
        0.01019363299,
        0.01032367699,
        0.01160572899,
        0.01037925099,
        0.01058550699,
        0.01011179899,
        0.00990374499,
        0.00948265199,
        0.01037218799,
        0.01073102099,
        0.01034953199,
        0.01131044499,
        0.01011982699,
        0.00985103199,
        0.00986547299,
        0.00989316599,
        0.01065038999,
        0.01103242799,
        0.01088847499,
        0.01097343899,
        0.01078339299,
        0.01127104099,
        0.01085131799,
        0.010273696990000001,
        0.01009055199,
        0.01018490999,
        0.01025598699,
        0.01055167199,
        0.01051407799,
        0.01101416399,
        0.01242446999,
        0.01078144999,
        0.01054048399,
        0.01099657799,
        0.01045606399,
        0.00963750299,
        0.00958582099,
        0.00977411899,
        0.009633360990000001,
        0.010692342990000001,
        0.01016780999,
        0.00979818599,
        0.00983345599,
        0.00981225899,
        0.01005829699,
        0.01021780899,
        0.00965468699,
        0.00967827599,
        0.00988889199,
        0.00955873299,
        0.00998730799,
        0.01059868899,
        0.01116731999,
        0.01035703099,
        0.01010555799,
        0.009825181990000001,
        0.01077360299,
        0.01043721199,
        0.01004932099,
        0.00963799699,
        0.00991810299
      ]
    },
    {
      "command": "jq '.' benchmark/data.json",
      "mean": 0.026338770360000003,
      "stddev": 0.0012436944779636214,
      "median": 0.026039876990000002,
      "user": 0.02368040999999999,
      "system": 0.0008810650000000008,
      "min": 0.024873705989999998,
      "max": 0.03326463099,
      "times": [
        0.02594334199,
        0.025971168989999998,
        0.02523428399,
        0.02601987499,
        0.02812656699,
        0.026983100989999998,
        0.02608439499,
        0.02659927099,
        0.02592703999,
        0.026271072989999998,
        0.02576693599,
        0.025798321989999998,
        0.025481424989999998,
        0.025459112989999998,
        0.02604177999,
        0.02880508099,
        0.02557427499,
        0.02558444799,
        0.02652870299,
        0.02531856099,
        0.02703135599,
        0.02537123399,
        0.02544230199,
        0.02626339299,
        0.02580472899,
        0.02543191699,
        0.02596187099,
        0.02615030999,
        0.02539796599,
        0.02619871099,
        0.02501444199,
        0.02591997899,
        0.02492057399,
        0.03023032399,
        0.02623328099,
        0.02628717999,
        0.026111935989999998,
        0.030459641989999998,
        0.028769503989999997,
        0.02968320399,
        0.03326463099,
        0.02818218699,
        0.027683751989999998,
        0.02607424399,
        0.02613689699,
        0.02612730799,
        0.02543973699,
        0.02590856799,
        0.026685925989999998,
        0.02765900299,
        0.02567208099,
        0.02527577399,
        0.02607012199,
        0.026839057989999998,
        0.02731633499,
        0.02552340899,
        0.02540043899,
        0.02663514899,
        0.02564601599,
        0.02493889099,
        0.02546353999,
        0.02596312599,
        0.02557643299,
        0.02603797399,
        0.02580604099,
        0.02644521399,
        0.02637828099,
        0.02841101199,
        0.02588274099,
        0.02653739299,
        0.02573029199,
        0.02662491899,
        0.02671788399,
        0.02616650599,
        0.02641422399,
        0.025894773989999998,
        0.024873705989999998,
        0.025849918989999998,
        0.02542783799,
        0.02576453599,
        0.02677627299,
        0.02585526999,
        0.02605038099,
        0.02565313899,
        0.02649288699,
        0.02691392599,
        0.02574930599,
        0.02656355399,
        0.02595608199,
        0.026376588989999998,
        0.02651945999,
        0.02668244799,
        0.02603775299,
        0.02507989399,
        0.02596199899,
        0.02649013099,
        0.02658869699,
        0.02655802899,
        0.02539983699,
        0.02552288599
      ]
    },
    {
      "command": "yq --yaml-output '.' benchmark/data.yaml",
      "mean": 0.12759371102000008,
      "stddev": 0.020923998723406615,
      "median": 0.11929257649000001,
      "user": 0.10164124999999999,
      "system": 0.023000514999999996,
      "min": 0.10799343799000001,
      "max": 0.27322541899,