{
  "results": [
    {
      "command": "dasel -f benchmark/data.json '.id'",
      "mean": 0.00749282768,
      "stddev": 0.000575138103393458,
      "median": 0.007300938990000001,
      "user": 0.00408727,
      "system": 0.00252174,
      "min": 0.006410824490000001,
      "max": 0.008946815490000001,
      "times": [
        0.007778460490000002,
        0.006999332490000001,
        0.007253517490000002,
        0.007167572490000001,
        0.0070848624900000014,
        0.006846594490000002,
        0.006931592490000001,
        0.00704059649,
        0.007286811490000001,
        0.007460446490000001,
        0.00726804749,
        0.008697595490000001,
        0.007255327490000001,
        0.006890319490000001,
        0.007315066490000001,
        0.007569809490000001,
        0.007473421490000002,
        0.0074653964900000015,
        0.007229317490000001,
        0.0076394304900000015,
        0.006955894490000001,
        0.006884643490000002,
        0.006939538490000001,
        0.0075365874900000015,
        0.008013642490000002,
        0.007422852490000001,
        0.007075530490000001,
        0.006410824490000001,
        0.007040132490000002,
        0.007046862490000002,
        0.00711562349,
        0.007661672490000002,
        0.007100293490000001,
        0.006960017490000001,
        0.006883099490000001,
        0.007001799490000002,
        0.007248472490000001,
        0.007977516490000001,
        0.008150072490000002,
        0.008184550490000001,
        0.00851859649,
        0.00788120349,
        0.007868317490000002,
        0.007617098490000002,
        0.0077191394900000005,
        0.0075176124900000005,
        0.007513026490000001,
        0.007114009490000002,
        0.007511684490000002,
        0.007480333490000001,
        0.0073778094900000014,
        0.007612436490000001,
        0.00804524449,
        0.007685014490000001,
        0.007392481490000002,
        0.00784516149,
        0.00851498049,
        0.008143779490000001,
        0.008394250490000001,
        0.00861798249,
        0.008946815490000001,
        0.008405735490000002,
        0.008578596490000001,
        0.00877441349,
        0.008495152490000001,
        0.008788223490000002,
        0.008909530490000001,
        0.007950570490000001,
        0.00794925649,
        0.007939182490000002,
        0.008349352490000002,
        0.008391646490000002,
        0.007828025490000001,
        0.007555863490000002,
        0.0072624984900000016,
        0.006993126490000001,
        0.0068955954900000015,
        0.007108668490000001,
        0.007197458490000001,
        0.007274676490000001,
        0.007333341490000001,
        0.007129707490000001,
        0.007057711490000002,
        0.006817743490000002,
        0.007133669490000001,
        0.007374453490000002,
        0.007251804490000001,
        0.007083755490000001,
        0.006917110490000001,
        0.006919566490000001,
        0.006864473490000002,
        0.007095070490000001,
        0.007149997490000001,
        0.007197567490000001,
        0.00712444949,
        0.006938986490000002,
        0.006945505490000002,
        0.006904699490000001,
        0.006921424490000001,
        0.006894032490000002
      ]
    },
    {
      "command": "jq '.id' benchmark/data.json",
      "mean": 0.025755618060000013,
      "stddev": 0.0007041548486897598,
      "median": 0.025728813990000005,
      "user": 0.023486689999999998,
      "system": 0.0008043999999999997,
      "min": 0.02427400649,
      "max": 0.028232306490000005,
      "times": [
        0.026995579490000005,
        0.02696003449,
        0.024973432490000003,
        0.025536762490000003,
        0.025326203490000004,
        0.025852574490000002,
        0.02642541649,
        0.025712044490000002,
        0.02594886449,
        0.02519664749,
        0.025679033490000003,
        0.024978888490000004,
        0.026099830490000003,
        0.024528968490000004,
        0.02451534549,
        0.026181349490000005,
        0.02619559449,
        0.025715809490000005,
        0.026685363490000003,
        0.02524999849,
        0.025909283490000004,
        0.02560488649,
        0.025636544490000003,
        0.02532800349,
        0.026358502490000005,
        0.025014350490000004,
        0.024275129490000005,
        0.026444192490000004,
        0.025932277490000002,
        0.025988371490000002,
        0.026596386490000005,
        0.025579762490000005,
        0.026167999490000003,
        0.02633918449,
        0.02633553449,
        0.025784124490000004,
        0.026219475490000005,
        0.02526182749,
        0.02536614049,
        0.02618435449,
        0.025287825490000006,
        0.02516762249,
        0.025978543490000006,
        0.025583836490000005,
        0.02500162049,
        0.026125946490000003,
        0.025090899490000006,
        0.026746677490000002,
        0.026138810490000004,
        0.02513617949,
        0.02525686849,
        0.025494430490000004,
        0.02534237149,
        0.02698870649,
        0.028232306490000005,
        0.02556997849,
        0.02564618749,
        0.02592530649,
        0.02486019649,
        0.027306404490000005,
        0.025741818490000005,
        0.025329237490000003,
        0.02617507249,
        0.026195816490000003,
        0.02588477149,
        0.025599272490000005,
        0.02524990949,
        0.024914842490000005,
        0.026659721490000003,
        0.026167243490000006,
        0.02497490049,
        0.025936179490000003,
        0.026521073490000005,
        0.024704463490000002,
        0.02570450549,
        0.02540033849,
        0.025840802490000002,
        0.025681496490000004,
        0.02633874749,
        0.02518454849,
        0.024587106490000003,
        0.026649793490000004,
        0.024647902490000005,
        0.02665829249,
        0.026359199490000006,
        0.025946605490000003,
        0.02601405249,
        0.025759696490000004,
        0.024838243490000002,
        0.026942878490000002,
        0.026307672490000003,
        0.025867387490000004,
        0.02639476149,
        0.02521014749,
        0.02427400649,
        0.025420373490000002,
        0.025098760490000004,
        0.024571389490000005,
        0.026330594490000005,
        0.025513387490000004
      ]
    },
    {
      "command": "yq --yaml-output '.id' benchmark/data.yaml",
      "mean": 0.11034295556000001,
      "stddev": 0.0039000000116157472,
      "median": 0.10928234549000002,
      "user": 0.09123371999999996,
      "system": 0.018674950000000003,
      "min": 0.10621827249,
      "max": 0.13389443749000002,