{
  "results": [
    {
      "command": "daselv2 -f benchmark/data.json 'id'",
      "mean": 0.006550416384999996,
      "stddev": 0.00024601099511433844,
      "median": 0.006507407264999997,
      "user": 0.0034442450000000003,
      "system": 0.0019110250000000007,
      "min": 0.006124006764999997,
      "max": 0.007435303764999996,
      "times": [
        0.006409424764999998,
        0.0067714407649999975,
        0.0067454507649999974,
        0.0064456847649999975,
        0.006382688764999997,
        0.0066826097649999965,
        0.006436487764999997,
        0.006437265764999997,
        0.006535118764999997,
        0.0066288807649999976,
        0.0070239787649999975,
        0.006495777764999997,
        0.006400754764999997,
        0.006299325764999997,
        0.006271667764999997,
        0.006837474764999997,
        0.006608922764999997,
        0.006496156764999997,
        0.006171421764999997,
        0.006360695764999997,
        0.006200042764999997,
        0.0073152667649999965,
        0.006571944764999997,
        0.006483469764999998,
        0.006305482764999997,
        0.006493079764999998,
        0.006372934764999998,
        0.006313692764999997,
        0.006124006764999997,
        0.006342037764999997,
        0.006847285764999997,
        0.0067479717649999976,
        0.006698294764999998,
        0.0062721417649999976,
        0.006291056764999997,
        0.0064289147649999965,
        0.007022751764999996,
        0.006424592764999997,
        0.006377070764999998,
        0.0065125977649999976,
        0.006405452764999996,
        0.006540477764999997,
        0.006421203764999998,
        0.006546451764999997,
        0.006511866764999997,
        0.006506857764999997,
        0.0063986647649999975,
        0.006357210764999998,
        0.006140095764999997,
        0.006626021764999997,
        0.006485051764999998,
        0.007093897764999997,
        0.006641092764999997,
        0.006593332764999998,
        0.006553825764999997,
        0.006805259764999997,
        0.0067520077649999965,
        0.006749774764999997,
        0.0062603187649999965,
        0.006552321764999997,
        0.007125473764999998,
        0.006698240764999997,
        0.006433365764999997,
        0.006395765764999997,
        0.006966909764999998,
        0.0068169367649999965,
        0.0068186487649999974,
        0.006284971764999998,
        0.006410533764999997,
        0.006626721764999998,
        0.007015845764999997,
        0.0068382977649999975,
        0.006570978764999997,
        0.006443504764999997,
        0.006627231764999996,
        0.006457617764999998,
        0.0065755757649999975,
        0.006454909764999997,
        0.006558081764999998,
        0.006756486764999996,
        0.006507956764999998,
        0.006349025764999997,
        0.006149813764999998,
        0.006326886764999998,
        0.0065465437649999975,
        0.007435303764999996,
        0.0066341607649999974,
        0.006532906764999997,
        0.006325576764999997,
        0.006516942764999997,
        0.006425754764999998,
        0.006800023764999998,
        0.006333842764999997,
        0.006432710764999997,
        0.006469709764999998,
        0.006279320764999997,
        0.006579716764999997,
        0.006486502764999997,
        0.006560812764999997,
        0.006944972764999996
      ]
    },
    {
      "command": "dasel -f benchmark/data.json '.id'",
      "mean": 0.008324318624999995,
      "stddev": 0.0002552376514065979,
      "median": 0.008294593764999997,
      "user": 0.004518525,
      "system": 0.002555445000000001,
      "min": 0.007806666764999998,
      "max": 0.009730712764999998,
      "times": [
        0.007952981764999997,
        0.008194517764999997,
        0.008203830764999998,
        0.008595876764999998,
        0.008142087764999997,
        0.008135427764999998,
        0.009730712764999998,
        0.008734463764999997,
        0.008223304764999996,
        0.008183735764999997,
        0.008370059764999997,
        0.008302982764999998,
        0.008535462764999998,
        0.008113701764999997,
        0.008482074764999997,
        0.008621676764999997,
        0.008354809764999997,
        0.007806666764999998,
        0.008177029764999998,
        0.008492614764999996,
        0.008201580764999997,
        0.007996902764999998,
        0.008311124764999997,
        0.008049495764999998,
        0.008380895764999997,
        0.008294717764999997,
        0.008102381764999998,
        0.008199158764999997,
        0.008638351764999998,
        0.008187583764999997,
        0.008136487764999997,
        0.008144617764999997,
        0.008307908764999997,
        0.008227715764999997,
        0.008155664764999997,
        0.008155552764999997,
        0.008356408764999997,
        0.008557816764999997,
        0.008225594764999997,
        0.008378913764999997,
        0.008202654764999998,
        0.008514292764999997,
        0.008401451764999996,
        0.008179008764999997,
        0.008636295764999998,
        0.008434292764999997,
        0.008035087764999997,
        0.008390621764999997,
        0.008299827764999997,
        0.008476040764999998,
        0.008441905764999997,
        0.008250349764999998,
        0.008448662764999997,
        0.008302803764999997,
        0.008268075764999997,
        0.008424627764999998,
        0.008634410764999998,
        0.008369244764999997,
        0.008153790764999997,
        0.008101582764999997,
        0.008536264764999997,
        0.008568117764999997,
        0.008279750764999998,
        0.008080794764999998,
        0.008208901764999997,
        0.008098129764999996,
        0.008082657764999997,
        0.008191190764999997,
        0.008276742764999998,
        0.008360571764999998,
        0.008299517764999997,
        0.008184424764999997,
        0.008119439764999997,
        0.008448582764999997,
        0.009151519764999998,
        0.008034101764999997,
        0.008172693764999997,
        0.008511641764999998,
        0.008400721764999997,
        0.008294469764999998,
        0.008362365764999997,
        0.008344852764999997,
        0.008283781764999998,
        0.008652207764999998,
        0.008094122764999998,
        0.008244314764999996,
        0.008147705764999997,
        0.008306131764999997,
        0.007917241764999998,
        0.008461015764999998,
        0.008488163764999997,
        0.009008179764999997,
        0.008530072764999997,
        0.008096654764999997,
        0.008147692764999997,
        0.008445677764999998,
        0.008381138764999997,
        0.008254616764999997,
        0.008514989764999998,
        0.008122774764999997
      ]
    },
    {
      "command": "jq '.id' benchmark/data.json",
      "mean": 0.028229297375000004,
      "stddev": 0.0008569398182191514,
      "median": 0.027930878764999997,
      "user": 0.023590864999999992,
      "system": 0.0011729950000000013,
      "min": 0.027056496765,
      "max": 0.031523936764999996,