{
  "results": [
    {
      "command": "dasel -f benchmark/data.json '.id'",
      "mean": 0.007684572454999998,
      "stddev": 0.0003033259170997601,
      "median": 0.007622167515000001,
      "user": 0.003639410000000001,
      "system": 0.002315395,
      "min": 0.0070635660150000015,
      "max": 0.008743187015,
      "times": [
        0.007678511015,
        0.007677906015000001,
        0.007819943015,
        0.007818857015000001,
        0.007839824015000002,
        0.007921918015000001,
        0.008505129015000001,
        0.007616707015000002,
        0.007950828015000001,
        0.007823236015,
        0.007830833015000002,
        0.008743187015,
        0.007674780015,
        0.007812509015000002,
        0.0077186920150000005,
        0.007808261015000002,
        0.007989757015000001,
        0.007903710015,
        0.0075603390150000005,
        0.007916076015,
        0.007871945015000001,
        0.007650353015000002,
        0.007794585015000001,
        0.007390922015000001,
        0.008038429015000001,
        0.008126226015000002,
        0.008026276015000002,
        0.008225972015000001,
        0.007884687015,
        0.0078023440150000005,
        0.008448897015000002,
        0.007851146015000001,
        0.008053066015,
        0.007806675015,
        0.0070635660150000015,
        0.007465776015000002,
        0.007580514015000001,
        0.0074372780150000015,
        0.007647869015000001,
        0.007480242015000001,
        0.007784439015000002,
        0.0074348740150000005,
        0.007441004015000001,
        0.007863664015,
        0.008547533015,
        0.007450601015000001,
        0.007501944015000001,
        0.007222159015000002,
        0.007493015015000002,
        0.007378656015,
        0.007461999015000002,
        0.007617660015000001,
        0.007818341015,
        0.007850022015000001,
        0.007510504015000001,
        0.007359930015,
        0.007754867015000002,
        0.007604085015000001,
        0.007560590015,
        0.0075973070150000006,
        0.007345455015,
        0.007551771015000002,
        0.007340562015000001,
        0.007417929015000001,
        0.007622850015000002,
        0.0072899050150000005,
        0.007697562015000001,
        0.007478395015000002,
        0.007474026015000001,
        0.007621485015,
        0.007343651015000001,
        0.0076669670150000015,
        0.007946187015000002,
        0.007476917015000001,
        0.007797327015000001,
        0.007300148015000001,
        0.007561277015000001,
        0.008025869015000001,
        0.007605880015000002,
        0.007928599015000001,
        0.007529305015000001,
        0.007726366015000001,
        0.008013359015,
        0.0073342800150000016,
        0.007506112015000002,
        0.007427749015,
        0.007759950015000001,
        0.007630288015,
        0.007446214015000001,
        0.0073862010150000015,
        0.007485138015000002,
        0.0071604160150000006,
        0.007530472015000001,
        0.007438172015000001,
        0.007501633015000002,
        0.007529983015000002,
        0.008559587015000002,
        0.007474857015000001,
        0.007476549015,
        0.007536886015000001
      ]
    },
    {
      "command": "jq '.id' benchmark/data.json",
      "mean": 0.025925222325000007,
      "stddev": 0.0008240570795380018,
      "median": 0.025773964515000004,
      "user": 0.02366264999999999,
      "system": 0.0007723849999999993,
      "min": 0.024876099015000003,
      "max": 0.031485410015,
      "times": [
        0.026406099015000004,
        0.026057513015000002,
        0.025401984015000004,
        0.026141769015000003,
        0.031485410015,
        0.028344691015000003,
        0.026098665015,
        0.025609849015000002,
        0.025857995015000003,
        0.025410637015,
        0.025935509015000004,
        0.025411641015000003,
        0.025635843015000003,
        0.025888949015000003,
        0.025736804015000003,
        0.025979090015,
        0.025598810015,
        0.026679425015,
        0.027283100015000002,
        0.025154481015,
        0.025997281015000002,
        0.025643171015,
        0.025829590015,
        0.025448857015000003,
        0.026127752015000002,
        0.026235002015,
        0.027771067015,
        0.025212652015000003,
        0.026365694015000003,
        0.024976810015000003,
        0.025691778015000003,
        0.026152884015000002,
        0.025722864015000003,
        0.026146993015,
        0.025617561015000002,
        0.027152360015,
        0.025832955015000002,
        0.026196729015000003,
        0.025534955015000003,
        0.026017189015,
        0.025479842015000004,
        0.025799431015000002,
        0.026053701015000003,
        0.025782251015000004,
        0.026208124015,
        0.025529343015,
        0.026044017015000004,
        0.025424063015,
        0.025952130015,
        0.026502258015000002,
        0.025561641015,
        0.025334414015,
        0.026042718015,
        0.026573681015000003,
        0.025440042015,
        0.025674865015000003,
        0.025899010015,
        0.025766908015000003,
        0.026003545015,
        0.025083226015,
        0.026679937015000002,
        0.025958991015000002,
        0.027012278015000002,
        0.025576760015,
        0.025844726015000003,
        0.025158071015000002,
        0.025711753015,
        0.026336393015,
        0.025675223015,
        0.026953865015,
        0.027500948015000002,
        0.025689008015,
        0.025669906015,
        0.025542218015000003,
        0.025862218015,
        0.025665384015,
        0.025488889015000002,
        0.025263793015,
        0.025196069015000003,
        0.025288101015,
        0.024876099015000003,
        0.025748949015,
        0.025701041015000002,
        0.025448440015,
        0.026099168015000004,
        0.025543569015000003,
        0.025025379015,
        0.025760050015,
        0.027344122015000003,
        0.026004793015000003,
        0.025903705015000004,
        0.025373832015000004,
        0.025148978015000004,
        0.025835676015000003,
        0.024943287015000003,
        0.025781021015000002,
        0.025828426015000003,
        0.025379723015,
        0.025389788015,
        0.025364036015
      ]
    },
    {
      "command": "yq --yaml-output '.id' benchmark/data.yaml",
      "mean": 0.11832050078500002,
      "stddev": 0.0029858702251367585,
      "median": 0.11804268351500001,
      "user": 0.09748757000000001,
      "system": 0.020353975000000003,
      "min": 0.11028902501500001,
      "max": 0.127139806015,