{
  "results": [
    {
      "command": "dasel -f benchmark/data.json '.id'",
      "mean": 0.007728187490000003,
      "stddev": 0.0002928590377183796,
      "median": 0.007708271399999999,
      "user": 0.003682844999999998,
      "system": 0.0023318049999999993,
      "min": 0.007199197899999999,
      "max": 0.0084326099,
      "times": [
        0.0078918759,
        0.0081637769,
        0.0080680949,
        0.0080217889,
        0.0078026009,
        0.007513171900000001,
        0.0077872689,
        0.0077043489,
        0.0078256339,
        0.0084326099,
        0.0082919169,
        0.0080869209,
        0.0081135179,
        0.007630999899999999,
        0.0078631549,
        0.007783008899999999,
        0.0077222759000000005,
        0.0080005219,
        0.0081838619,
        0.007706995899999999,
        0.0077677739,
        0.007545132899999999,
        0.0077620439,
        0.0080667029,
        0.007457400899999999,
        0.007667905900000001,
        0.0076891328999999994,
        0.0073430979,
        0.0077919779,
        0.007752130899999999,
        0.0076146249,
        0.0079200879,
        0.0073944718999999996,
        0.0077401289000000005,
        0.0075689399,
        0.007524168899999999,
        0.0079965589,
        0.0078837829,
        0.0076210129,
        0.0077748339,
        0.007541000900000001,
        0.0078102329,
        0.0076979109,
        0.0076291799,
        0.0081701319,
        0.0081929169,
        0.0080723759,
        0.0079435849,
        0.007684957900000001,
        0.008102390899999999,
        0.0083921899,
        0.0082969189,
        0.0080942539,
        0.0077620399,
        0.007580987900000001,
        0.0076430149,
        0.0077195109000000005,
        0.0077775629,
        0.0079878909,
        0.007583208899999999,
        0.007455387900000001,
        0.0074346219000000005,
        0.0073876459,
        0.0074457429,
        0.007549200900000001,
        0.007709546899999999,
        0.0076958349,
        0.0073010179,
        0.0076415128999999995,
        0.0074208178999999996,
        0.007528987900000001,
        0.0081378349,
        0.0075412319000000005,
        0.007295020899999999,
        0.0072054279,
        0.007242447900000001,
        0.0084225199,
        0.0080260849,
        0.0079678439,
        0.007793159900000001,
        0.007447184900000001,
        0.0075451709,
        0.007441588900000001,
        0.0072043869,
        0.0074119309000000005,
        0.007659487899999999,
        0.0080346109,
        0.007794540900000001,
        0.0072880329,
        0.0074513939000000005,
        0.0076648629,
        0.0077724049,
        0.0077547699,
        0.0074162829,
        0.007518866900000001,
        0.007291721899999999,
        0.007199197899999999,
        0.007465643899999999,
        0.0072718959,
        0.0078243639
      ]
    },
    {
      "command": "jq '.id' benchmark/data.json",
      "mean": 0.025808131720000006,
      "stddev": 0.0005474226433081597,
      "median": 0.0257861874,
      "user": 0.023596034999999994,
      "system": 0.000755045,
      "min": 0.024907799900000003,
      "max": 0.0279024359,
      "times": [
        0.025060153900000003,
        0.0262985849,
        0.0252191299,
        0.024912319900000004,
        0.026214329900000003,
        0.0251528799,
        0.0259923469,
        0.025771740900000003,
        0.025496795900000004,
        0.025641369900000002,
        0.025068530900000004,
        0.0262861539,
        0.026223476900000004,
        0.025072559900000003,
        0.027102703900000004,
        0.026120023900000004,
        0.025653432900000002,
        0.026196148900000004,
        0.026188192900000004,
        0.025176744900000003,
        0.025121504900000004,
        0.025843480900000004,
        0.025466339900000003,
        0.025540698900000002,
        0.025091920900000002,
        0.024917174900000002,
        0.0259337949,
        0.0254329299,
        0.025608364900000003,
        0.0257872669,
        0.026165073900000002,
        0.024907799900000003,
        0.027480620900000002,
        0.025952481900000005,
        0.025042252900000003,
        0.025841855900000002,
        0.026036142900000003,
        0.0252956759,
        0.025814731900000002,
        0.025466395900000004,
        0.025757224900000004,
        0.0258704639,
        0.0257944649,
        0.025535891900000003,
        0.0268161919,
        0.026065792900000002,
        0.0253511969,
        0.025357652900000003,
        0.026108916900000004,
        0.025614040900000003,
        0.0279024359,
        0.025854147900000003,
        0.027027340900000002,
        0.025855207900000003,
        0.025920272900000003,
        0.026080555900000003,
        0.026297810900000003,
        0.025364381900000003,
        0.026080192900000004,
        0.025683199900000002,
        0.0252226229,
        0.026207242900000004,
        0.025423988900000003,
        0.025252223900000002,
        0.0255249209,
        0.025927581900000003,
        0.025574244900000005,
        0.027401277900000003,
        0.026054255900000003,
        0.026195471900000003,
        0.025644725900000002,
        0.025586346900000004,
        0.025916319900000002,
        0.025769890900000002,
        0.0251709399,
        0.025705157900000004,
        0.025177907900000004,
        0.0254788139,
        0.025760922900000004,
        0.0251912749,
        0.0251365789,
        0.026078196900000003,
        0.0255828459,
        0.025896471900000002,
        0.025785107900000003,
        0.026475391900000003,
        0.025996251900000003,
        0.026112109900000003,
        0.025863719900000002,
        0.0257290639,
        0.025769143900000003,
        0.025577749900000002,
        0.025883511900000003,
        0.026546698900000002,
        0.026085873900000004,
        0.025845904900000004,
        0.0263074109,
        0.026085798900000002,
        0.025537405900000004,
        0.026400285900000004
      ]
    },
    {
      "command": "yq --yaml-output '.id' benchmark/data.yaml",
      "mean": 0.12014122398999998,
      "stddev": 0.0029832997492334275,
      "median": 0.12005365590000001,
      "user": 0.09895428500000003,
      "system": 0.020692644999999996,
      "min": 0.11292256290000001,
      "max": 0.1279307609,