{
  "results": [
    {
      "command": "dasel -f benchmark/data.json '.id'",
      "mean": 0.007704338525000002,
      "stddev": 0.0002559904017213863,
      "median": 0.007682813115000001,
      "user": 0.003684514999999998,
      "system": 0.0023204150000000006,
      "min": 0.007164125115000002,
      "max": 0.008521040115000003,
      "times": [
        0.007923965115,
        0.007968776115000003,
        0.008440208115,
        0.008521040115000003,
        0.007473660115000002,
        0.007593645115000001,
        0.007455473115000001,
        0.007500463115000002,
        0.007806571115000002,
        0.007795101115000002,
        0.007824824115,
        0.007969010115000001,
        0.007772816115000002,
        0.007961421115000002,
        0.007966081115000002,
        0.007670770115000002,
        0.008052771115000003,
        0.007955723115,
        0.007648559115000001,
        0.007946441115000001,
        0.007629121115000001,
        0.007515532115000002,
        0.007772424115000002,
        0.007714898115000001,
        0.007739146115000002,
        0.007868897115000002,
        0.007441292115000002,
        0.007687824115000001,
        0.007498724115000002,
        0.007758226115000002,
        0.007925723115000002,
        0.007641733115000001,
        0.007490352115000002,
        0.007607922115000001,
        0.0072921091150000015,
        0.007537635115000001,
        0.007688501115000002,
        0.007440191115000002,
        0.008057583115000003,
        0.007413692115000001,
        0.007536840115000001,
        0.007545001115000001,
        0.007516622115000002,
        0.007597582115000002,
        0.007923708115,
        0.007594779115000001,
        0.008077146115000003,
        0.007977747115000003,
        0.007578777115000002,
        0.007711789115000002,
        0.008074795115000002,
        0.007986875115,
        0.008109587115,
        0.007857598115000003,
        0.007770691115000001,
        0.007672444115000002,
        0.007455353115000001,
        0.007847336115000002,
        0.007779079115000001,
        0.007592264115000001,
        0.008433738115000002,
        0.007798338115000002,
        0.007763119115000002,
        0.007948228115,
        0.007577739115000002,
        0.007673398115000001,
        0.008266882115000002,
        0.007576881115000002,
        0.007776505115000001,
        0.007765789115000002,
        0.007484296115000001,
        0.007907354115000001,
        0.008025397115000003,
        0.0076092961150000015,
        0.007778589115000001,
        0.007598705115000001,
        0.007403092115000002,
        0.007727606115000001,
        0.007455432115000001,
        0.007926505115000003,
        0.007707847115000002,
        0.0074941401150000015,
        0.007401068115000002,
        0.007366802115000002,
        0.007348766115000001,
        0.007696045115000002,
        0.007164125115000002,
        0.007701079115000001,
        0.007464156115000001,
        0.007263274115000002,
        0.007458788115000001,
        0.007677802115000001,
        0.007745191115000002,
        0.007610874115000002,
        0.007428402115000001,
        0.007511697115000001,
        0.007345073115000002,
        0.007320381115000001,
        0.007535105115000002,
        0.007521481115000002
      ]
    },
    {
      "command": "jq '.id' benchmark/data.json",
      "mean": 0.025849275955000008,
      "stddev": 0.0007569986359885998,
      "median": 0.025643472615000003,
      "user": 0.023710955,
      "system": 0.000683955,
      "min": 0.024934757115000004,
      "max": 0.029203190115000003,
      "times": [
        0.025356563115000005,
        0.025412827115000005,
        0.025448436115000004,
        0.024934757115000004,
        0.025994260115000004,
        0.025511614115000004,
        0.027052187115000004,
        0.025442517115000004,
        0.025341175115000003,
        0.026903067115000002,
        0.025639202115000002,
        0.025428673115000005,
        0.025612237115000002,
        0.025855976115000002,
        0.026106507115000004,
        0.026477927115000004,
        0.025352574115000002,
        0.025229080115000004,
        0.025694920115000002,
        0.025709466115000003,
        0.025164750115000002,
        0.026940553115000005,
        0.025073418115000003,
        0.025284080115000003,
        0.026945954115000004,
        0.026106707115000002,
        0.025642657115000002,
        0.025810537115000004,
        0.025712495115000004,
        0.025775674115000004,
        0.025817084115000003,
        0.025192173115000004,
        0.026012808115000004,
        0.025592768115000004,
        0.025825604115000005,
        0.025911371115000005,
        0.025412326115000005,
        0.025539950115000005,
        0.025362294115000003,
        0.025958639115000005,
        0.025605307115000003,
        0.027661644115000005,
        0.025593474115000004,
        0.025536874115000004,
        0.026257319115000004,
        0.026339772115000003,
        0.025331758115000002,
        0.025738551115000004,
        0.025376248115000003,
        0.025858401115000002,
        0.025330505115000002,
        0.025191285115000003,
        0.025030967115000004,
        0.028148424115000004,
        0.025630373115000004,
        0.025423616115000002,
        0.026245704115000004,
        0.025469068115000004,
        0.025066724115000005,
        0.028957182115000004,
        0.026113530115000002,
        0.025431212115000004,
        0.025576579115000005,
        0.025695196115000003,
        0.025381596115000002,
        0.025707377115000003,
        0.025422073115000002,
        0.025970219115000002,
        0.025109666115000002,
        0.025927591115000002,
        0.025710482115000002,
        0.025929771115000003,
        0.025778175115000003,
        0.026495687115000003,
        0.026363967115000005,
        0.025066693115000004,
        0.027024710115000003,
        0.026527867115000003,
        0.025593117115000005,
        0.027154139115000003,
        0.029203190115000003,
        0.025796506115000003,
        0.025153304115000004,
        0.025644288115000004,
        0.024975387115000004,
        0.025211269115000004,
        0.025489143115000005,
        0.026258113115000002,
        0.025989625115000005,
        0.025217790115000003,
        0.025956639115000003,
        0.025001539115000002,
        0.025489641115000003,
        0.025863235115000004,
        0.026811947115000005,
        0.027196689115000002,
        0.025391191115000003,
        0.025633049115000004,
        0.025773917115000003,
        0.025512472115000004
      ]
    },
    {
      "command": "yq --yaml-output '.id' benchmark/data.yaml",
      "mean": 0.12513270954499997,
      "stddev": 0.003641394660737071,
      "median": 0.124717613615,
      "user": 0.10349301499999998,
      "system": 0.021274175,
      "min": 0.119833083115,
      "max": 0.141924583115,