{
  "results": [
    {
      "command": "daselv2 -f benchmark/data.json 'id'",
      "mean": 0.006644339755000003,
      "stddev": 0.001171790545206521,
      "median": 0.006352018085,
      "user": 0.0034810049999999993,
      "system": 0.001992785,
      "min": 0.005913597085,
      "max": 0.014621794085,
      "times": [
        0.006397943085,
        0.0062882290849999994,
        0.006976414085,
        0.006159052085,
        0.006250445085,
        0.006529661085000001,
        0.006358094085,
        0.007484144085,
        0.006441822085,
        0.0062537590849999995,
        0.0062375670849999995,
        0.006289512085000001,
        0.006387217085000001,
        0.005963638085,
        0.014621794085,
        0.012636946085,
        0.008907905085,
        0.008439319085,
        0.009528009085,
        0.008362449085000001,
        0.006918974085,
        0.006353042085,
        0.006258208085,
        0.006078416085,
        0.006264329085000001,
        0.006154901085000001,
        0.0066599240849999995,
        0.0067552000849999995,
        0.006838245085,
        0.0062742320849999995,
        0.006356044085,
        0.005927331084999999,
        0.0065988970849999995,
        0.0068689520849999994,
        0.006928744085000001,
        0.006570119084999999,
        0.006053445084999999,
        0.006647579085000001,
        0.006453757085000001,
        0.006097901084999999,
        0.006470268085,
        0.006444235085,
        0.006363058085,
        0.006527163085000001,
        0.0060746410850000005,
        0.006075806085,
        0.005913597085,
        0.006094799085,
        0.006635126085,
        0.0063624170850000005,
        0.006661758085,
        0.006056938085,
        0.005988366085,
        0.006117974085,
        0.007658510085,
        0.007330910085,
        0.006208898085000001,
        0.006816358085,
        0.006325670085,
        0.006268072085,
        0.006236136085,
        0.0060238590849999996,
        0.006405795085000001,
        0.006722693085,
        0.006296751085,
        0.006432086085,
        0.006004720085,
        0.006249363085000001,
        0.0064685050849999995,
        0.0061442320849999996,
        0.006427574085,
        0.006052671085000001,
        0.006307048085000001,
        0.007487110085,
        0.006250294085,
        0.005962718085000001,
        0.005991135085,
        0.006468512085000001,
        0.006245772085,
        0.006420548085,
        0.006215972085,
        0.006119502085000001,
        0.006229142085,
        0.0063923310849999995,
        0.006847137085,
        0.006841428085,
        0.006302756085,
        0.006754575085000001,
        0.0063509940850000005,
        0.006337270085000001,
        0.0070222110850000005,
        0.006290952085000001,
        0.006194909085,
        0.006235740085,
        0.006642965085000001,
        0.006323374085,
        0.005932590085,
        0.006205299085000001,
        0.006443065085,
        0.006187510085
      ]
    },
    {
      "command": "dasel -f benchmark/data.json '.id'",
      "mean": 0.009381733914999994,
      "stddev": 0.0009327788668096033,
      "median": 0.008935512585,
      "user": 0.004845745000000002,
      "system": 0.002890264999999999,
      "min": 0.008332861085,
      "max": 0.012619236084999999,
      "times": [
        0.010742314085000001,
        0.008871649085,
        0.008600746085,
        0.010465406085,
        0.008855245085,
        0.009886159085,
        0.008952743085000001,
        0.010876948085000001,
        0.009308764085,
        0.008606578085,
        0.010037320085,
        0.009973143085,
        0.008676275085,
        0.008765460085000001,
        0.009006030085,
        0.010861874085,
        0.010854590085,
        0.010538333085,
        0.011227715085000001,
        0.008765518085,
        0.008800327085,
        0.008427362085,
        0.009801966085,
        0.008687786085,
        0.008571800085000001,
        0.008720658085000001,
        0.009312010085,
        0.009021029085,
        0.008918282085,
        0.009598370085,
        0.010521706085,
        0.008357743085000001,
        0.008633637085,
        0.008586205085,
        0.009154527085000001,
        0.008835505085,
        0.008637295085,
        0.008609739085,
        0.010073360085,
        0.008884850085,
        0.008644047085,
        0.010066178085,
        0.010433729085000001,
        0.008784066085,
        0.008575071085,
        0.010695224085,
        0.010478389085000001,
        0.008745632085,
        0.008657589085,
        0.010217353085,
        0.008448931085,
        0.008602586085,
        0.008332861085,
        0.008734832085,
        0.008687300085,
        0.008895196085000001,
        0.008965103085,
        0.012619236084999999,
        0.010901251085,
        0.009111491085000001,
        0.008587136085,
        0.010425270085,
        0.008557531085,
        0.008692909085,
        0.008585698085000001,
        0.011416683085,
        0.010040628085000001,
        0.009208141085,
        0.010010610085,
        0.009242138085,
        0.008724471085000001,
        0.008492825085,
        0.009465601085,
        0.008422921085,
        0.008626706085,
        0.008825499085,
        0.010895672085,
        0.009081143085,
        0.009066127085,
        0.008453824085,
        0.010177695085,
        0.008862062085,
        0.008650211085,
        0.008524866085,
        0.011007986085000001,
        0.009810625085,
        0.008572189085000001,
        0.009492173085,
        0.011856086085,
        0.009318028085,
        0.008567150085000001,
        0.010495735085000001,
        0.010852951085,
        0.008800101085,
        0.008539483085,
        0.010082843085000001,
        0.009246707085,
        0.008910161085,
        0.008693199085,
        0.010268567085000001
      ]
    },
    {
      "command": "jq '.id' benchmark/data.json",
      "mean": 0.028003921605000027,
      "stddev": 0.0008310824596149085,
      "median": 0.027711753085000002,
      "user": 0.02350252500000001,
      "system": 0.0010952750000000004,
      "min": 0.027000258085000003,
      "max": 0.032035810085000005,