{
  "results": [
    {
      "command": "dasel -f benchmark/data.json '.id'",
      "mean": 0.010260437839999996,
      "stddev": 0.0008127802990053867,
      "median": 0.01016716021,
      "user": 0.006433254999999998,
      "system": 0.0026604050000000002,
      "min": 0.009152936209999999,
      "max": 0.01414082721,
      "times": [
        0.012859643209999999,
        0.01094070321,
        0.010637913209999999,
        0.009782136209999999,
        0.009229720209999999,
        0.010055898209999999,
        0.01042836521,
        0.010419762209999999,
        0.00977677121,
        0.009311341209999999,
        0.009332398209999999,
        0.01032213421,
        0.01016770421,
        0.01014306621,
        0.01016643821,
        0.009792514209999999,
        0.00920243621,
        0.010537947209999999,
        0.010065907209999999,
        0.010096719209999999,
        0.01039417521,
        0.010060502209999999,
        0.01368592621,
        0.011184387209999999,
        0.01106240721,
        0.010328639209999999,
        0.01105708221,
        0.009827939209999999,
        0.00976340021,
        0.01033299721,
        0.01016606021,
        0.010172385209999999,
        0.010342039209999999,
        0.010548161209999999,
        0.01016971021,
        0.01132735321,
        0.01138547821,
        0.01414082721,
        0.01101742321,
        0.01140234221,
        0.01121753621,
        0.01035143121,
        0.00977393021,
        0.00980714921,
        0.01049845021,
        0.01034801221,
        0.01023795021,
        0.009546340209999999,
        0.009152936209999999,
        0.009187192209999999,
        0.00959394121,
        0.009832175209999999,
        0.01021961121,
        0.009851787209999999,
        0.00926526221,
        0.00989394221,
        0.01039869221,
        0.01051059721,
        0.009591396209999999,
        0.00946414721,
        0.00967743621,
        0.01016661621,
        0.010194473209999999,
        0.009735452209999999,
        0.011511336209999999,
        0.010018142209999999,
        0.010704754209999999,
        0.010590860209999999,
        0.009976151209999999,
        0.009683972209999999,
        0.00986797221,
        0.01068813421,
        0.01043499321,
        0.01008032121,
        0.009396312209999999,
        0.009392258209999999,
        0.00936154321,
        0.01080166221,
        0.01045519021,
        0.01005486621,
        0.010680487209999999,
        0.01058716021,
        0.01057530021,
        0.01034597221,
        0.01045578721,
        0.00996368921,
        0.00953884621,
        0.01024009821,
        0.01053656121,
        0.01004370521,
        0.00943508721,
        0.009305933209999999,
        0.009502935209999999,
        0.00965211221,
        0.01147044121,
        0.01066757021,
        0.00989236621,
        0.00991500221,
        0.009732364209999999,
        0.010328682209999999
      ]
    },
    {
      "command": "jq '.id' benchmark/data.json",
      "mean": 0.02577282276,
      "stddev": 0.0010781265283978127,
      "median": 0.025508033710000003,
      "user": 0.023515714999999996,
      "system": 0.0006479250000000009,
      "min": 0.024543609209999998,
      "max": 0.03161953221,
      "times": [
        0.026101999209999997,
        0.026436092209999998,
        0.02525219521,
        0.02537088521,
        0.02557768321,
        0.02471871521,
        0.02557421921,
        0.02536615321,
        0.026824767210000003,
        0.02559657821,
        0.02519852921,
        0.02516217421,
        0.02575663121,
        0.024919455210000004,
        0.02569304821,
        0.026335130210000002,
        0.024856280209999998,
        0.02525865821,
        0.026318384210000004,
        0.025644342209999997,
        0.025733133210000002,
        0.02516033921,
        0.025481086210000004,
        0.025790687210000003,
        0.02730176721,
        0.027576425209999998,
        0.02957532821,
        0.02642386821,
        0.025111968210000002,
        0.02679576921,
        0.026026465210000002,
        0.02501902921,
        0.026330708209999998,
        0.025292426210000003,
        0.025300272210000002,
        0.02534396621,
        0.02480290921,
        0.025011922210000002,
        0.02608041321,
        0.02460308721,
        0.02504761121,
        0.02483249221,
        0.025051074210000003,
        0.029122951210000005,
        0.025085547210000003,
        0.02461391121,
        0.02533087321,
        0.02559324221,
        0.025169151209999997,
        0.025376730210000004,
        0.03161953221,
        0.029452403210000005,
        0.025341465209999997,
        0.025079074210000003,
        0.02658993221,
        0.026498870209999997,
        0.026831768210000002,
        0.02536513321,
        0.025530863209999997,
        0.02477192121,
        0.02754712821,
        0.025640536210000002,
        0.024543609209999998,
        0.02538750521,
        0.026386260209999998,
        0.02529343121,
        0.025534240210000003,
        0.024924330209999998,
        0.02551749021,
        0.025516640210000004,
        0.02516910621,
        0.02567161121,
        0.024951083210000002,
        0.025465691210000002,
        0.025154178210000003,
        0.024903884209999998,
        0.02484429221,
        0.02536917121,
        0.026425024210000002,
        0.025333070210000003,
        0.025811236209999998,
        0.026041122210000003,
        0.02550417821,
        0.02573227821,
        0.025505159210000003,
        0.025580668209999997,
        0.02541633821,
        0.02530681521,
        0.02595537121,
        0.02575378121,
        0.02538849521,
        0.025510908210000002,
        0.02559293821,
        0.02510248321,
        0.025948646210000002,
        0.02659482621,
        0.02517190421,
        0.02573235821,
        0.02638934321,
        0.02663710221
      ]
    },
    {
      "command": "yq --yaml-output '.id' benchmark/data.yaml",
      "mean": 0.11379595611000001,
      "stddev": 0.0032018243900488155,
      "median": 0.11330449921,
      "user": 0.09290323499999997,
      "system": 0.020113635000000005,
      "min": 0.10698056821,
      "max": 0.12338531721000001,