{
  "results": [
    {
      "command": "dasel -f benchmark/data.json 'id'",
      "mean": 0.006416244650000005,
      "stddev": 0.00020235361227317994,
      "median": 0.006368006490000002,
      "user": 0.0033854949999999997,
      "system": 0.0018240950000000006,
      "min": 0.006068197990000001,
      "max": 0.006978437990000003,
      "times": [
        0.006667709990000001,
        0.006587223990000002,
        0.006970649990000003,
        0.006421375990000002,
        0.006442155990000002,
        0.006361952990000003,
        0.006384926990000001,
        0.006068197990000001,
        0.0065199719900000015,
        0.006392398990000003,
        0.0063678149900000015,
        0.006378798990000002,
        0.0062566219900000025,
        0.0062679989900000024,
        0.006316636990000003,
        0.006449335990000003,
        0.006612622990000002,
        0.006219187990000001,
        0.006236721990000003,
        0.006284779990000001,
        0.006454082990000002,
        0.006367850990000002,
        0.006472848990000002,
        0.006447779990000001,
        0.006190968990000002,
        0.006341071990000002,
        0.006276181990000003,
        0.006326953990000002,
        0.006465971990000001,
        0.006653604990000003,
        0.006331030990000002,
        0.006659061990000001,
        0.0067401639900000025,
        0.006354352990000003,
        0.006422560990000001,
        0.006366826990000001,
        0.006374523990000002,
        0.006581926990000002,
        0.006280742990000003,
        0.006248872990000001,
        0.006779223990000001,
        0.006329596990000002,
        0.006183087990000002,
        0.006217335990000001,
        0.006475697990000001,
        0.006498853990000003,
        0.006488832990000002,
        0.006185420990000003,
        0.006082366990000003,
        0.006297015990000002,
        0.0066023599900000025,
        0.006550208990000002,
        0.006318277990000003,
        0.006265810990000002,
        0.006273130990000002,
        0.006883957990000002,
        0.006748293990000001,
        0.006311398990000001,
        0.006368161990000003,
        0.006392281990000002,
        0.006318259990000002,
        0.006227117990000001,
        0.006306148990000001,
        0.006107163990000003,
        0.006978437990000003,
        0.006825466990000003,
        0.006563311990000003,
        0.006342462990000002,
        0.006214317990000003,
        0.006324451990000002,
        0.006494972990000002,
        0.006451051990000001,
        0.006440195990000001,
        0.006391557990000001,
        0.006313071990000002,
        0.006199064990000003,
        0.006254420990000002,
        0.006245558990000002,
        0.006290154990000001,
        0.006294054990000002,
        0.006865930990000001,
        0.006492101990000002,
        0.006658102990000001,
        0.006161622990000002,
        0.006667832990000002,
        0.006516401990000002,
        0.0063661769900000015,
        0.006285525990000002,
        0.006194610990000002,
        0.006466794990000002,
        0.006562672990000002,
        0.006429190990000002,
        0.006278341990000002,
        0.006589638990000002,
        0.006068769990000002,
        0.006272979990000002,
        0.0069216299900000024,
        0.006841536990000003,
        0.006174575990000002,
        0.006412991990000002
      ]
    },
    {
      "command": "jq '.id' benchmark/data.json",
      "mean": 0.028223649130000004,
      "stddev": 0.0023160230933670094,
      "median": 0.027733659490000003,
      "user": 0.023674265000000007,
      "system": 0.001055685,
      "min": 0.027078555990000003,
      "max": 0.04881000599,
      "times": [
        0.02858045999,
        0.027618799990000005,
        0.027299555990000002,
        0.027912678990000002,
        0.027700244990000004,
        0.027544660990000004,
        0.02779742699,
        0.027546431990000002,
        0.027736858990000002,
        0.028095732990000004,
        0.027568972990000003,
        0.027802467990000003,
        0.027820119990000003,
        0.02729423099,
        0.028032905990000002,
        0.027504463990000005,
        0.027711678990000002,
        0.027408505990000005,
        0.02709428699,
        0.02950067999,
        0.02737196999,
        0.02754684199,
        0.02761238699,
        0.02793813799,
        0.028436404990000004,
        0.02774191299,
        0.02840567299,
        0.02781874199,
        0.02744330499,
        0.028115742990000005,
        0.028126895990000005,
        0.027873496990000003,
        0.028815081990000005,
        0.027586729990000003,
        0.027541311990000004,
        0.02792378299,
        0.03124810099,
        0.027778542990000002,
        0.027475862990000002,
        0.02752618499,
        0.027539055990000005,
        0.02735050999,
        0.027084548990000006,
        0.02798994999,
        0.03373213899,
        0.04881000599,
        0.032247210990000004,
        0.028080701989999998,
        0.02837358099,
        0.027358106990000006,
        0.028459261989999998,
        0.027078555990000003,
        0.027353557990000006,
        0.027342644990000005,
        0.030730848990000004,
        0.027574462990000007,
        0.027384017990000002,
        0.02761845199,
        0.027373176990000005,
        0.02957868399,
        0.027396362990000006,
        0.027730459990000005,
        0.028756014990000002,
        0.028969008990000003,
        0.030115179990000004,
        0.027828936990000004,
        0.02763830499,
        0.027621238990000005,
        0.027822295990000002,
        0.027308319990000003,
        0.027464433990000002,
        0.02789252399,
        0.027465567990000002,
        0.027128358990000004,
        0.02817118399,
        0.027574978990000006,
        0.02833565499,
        0.02770527499,
        0.02820610899,
        0.028928470990000003,
        0.02855893299,
        0.027425647990000003,
        0.027259352990000006,
        0.027182126990000006,
        0.02777657199,
        0.02748903399,
        0.027932517990000003,
        0.027289469990000002,
        0.027370226990000003,
        0.02915788799,
        0.02781913399,
        0.02905037999,
        0.02847498299,
        0.027551793990000004,
        0.028055035990000005,
        0.027727193990000003,
        0.02731284499,
        0.02778202799,
        0.027438244990000006,
        0.02869507199
      ]
    },
    {
      "command": "yq --yaml-output '.id' benchmark/data.yaml",
      "mean": 0.12643868275000003,
      "stddev": 0.0019348976102712045,
      "median": 0.12604301499,
      "user": 0.09999667500000006,
      "system": 0.022031685000000002,
      "min": 0.12354543099000001,
      "max": 0.13264213199000002,