{
  "results": [
    {
      "command": "daselv2 -f benchmark/data.json 'id'",
      "mean": 0.006770130510000001,
      "stddev": 0.0005655078575731868,
      "median": 0.006568883130000001,
      "user": 0.003495469999999999,
      "system": 0.0019705,
      "min": 0.006106209630000001,
      "max": 0.009227636630000001,
      "times": [
        0.007291469630000002,
        0.00659676363,
        0.006302886630000001,
        0.006628445630000002,
        0.007388248630000002,
        0.006508468630000002,
        0.006261728630000001,
        0.006258094630000001,
        0.00643812063,
        0.006760858630000002,
        0.007469962630000002,
        0.006367458630000001,
        0.006393623630000001,
        0.006550807630000001,
        0.0064907466300000004,
        0.006436033630000001,
        0.006207310630000001,
        0.006556173630000002,
        0.007442088630000001,
        0.006323568630000002,
        0.006408693630000002,
        0.006172928630000001,
        0.006376429630000001,
        0.006399334630000001,
        0.006938899630000002,
        0.007449280630000001,
        0.0062553296300000005,
        0.006200883630000001,
        0.006630637630000002,
        0.006687500630000001,
        0.006697099630000002,
        0.007322428630000001,
        0.007975484630000002,
        0.007095768630000001,
        0.007498816630000002,
        0.006503947630000001,
        0.006169932630000001,
        0.0064503686300000015,
        0.006760197630000001,
        0.007884400630000002,
        0.00685412663,
        0.006203364630000001,
        0.006522747630000001,
        0.006862183630000001,
        0.006866115630000001,
        0.0070829056300000005,
        0.008268461630000001,
        0.006898769630000001,
        0.006713767630000001,
        0.006494128630000002,
        0.0063858666300000005,
        0.006563938630000002,
        0.0067584166300000015,
        0.007377450630000001,
        0.006729519630000002,
        0.0063820516300000015,
        0.006441884630000002,
        0.006597813630000001,
        0.006689607630000002,
        0.007133416630000002,
        0.00843165063,
        0.009227636630000001,
        0.007391900630000002,
        0.006437343630000002,
        0.006391963630000001,
        0.007265898630000002,
        0.007137040630000001,
        0.007653155630000002,
        0.006106209630000001,
        0.006342115630000001,
        0.006573827630000001,
        0.006911032630000001,
        0.007466083630000002,
        0.006422197630000001,
        0.006149591630000001,
        0.006386969630000001,
        0.006119098630000002,
        0.006335819630000001,
        0.006200432630000001,
        0.006580106630000001,
        0.007254488630000002,
        0.0064488956300000014,
        0.006334923630000001,
        0.0061418296300000015,
        0.006527474630000002,
        0.006615803630000002,
        0.006881258630000001,
        0.007379497630000001,
        0.006388242630000001,
        0.006295819630000001,
        0.006813489630000001,
        0.007354601630000001,
        0.007843354630000002,
        0.00712031563,
        0.0076084386300000004,
        0.006445972630000001,
        0.006443099630000001,
        0.0063323376300000005,
        0.006404241630000002,
        0.006471128630000001
      ]
    },
    {
      "command": "dasel -f benchmark/data.json '.id'",
      "mean": 0.00909259435,
      "stddev": 0.0011026155475894128,
      "median": 0.008656180130000002,
      "user": 0.00482824,
      "system": 0.0028094300000000003,
      "min": 0.00797658063,
      "max": 0.012840433630000002,
      "times": [
        0.008790267630000001,
        0.008490431630000001,
        0.008632592630000002,
        0.008608705630000001,
        0.011065928630000001,
        0.010092851630000002,
        0.008246933630000002,
        0.00813186163,
        0.00940734963,
        0.009746579630000002,
        0.008545019630000001,
        0.007990841630000002,
        0.008163122630000002,
        0.008483305630000002,
        0.009918470630000002,
        0.008227204630000002,
        0.010002279630000001,
        0.008291314630000001,
        0.00803271663,
        0.008293838630000001,
        0.008287596630000001,
        0.009464963630000002,
        0.00830328863,
        0.008051331630000002,
        0.008132424630000001,
        0.00842730663,
        0.009276177630000002,
        0.008292236630000002,
        0.008461255630000001,
        0.008310660630000001,
        0.008115737630000001,
        0.00846080463,
        0.008285925630000001,
        0.009194613630000001,
        0.008407530630000002,
        0.008042828630000002,
        0.008448106630000002,
        0.00924534863,
        0.01145729963,
        0.009070131630000002,
        0.010201316630000002,
        0.009821843630000002,
        0.008179819630000001,
        0.008984509630000002,
        0.00992401363,
        0.010365565630000002,
        0.008782576630000002,
        0.008083568630000001,
        0.01014852463,
        0.008764421630000001,
        0.009532426630000002,
        0.00804738563,
        0.009178015630000001,
        0.008505363630000002,
        0.00862747263,
        0.009136471630000002,
        0.009939983630000001,
        0.009564941630000002,
        0.00830028663,
        0.008047532630000001,
        0.00835317963,
        0.009425854630000001,
        0.009568176630000001,
        0.008136906630000001,
        0.008010039630000002,
        0.008679767630000002,
        0.008546804630000002,
        0.009068501630000001,
        0.009703795630000001,
        0.00924344663,
        0.008027837630000001,
        0.00797658063,
        0.008170272630000001,
        0.008510707630000001,
        0.00919495363,
        0.00817074163,
        0.008164118630000002,
        0.00814700563,
        0.00816141163,
        0.009046875630000001,
        0.011697937630000002,
        0.010480459630000001,
        0.008973829630000001,
        0.008131540630000001,
        0.00949504863,
        0.00936117663,
        0.009111839630000002,
        0.008179409630000002,
        0.009516683630000002,
        0.008466897630000001,
        0.00840532463,
        0.011927034630000001,
        0.011035446630000001,
        0.012840433630000002,
        0.011420830630000002,
        0.010690789630000001,
        0.012357644630000001,
        0.012182638630000003,
        0.01021142363,
        0.009432839630000002
      ]
    },
    {
      "command": "jq '.id' benchmark/data.json",
      "mean": 0.02837819455000001,
      "stddev": 0.0010820428820727476,
      "median": 0.027994550630000004,
      "user": 0.023722669999999994,
      "system": 0.00114173,
      "min": 0.02716260863,
      "max": 0.03275972163000001,