{
  "results": [
    {
      "command": "dasel -f benchmark/data.json '.id'",
      "mean": 0.007867417415,
      "stddev": 0.00031403337406085615,
      "median": 0.007837179845,
      "user": 0.0037227499999999995,
      "system": 0.0023877199999999994,
      "min": 0.007263118345,
      "max": 0.009611754345000001,
      "times": [
        0.007999356345,
        0.007887089345,
        0.008336041345,
        0.007890161345,
        0.007905798345,
        0.008188395345,
        0.008009459345,
        0.008172471345,
        0.008353303345,
        0.008076910345,
        0.008267560345,
        0.008258657345,
        0.008514829345,
        0.008080249345,
        0.008441945345,
        0.008217539345,
        0.008212782345,
        0.008108555345,
        0.007888923345,
        0.008219120345,
        0.007887826345,
        0.008037912345,
        0.007950439345,
        0.008014322345,
        0.008099096344999999,
        0.007931312345,
        0.007890659345,
        0.007857966345,
        0.007659132345,
        0.008113469345,
        0.008232783345,
        0.008235702345,
        0.007994994345,
        0.008021493345,
        0.007842551345,
        0.007912117345,
        0.0076006603449999995,
        0.007458873345,
        0.007710858345,
        0.007822483345,
        0.007864531345,
        0.007736687345,
        0.007688319345,
        0.007831808345,
        0.0075603713450000005,
        0.007800723345,
        0.007710233344999999,
        0.0075949883449999995,
        0.007598563345,
        0.007621250345,
        0.007677337345,
        0.007761583345,
        0.007613430345,
        0.007930930345,
        0.007779976345,
        0.007739684344999999,
        0.008319677345,
        0.007912776345,
        0.007970290345,
        0.008004086345,
        0.007730748345,
        0.008045686345,
        0.008079270345,
        0.007653809345,
        0.007701111344999999,
        0.007757281345,
        0.007670612344999999,
        0.007831364345,
        0.007385008344999999,
        0.007815932345,
        0.0075777893450000005,
        0.007459806345,
        0.007560487345,
        0.007524761345,
        0.007572278345000001,
        0.007418094344999999,
        0.007263118345,
        0.007799618345,
        0.007877208345,
        0.007405338345,
        0.007712072344999999,
        0.007439828345,
        0.0076629263449999995,
        0.007629267344999999,
        0.007644139345,
        0.0077642963449999994,
        0.007525204345,
        0.007740961345,
        0.007538076345,
        0.007568971345,
        0.007816309345,
        0.007579233345,
        0.007809905345,
        0.008057983345,
        0.007456618345000001,
        0.007904539345,
        0.009611754345000001,
        0.008121351345,
        0.008092201345,
        0.007915725345
      ]
    },
    {
      "command": "jq '.id' benchmark/data.json",
      "mean": 0.026265126634999993,
      "stddev": 0.0010811218439536886,
      "median": 0.025958758345,
      "user": 0.02390638999999999,
      "system": 0.0008344999999999998,
      "min": 0.024837779345,
      "max": 0.030611493345,
      "times": [
        0.025939704345,
        0.026420998345000002,
        0.025487895345,
        0.025670097345,
        0.026733347345000002,
        0.025339632345,
        0.025470699345,
        0.025636739345,
        0.025751658345,
        0.026143624345,
        0.025282207345000002,
        0.025289711345,
        0.026768092345,
        0.025474317345,
        0.025100833345,
        0.027437210345,
        0.026428898345,
        0.026161629345,
        0.025583901345,
        0.025628981345,
        0.025912229345000003,
        0.025095008345000003,
        0.025500789345,
        0.025842316345,
        0.025453879345,
        0.025433478345,
        0.026096087345,
        0.025502090345000002,
        0.025227816345,
        0.026351425345000002,
        0.025871448345000003,
        0.025477809345,
        0.025641620345,
        0.027947278345,
        0.025929785345,
        0.025513536345,
        0.025958441345,
        0.025733753345000002,
        0.025506408345000002,
        0.025487546345,
        0.025809237345,
        0.025374836345000002,
        0.025833979345,
        0.026757480345,
        0.026279551345000002,
        0.025735461345000002,
        0.025193145345,
        0.025700903345,
        0.026010539345,
        0.025712297345000003,
        0.025814714345,
        0.026945077345000002,
        0.025991409345,
        0.026124791345000002,
        0.025710323345,
        0.025774341345,
        0.025887321345000002,
        0.025987278345,
        0.026386792345,
        0.025627458345,
        0.025123062345000002,
        0.026352168345,
        0.026488609345,
        0.026108140345000003,
        0.025977403345,
        0.025321517345000003,
        0.025839719345,
        0.026564645345000002,
        0.028218856345,
        0.027757047345,
        0.026220506345000002,
        0.025950189345000003,
        0.026132167345000002,
        0.026122987345,
        0.026168402345,
        0.025550156345000002,
        0.025964157345000002,
        0.025635752345000002,
        0.026478307345,
        0.025959075345000002,
        0.024837779345,
        0.026787496345,
        0.025910395345,
        0.026660033345,
        0.026696022345,
        0.027049560345,
        0.028078084345,
        0.026592711345000002,
        0.029833312344999998,
        0.030038834345000005,
        0.028827136345,
        0.028962654345,
        0.026848351345,
        0.028304842345,
        0.028935212345,
        0.030611493345,
        0.027099384345,
        0.026172338345,
        0.026223640345,
        0.026220644345000002
      ]
    },
    {
      "command": "yq --yaml-output '.id' benchmark/data.yaml",
      "mean": 0.1259279085149999,
      "stddev": 0.009045887744989217,
      "median": 0.125353464845,
      "user": 0.10342019000000001,
      "system": 0.02181965,
      "min": 0.112402893345,
      "max": 0.177017211345,