{
  "results": [
    {
      "command": "dasel -f benchmark/data.json '.id'",
      "mean": 0.0100167968,
      "stddev": 0.001976244368627853,
      "median": 0.00968999065,
      "user": 0.006243929999999998,
      "system": 0.0025592049999999993,
      "min": 0.00905888065,
      "max": 0.028639288649999997,
      "times": [
        0.009338579650000001,
        0.009660364650000001,
        0.01086613065,
        0.010776774650000001,
        0.00995532265,
        0.00932302265,
        0.009313453650000001,
        0.00938772165,
        0.00982422865,
        0.00977755965,
        0.009531465650000001,
        0.009439073650000001,
        0.00958252465,
        0.00962525965,
        0.009969282650000001,
        0.009501500650000001,
        0.00935055465,
        0.00935098065,
        0.00928288665,
        0.009537819650000001,
        0.00975950465,
        0.01101982565,
        0.00938844165,
        0.00933036965,
        0.009437033650000001,
        0.00987299265,
        0.00973911665,
        0.00934734765,
        0.00912548765,
        0.009297225650000001,
        0.00933434965,
        0.00934555865,
        0.009769317650000001,
        0.00969435465,
        0.00961028065,
        0.00923019165,
        0.00956059465,
        0.01040004865,
        0.01011993265,
        0.01014015065,
        0.00931624665,
        0.00954915165,
        0.00950749665,
        0.009685626650000001,
        0.01034160165,
        0.009871517650000002,
        0.009862958650000002,
        0.00993768765,
        0.009954388650000002,
        0.00956098465,
        0.00994522265,
        0.010121617650000001,
        0.00942538065,
        0.010477176650000001,
        0.01053037165,
        0.00990092765,
        0.01032154065,
        0.01024443765,
        0.00942285065,
        0.009434890650000001,
        0.00942040465,
        0.01001054365,
        0.010666417650000001,
        0.01003621365,
        0.00978163265,
        0.009354484650000001,
        0.00941879965,
        0.01007917065,
        0.00994276065,
        0.00929220065,
        0.009256635650000001,
        0.00905888065,
        0.009699076650000001,
        0.028639288649999997,
        0.01323054465,
        0.01150678965,
        0.01064592565,
        0.01103169065,
        0.01056215865,
        0.010659696650000001,
        0.01002753365,
        0.009667492650000001,
        0.009655779650000001,
        0.01024298365,
        0.01123310565,
        0.009656633650000001,
        0.009301615650000001,
        0.009730754650000001,
        0.00975338065,
        0.00943408765,
        0.01002184465,
        0.009790706650000001,
        0.009282598650000001,
        0.009606825650000001,
        0.01042155565,
        0.00983077865,
        0.009402856650000001,
        0.00933373765,
        0.00918090665,
        0.00948247665
      ]
    },
    {
      "command": "jq '.id' benchmark/data.json",
      "mean": 0.02583700885999999,
      "stddev": 0.0008147755672161446,
      "median": 0.025635343650000003,
      "user": 0.023562769999999997,
      "system": 0.000677985,
      "min": 0.024207295650000002,
      "max": 0.03021347765,
      "times": [
        0.025593039650000003,
        0.02496862765,
        0.024834862650000004,
        0.02555619665,
        0.02545896465,
        0.02849027565,
        0.02569605465,
        0.02530075265,
        0.02523056965,
        0.02513197165,
        0.025541269650000004,
        0.02551159865,
        0.02607241565,
        0.02759853265,
        0.02589258565,
        0.026361352650000003,
        0.02550590565,
        0.025383038650000002,
        0.025679426650000003,
        0.02534565865,
        0.025586011650000004,
        0.025751288650000002,
        0.02566618265,
        0.025513242650000004,
        0.025538504650000002,
        0.025005727650000004,
        0.026234890650000002,
        0.025974776650000003,
        0.02505022365,
        0.02575044865,
        0.025597205650000003,
        0.02693936165,
        0.02519393365,
        0.026295895650000005,
        0.025885725650000004,
        0.025337609650000002,
        0.026617140650000003,
        0.025263533650000003,
        0.02487899165,
        0.02500694965,
        0.02554693065,
        0.025453301650000003,
        0.024207295650000002,
        0.02569229765,
        0.02505554165,
        0.025896150650000005,
        0.025361071650000004,
        0.026414185650000005,
        0.02617951465,
        0.02665057765,
        0.026837332650000004,
        0.026234058650000003,
        0.025986669650000002,
        0.025869112650000005,
        0.025421660650000004,
        0.02588070965,
        0.02471414065,
        0.02592146065,
        0.02532325465,
        0.02501388365,
        0.026848619650000002,
        0.03021347765,
        0.024931284650000003,
        0.02575953165,
        0.02567037365,
        0.025611115650000002,
        0.028129125650000003,
        0.026556050650000003,
        0.026108453650000002,
        0.026646195650000003,
        0.025883341650000002,
        0.02558578065,
        0.02523548465,
        0.02543644565,
        0.026198411650000003,
        0.025816276650000004,
        0.025571698650000002,
        0.027251233650000005,
        0.02645188365,
        0.02582103165,
        0.02550324165,
        0.026294528650000003,
        0.02541482865,
        0.02734816065,
        0.02683355465,
        0.025835418650000004,
        0.026230553650000002,
        0.025653044650000005,
        0.025574542650000004,
        0.025589836650000003,
        0.02551940765,
        0.025910020650000004,
        0.02608867265,
        0.025592749650000003,
        0.02585641465,
        0.025291242650000004,
        0.02524951365,
        0.02561764265,
        0.025541562650000002,
        0.02513023565
      ]
    },
    {
      "command": "yq --yaml-output '.id' benchmark/data.yaml",
      "mean": 0.11136012563,
      "stddev": 0.0026735903314185528,
      "median": 0.11123134665000001,
      "user": 0.09118111999999998,
      "system": 0.019429934999999995,
      "min": 0.10708359765,
      "max": 0.11958453665,