{
  "results": [
    {
      "command": "dasel -f benchmark/data.json '.id'",
      "mean": 0.0077904884249999995,
      "stddev": 0.0003673471200235134,
      "median": 0.0076954516149999996,
      "user": 0.0036790350000000006,
      "system": 0.0023518349999999996,
      "min": 0.0072256101149999995,
      "max": 0.008952715114999999,
      "times": [
        0.0077631671150000005,
        0.007783120115,
        0.007672274115000001,
        0.007789262114999999,
        0.007593586115,
        0.007814897115,
        0.007377031115,
        0.007972961115,
        0.007680065115000001,
        0.007549172115000001,
        0.008695071115,
        0.007913728115,
        0.007879028115,
        0.007817457114999999,
        0.007628982115,
        0.008309931115,
        0.007974822115,
        0.007855583115,
        0.007965806115,
        0.007702773115,
        0.007545513114999999,
        0.007488189115,
        0.007688635115,
        0.0077930231150000005,
        0.007803372115,
        0.007663411114999999,
        0.007603683114999999,
        0.007523152114999999,
        0.007462385114999999,
        0.0075012281149999995,
        0.008175595115,
        0.007855469115,
        0.007522791115,
        0.007588274115,
        0.007523463115,
        0.007562429115,
        0.007606212115,
        0.007605469114999999,
        0.007637504115000001,
        0.007738249115,
        0.007453713115,
        0.007459036115,
        0.007654694114999999,
        0.007829085115,
        0.007848517115,
        0.007652006115,
        0.007772763114999999,
        0.0076114551150000005,
        0.007545037115,
        0.007536332115000001,
        0.007474483115,
        0.007370744114999999,
        0.007765364114999999,
        0.007397377114999999,
        0.007663064115,
        0.007721708115,
        0.007984791115,
        0.008065655115,
        0.007703442115,
        0.007946462115,
        0.007742591114999999,
        0.007568400115,
        0.007787621115000001,
        0.007631784115,
        0.007550786114999999,
        0.0077444591149999995,
        0.007628038114999999,
        0.0072256101149999995,
        0.0074917761149999994,
        0.007434971114999999,
        0.007731685114999999,
        0.007361056115,
        0.007630185115,
        0.007702268114999999,
        0.007340678115000001,
        0.007444870115,
        0.007338077114999999,
        0.007443091115,
        0.007581300115,
        0.007404260115,
        0.007741330115,
        0.007533355114999999,
        0.007625112114999999,
        0.0077941601150000005,
        0.007487714115,
        0.008125069115,
        0.008065827115,
        0.008457648114999999,
        0.008627785115,
        0.008854914115,
        0.008573588115,
        0.008952715114999999,
        0.008644198115,
        0.008153579115,
        0.008442690115,
        0.008265841115,
        0.008399747115,
        0.008757481115,
        0.008476695115,
        0.008203387115
      ]
    },
    {
      "command": "jq '.id' benchmark/data.json",
      "mean": 0.026643029894999993,
      "stddev": 0.0014039582543607305,
      "median": 0.026163441615,
      "user": 0.024196695000000018,
      "system": 0.0008738249999999995,
      "min": 0.025114453114999997,
      "max": 0.032266679115,
      "times": [
        0.031101027115000006,
        0.029298186115,
        0.025859111115,
        0.026024850114999998,
        0.025787451115,
        0.026094408115000002,
        0.026511397115,
        0.025758195115,
        0.025590135115000003,
        0.025637434115000003,
        0.025468684115,
        0.025923107115000003,
        0.025187795115,
        0.025675578115,
        0.025566753115,
        0.025253207115000002,
        0.025513635115000002,
        0.025606589115,
        0.025959810115000002,
        0.025652692115,
        0.027706065115000005,
        0.025894371115000002,
        0.025604026114999998,
        0.025527817115000004,
        0.026163625115,
        0.025114453114999997,
        0.025728050114999998,
        0.026481848114999998,
        0.027508967114999998,
        0.026332634115000003,
        0.026186670114999998,
        0.028476453115,
        0.026606097114999998,
        0.026455534115,
        0.027056713115,
        0.025828788115,
        0.025747712115,
        0.026066180115000004,
        0.027455397115000002,
        0.029942081115000005,
        0.027892917115,
        0.028112893115000002,
        0.028946733115000005,
        0.028628902115,
        0.026831047115,
        0.026243825115,
        0.026461747115000003,
        0.026835631115,
        0.028054682115,
        0.029680237115,
        0.025726458115000003,
        0.025999140115,
        0.026465138115000002,
        0.025532911115,
        0.027672867115,
        0.026054370115000003,
        0.025990284114999998,
        0.026026631115000004,
        0.026305107115000004,
        0.025677004115,
        0.026389395115,
        0.026902602115,
        0.026405411115,
        0.026173673115000004,
        0.026294303115,
        0.025885267115,
        0.026040905115,
        0.025616954115,
        0.025847213115000003,
        0.026254293115,
        0.026045474115,
        0.025919331115,
        0.027315337114999998,
        0.025914883115000002,
        0.025749769115,
        0.026163258115000004,
        0.026073410115,
        0.027102436115000003,
        0.025964196114999998,
        0.025616548115,
        0.027991404115,
        0.026300698115,
        0.026205828115000003,
        0.032266679115,
        0.031083438115,
        0.031272436115,
        0.029468359115000002,
        0.025952961115,
        0.026874093115000004,
        0.026218201115,
        0.026417456115,
        0.025544856115,
        0.026532065115000003,
        0.026091097115000003,
        0.027091451114999998,
        0.026964191115,
        0.026346900115000002,
        0.025981664115000004,
        0.025819190115,
        0.025713304115000002
      ]
    },
    {
      "command": "yq --yaml-output '.id' benchmark/data.yaml",
      "mean": 0.12421363206499998,
      "stddev": 0.007187074826016114,
      "median": 0.122048609615,
      "user": 0.10215864500000002,
      "system": 0.021496645,
      "min": 0.113237336115,
      "max": 0.143963253115,