{
  "results": [
    {
      "command": "dasel -f benchmark/data.json 'id'",
      "mean": 0.006439791805,
      "stddev": 0.00038196881131901615,
      "median": 0.006361981985000001,
      "user": 0.0034317149999999997,
      "system": 0.00190646,
      "min": 0.005936225485,
      "max": 0.008270264485,
      "times": [
        0.006387151485000001,
        0.006251517485,
        0.006308983485000001,
        0.006393316485,
        0.006722795485,
        0.006462787485,
        0.006069563485,
        0.006038680485,
        0.006547672484999999,
        0.007245475485,
        0.006330796485,
        0.006019552484999999,
        0.006123152485,
        0.006467819485,
        0.006649168485000001,
        0.006519072485000001,
        0.006234138485,
        0.006369175485,
        0.0060995164849999995,
        0.006379981485,
        0.006103593484999999,
        0.006578329484999999,
        0.006375333485000001,
        0.006236389485,
        0.006445408485,
        0.006208798485,
        0.006126238484999999,
        0.006094471485000001,
        0.006696883485000001,
        0.006300533485000001,
        0.006748128484999999,
        0.006258286485,
        0.006286747485000001,
        0.0062365574850000004,
        0.0062744764849999995,
        0.006504307484999999,
        0.006587659484999999,
        0.006940658485000001,
        0.006971762485,
        0.006166224485,
        0.006362914485000001,
        0.006198006485000001,
        0.006334121485,
        0.0064716084850000005,
        0.006574279485000001,
        0.0063817604850000004,
        0.006370473485,
        0.005995853485000001,
        0.006215056485,
        0.006364111485000001,
        0.006485607484999999,
        0.006281468485,
        0.006178534485,
        0.006256663484999999,
        0.006225624484999999,
        0.006390170485000001,
        0.0064244714849999995,
        0.006309061485,
        0.006346836485,
        0.007981726485,
        0.006444159485,
        0.006140258484999999,
        0.005936225485,
        0.006219714485,
        0.0067660054850000005,
        0.008270264485,
        0.006528137485,
        0.006348161485,
        0.006310141485,
        0.006506264485,
        0.007707223484999999,
        0.007418108485,
        0.0068789154849999996,
        0.006348513485,
        0.0067434414849999996,
        0.006860151485,
        0.006230132485,
        0.006003978485,
        0.006565211485,
        0.0067401854849999995,
        0.006387869484999999,
        0.006005607485,
        0.006133987485000001,
        0.006423963485,
        0.006361049485000001,
        0.006752668485,
        0.006264746485,
        0.006440731485,
        0.006945592485000001,
        0.006273414485,
        0.006313451485,
        0.006258308485000001,
        0.006057270485,
        0.006704460485000001,
        0.006402912485,
        0.006148436485,
        0.006200009485,
        0.0061031944849999995,
        0.006343491485,
        0.006583362485000001
      ]
    },
    {
      "command": "jq '.id' benchmark/data.json",
      "mean": 0.028001709745000002,
      "stddev": 0.0008060431603681127,
      "median": 0.027746514985,
      "user": 0.02345891499999999,
      "system": 0.0010761600000000003,
      "min": 0.027073861485000003,
      "max": 0.031286477485000005,
      "times": [
        0.027663956485000002,
        0.027634598485000002,
        0.027619319485000002,
        0.027773061485000004,
        0.027891085485000005,
        0.028438238485,
        0.027855676485000005,
        0.027607331485,
        0.028282983485,
        0.027073861485000003,
        0.030331409485,
        0.027865033485,
        0.027945815485,
        0.027604663485,
        0.028924970485000003,
        0.027336578485000002,
        0.027744541485,
        0.028087300485000005,
        0.027777711485,
        0.027695859485,
        0.027375185485000002,
        0.028277478485000004,
        0.027638175485000003,
        0.027188701485,
        0.027738383485,
        0.027672290485,
        0.027621147485,
        0.027640979485,
        0.027429739485,
        0.027279797485,
        0.027694412485,
        0.027365314485,
        0.028190999485000003,
        0.027682919485000002,
        0.028772093485,
        0.027610791485,
        0.027500082485,
        0.027932040485,
        0.028137479485000002,
        0.028747925485000003,
        0.028415789485,
        0.027823527485000003,
        0.031286477485000005,
        0.028357792485,
        0.027493913485,
        0.028099509485000004,
        0.027515436485000003,
        0.027990851485,
        0.028290023485,
        0.028030076485000003,
        0.027587183485,
        0.027562146485,
        0.027355272485000002,
        0.027932217485000004,
        0.027597090485000003,
        0.028409460485,
        0.028023224485,
        0.027513340485000003,
        0.028935516485000003,
        0.027298273485,
        0.027694097485000003,
        0.028104811485000002,
        0.027426858485,
        0.027878089485000004,
        0.027557807485000002,
        0.027736613485000002,
        0.027633345485000002,
        0.027396853485,
        0.027742376485,
        0.027470097485,
        0.027639229485,
        0.027991401485,
        0.027907071485,
        0.027981917485000004,
        0.030984673485,
        0.030494312485000005,
        0.028709972485000002,
        0.027405629485000003,
        0.030253001485000004,
        0.028026835485000002,
        0.027639014485000002,
        0.027989862485,
        0.027510847485,
        0.027446987485,
        0.027939062485000003,
        0.027547742485000002,
        0.030988979485000002,
        0.027640859485000002,
        0.027201261485000003,
        0.027407544485,
        0.028300415485000004,
        0.028361165485000003,
        0.027323166485,
        0.027217582485000003,
        0.027748488485000004,
        0.027830252485,
        0.028786191485000005,
        0.028324123485,
        0.028114963485,
        0.028650409485000004
      ]
    },
    {
      "command": "yq --yaml-output '.id' benchmark/data.yaml",
      "mean": 0.126220547095,
      "stddev": 0.002204954709407556,
      "median": 0.125399536985,
      "user": 0.09987517499999997,
      "system": 0.021846740000000003,
      "min": 0.123274316485,
      "max": 0.13657345348500002,