{
  "results": [
    {
      "command": "dasel -f benchmark/data.json '.id'",
      "mean": 0.008353539260000003,
      "stddev": 0.00048167503989391205,
      "median": 0.008360303340000002,
      "user": 0.0039128950000000004,
      "system": 0.0026152250000000005,
      "min": 0.007515125340000001,
      "max": 0.009846551340000002,
      "times": [
        0.008729572340000002,
        0.008700366340000001,
        0.008943475340000001,
        0.008993130340000002,
        0.008713386340000002,
        0.008873125340000001,
        0.008901065340000002,
        0.008645510340000002,
        0.009010638340000002,
        0.008670645340000002,
        0.008619902340000003,
        0.008613225340000003,
        0.008860425340000002,
        0.008527578340000001,
        0.009564098340000002,
        0.009846551340000002,
        0.008728249340000003,
        0.008703526340000002,
        0.008760348340000002,
        0.008632358340000002,
        0.008686421340000002,
        0.008218065340000002,
        0.007883283340000002,
        0.008070848340000002,
        0.007834764340000001,
        0.007825597340000002,
        0.007973474340000002,
        0.007979648340000003,
        0.0076803033400000015,
        0.007826438340000002,
        0.007539301340000002,
        0.007648538340000002,
        0.007637065340000002,
        0.007591460340000002,
        0.008834075340000002,
        0.007678297340000003,
        0.007797225340000002,
        0.008289312340000002,
        0.007614935340000002,
        0.007968729340000001,
        0.007938201340000003,
        0.007714026340000003,
        0.008224079340000003,
        0.007990924340000002,
        0.008148015340000002,
        0.008446459340000002,
        0.008307291340000002,
        0.008884184340000002,
        0.008704489340000001,
        0.008472897340000002,
        0.008577756340000003,
        0.008436940340000003,
        0.008567279340000003,
        0.008679717340000002,
        0.008765676340000002,
        0.009273256340000003,
        0.008198852340000002,
        0.008356500340000001,
        0.008328766340000002,
        0.008118755340000002,
        0.008442655340000002,
        0.008364106340000002,
        0.007851775340000002,
        0.007854235340000001,
        0.007903756340000002,
        0.008234584340000002,
        0.008077307340000003,
        0.007515125340000001,
        0.007616392340000002,
        0.007663436340000001,
        0.007903742340000002,
        0.007628018340000002,
        0.007673286340000002,
        0.008068294340000002,
        0.008026912340000003,
        0.007904689340000002,
        0.008112022340000002,
        0.008282906340000002,
        0.008311687340000002,
        0.008453209340000002,
        0.008439309340000001,
        0.009226630340000002,
        0.009099332340000002,
        0.008449713340000001,
        0.008115451340000001,
        0.008731400340000002,
        0.008446069340000003,
        0.009239288340000002,
        0.008541458340000002,
        0.008153574340000002,
        0.008579706340000002,
        0.008971477340000002,
        0.008839353340000002,
        0.008408879340000001,
        0.008770894340000002,
        0.008153649340000003,
        0.008339302340000002,
        0.008585462340000002,
        0.008439823340000001,
        0.008185975340000002
      ]
    },
    {
      "command": "jq '.id' benchmark/data.json",
      "mean": 0.028442969089999996,
      "stddev": 0.0034709413307317007,
      "median": 0.02660036584,
      "user": 0.025633115000000005,
      "system": 0.001056975,
      "min": 0.02535456934,
      "max": 0.04064010834,
      "times": [
        0.037658909340000005,
        0.03616933034,
        0.03883927534,
        0.03460682934,
        0.03168749034,
        0.04064010834,
        0.03758571234,
        0.03593725734,
        0.035445581340000004,
        0.03147779934,
        0.03244249834,
        0.030988550340000004,
        0.03148865934,
        0.031959233340000004,
        0.030438576340000002,
        0.02595407434,
        0.02592370734,
        0.02572658334,
        0.026216628340000003,
        0.02635933534,
        0.02867144534,
        0.02824735034,
        0.02820009634,
        0.026725633340000002,
        0.027988898340000002,
        0.029303115340000005,
        0.02611201734,
        0.030326770340000003,
        0.03698204334,
        0.03172803434,
        0.03083352434,
        0.030713912340000003,
        0.03083474234,
        0.03390769434,
        0.03195565434,
        0.03184872434,
        0.029279757340000004,
        0.02573767834,
        0.02594413534,
        0.02587241334,
        0.026607355340000003,
        0.025898347340000002,
        0.02573854934,
        0.029214606340000004,
        0.028411692340000003,
        0.02633547034,
        0.026450064340000003,
        0.02566848534,
        0.026328729340000002,
        0.02535456934,
        0.02760405334,
        0.028780524340000002,
        0.025973456340000003,
        0.03013210334,
        0.03072400634,
        0.026404088340000003,
        0.025684935340000003,
        0.02595387134,
        0.02643542034,
        0.02638045534,
        0.030576017340000004,
        0.02893715334,
        0.02661268434,
        0.02900591934,
        0.029528072340000003,
        0.02728828734,
        0.026220861340000002,
        0.02555950334,
        0.02546246634,
        0.02565139434,
        0.02897148134,
        0.02596384834,
        0.025832816340000002,
        0.02609113934,
        0.026017139340000002,
        0.02580951034,
        0.026593376340000002,
        0.02617920434,
        0.025904201340000002,
        0.02642670934,
        0.02690890034,
        0.028215894340000002,
        0.026024290340000002,
        0.02569408234,
        0.02588486934,
        0.02672936934,
        0.027913569340000003,
        0.02721501334,
        0.02626664134,
        0.02639135934,
        0.026285350340000003,
        0.02652114334,
        0.026022372340000002,
        0.02564275534,
        0.02586938334,
        0.02567492834,
        0.025709225340000003,
        0.026340179340000002,
        0.02593434634,
        0.02558088534
      ]
    },
    {
      "command": "yq --yaml-output '.id' benchmark/data.yaml",
      "mean": 0.13395072919999998,
      "stddev": 0.011515358300520296,
      "median": 0.13538549334,
      "user": 0.10996024499999994,
      "system": 0.023415474999999998,
      "min": 0.11325450334000002,
      "max": 0.17593074534,