{
  "results": [
    {
      "command": "daselv2 -f benchmark/data.json 'id'",
      "mean": 0.008784543599999996,
      "stddev": 0.004521513960936423,
      "median": 0.0076982045500000006,
      "user": 0.004033139999999999,
      "system": 0.002955775,
      "min": 0.0061433990500000014,
      "max": 0.04193337705,
      "times": [
        0.00639808805,
        0.00649373105,
        0.006385455050000001,
        0.006867549050000001,
        0.00745257805,
        0.006454240050000001,
        0.006389887050000001,
        0.00644681605,
        0.00671070405,
        0.006612303050000001,
        0.0067621860500000006,
        0.00792610505,
        0.00859409805,
        0.006882156050000001,
        0.0065745110500000006,
        0.006161727050000001,
        0.00658381305,
        0.006954913050000001,
        0.007833153050000001,
        0.007251894050000001,
        0.007577422050000001,
        0.00698302005,
        0.006610509050000001,
        0.006995397050000001,
        0.007525643050000001,
        0.010687358050000002,
        0.010467316050000001,
        0.01108172705,
        0.01003479105,
        0.01076107205,
        0.01002554905,
        0.009263494050000001,
        0.00895927805,
        0.007874686050000001,
        0.00768809405,
        0.0071077310500000015,
        0.00767017205,
        0.007790243050000001,
        0.00651143205,
        0.006511255050000001,
        0.00647879405,
        0.0066634990500000005,
        0.00835621005,
        0.008900655050000001,
        0.014766530050000002,
        0.04193337705,
        0.022802512050000005,
        0.026479681050000002,
        0.016384865050000003,
        0.014241026050000003,
        0.010590257050000001,
        0.01175453905,
        0.011523783050000002,
        0.01044708605,
        0.010198313050000001,
        0.00905446105,
        0.01024558205,
        0.00937597905,
        0.01076397005,
        0.009459988050000001,
        0.009158357050000001,
        0.009160011050000002,
        0.010264992050000001,
        0.01049567105,
        0.008959839050000001,
        0.00907693805,
        0.00836504205,
        0.00813746805,
        0.008968926050000001,
        0.00910773905,
        0.009466942050000001,
        0.00799033405,
        0.00788448305,
        0.00786317305,
        0.008416957050000002,
        0.007673439050000001,
        0.006269299050000001,
        0.006219693050000001,
        0.00646043405,
        0.006592657050000001,
        0.007708315050000001,
        0.00797586005,
        0.00680706505,
        0.00717156205,
        0.0066843280500000005,
        0.00626402805,
        0.0062301410500000005,
        0.006370298050000001,
        0.0071250420500000005,
        0.0065097120500000015,
        0.006202166050000001,
        0.0061433990500000014,
        0.00638899905,
        0.006233155050000001,
        0.006703446050000001,
        0.00771762405,
        0.006198349050000001,
        0.006296522050000001,
        0.00718941205,
        0.0077193350500000014
      ]
    },
    {
      "command": "dasel -f benchmark/data.json '.id'",
      "mean": 0.008507180179999997,
      "stddev": 0.0006817183765952105,
      "median": 0.00823359455,
      "user": 0.004624480000000001,
      "system": 0.0026011149999999998,
      "min": 0.007705570050000001,
      "max": 0.011068538050000002,
      "times": [
        0.00792371905,
        0.00795130305,
        0.00843578205,
        0.00863018205,
        0.00914792105,
        0.00807064105,
        0.008138268050000001,
        0.008238626050000001,
        0.008243722050000001,
        0.00903666005,
        0.00933860605,
        0.00851644705,
        0.00816220405,
        0.008007342050000001,
        0.00840558205,
        0.00900558505,
        0.00803542705,
        0.00804257105,
        0.00838221605,
        0.00885830605,
        0.00859813605,
        0.011068538050000002,
        0.009914278050000001,
        0.010092023050000001,
        0.00901531805,
        0.00806759005,
        0.01040562205,
        0.008323712050000001,
        0.007826117050000001,
        0.00794904205,
        0.00789919505,
        0.008206757050000001,
        0.00837438605,
        0.009092551050000001,
        0.00787010305,
        0.007959745050000001,
        0.00800630505,
        0.00821188905,
        0.00867056805,
        0.008063218050000001,
        0.008141643050000001,
        0.00807698905,
        0.007705570050000001,
        0.008106458050000001,
        0.00812228605,
        0.008238260050000001,
        0.00923671205,
        0.00955020005,
        0.007954287050000002,
        0.00818465405,
        0.00818542405,
        0.008832918050000001,
        0.008226205050000001,
        0.00790898905,
        0.00808686605,
        0.007974491050000001,
        0.010279068050000001,
        0.00895991305,
        0.00806317005,
        0.008223150050000001,
        0.00795675705,
        0.008204974050000001,
        0.00836511705,
        0.008732925050000001,
        0.00837523905,
        0.00788745905,
        0.008291905050000001,
        0.00800195505,
        0.009190201050000001,
        0.009040736050000001,
        0.00781377905,
        0.007869719050000001,
        0.00783897605,
        0.00822892905,
        0.00813948505,
        0.00896367705,
        0.01083677905,
        0.009696800050000001,
        0.008180674050000001,
        0.00781642505,
        0.00917870005,
        0.008418527050000001,
        0.00816129005,
        0.007849282050000001,
        0.00791725905,
        0.00809685205,
        0.00864873205,
        0.00924531005,
        0.00978961205,
        0.00851172805,
        0.00811853905,
        0.00826085405,
        0.00806082705,
        0.00895324605,
        0.00856367105,
        0.00875465505,
        0.00822042905,
        0.00831682605,
        0.00879054305,
        0.009185164050000002
      ]
    },
    {
      "command": "jq '.id' benchmark/data.json",
      "mean": 0.028099306619999997,
      "stddev": 0.0008376315667447462,
      "median": 0.027870618550000004,
      "user": 0.02353767,
      "system": 0.0010597449999999997,
      "min": 0.027068482050000002,
      "max": 0.03139115105,