{
  "results": [
    {
      "command": "dasel -f benchmark/data.json '.id'",
      "mean": 0.011557305164999998,
      "stddev": 0.0004849418221171308,
      "median": 0.011406742465000001,
      "user": 0.007192124999999999,
      "system": 0.0032490299999999987,
      "min": 0.010911426965,
      "max": 0.013807884965000001,
      "times": [
        0.011118360965,
        0.011892931965,
        0.011362716965,
        0.011393440965000001,
        0.011409662965000001,
        0.012014400965,
        0.012025706965,
        0.011314290965000001,
        0.011531950965000001,
        0.011403821965,
        0.011534940965,
        0.011532466965,
        0.011084321965000001,
        0.011775646965,
        0.011208033965000001,
        0.011364449965,
        0.011269230965,
        0.011315152965,
        0.011450547965,
        0.011308281965,
        0.012280351965,
        0.011108974965,
        0.011519954965,
        0.011250236965,
        0.011375436965000001,
        0.011520080965,
        0.011556486965000001,
        0.011501496965,
        0.011295866965,
        0.011857586965,
        0.011243993965,
        0.011751482965,
        0.011894045965,
        0.011369245965,
        0.012412847965000001,
        0.011382238965000001,
        0.011236132965000001,
        0.011147030965,
        0.011844713965,
        0.011356476965,
        0.011376766965,
        0.010911426965,
        0.013807884965000001,
        0.011261229965000001,
        0.011274041965,
        0.011201066965000001,
        0.011169749965,
        0.011865544965,
        0.011306074965000001,
        0.011232588965,
        0.011642781965,
        0.012522405965,
        0.013512457965,
        0.011723409965,
        0.012519288965,
        0.012163178965,
        0.011645251965,
        0.011386758965,
        0.011607084965,
        0.011431613965,
        0.011349858965000001,
        0.011165145965,
        0.011604356965,
        0.011329850965,
        0.011221714965,
        0.011421874965,
        0.011383813965,
        0.011656577965,
        0.011026382965,
        0.011464810965,
        0.011379740965000001,
        0.011297241965,
        0.011367195965,
        0.011270968965000001,
        0.011772310965000001,
        0.011225309965000001,
        0.011236308965,
        0.011622080965,
        0.011305003965000001,
        0.011256335965000001,
        0.011018501965,
        0.011559248965000001,
        0.013327678965,
        0.011860211965,
        0.011478988965,
        0.011653601965,
        0.011274128965,
        0.011563225965,
        0.011633803965,
        0.011249809965,
        0.011782721965000001,
        0.011503792965,
        0.011828603965,
        0.010920315965,
        0.011366024965,
        0.011429767965,
        0.011614465965000001,
        0.012521584965,
        0.011912186965,
        0.011099305965
      ]
    },
    {
      "command": "jq '.id' benchmark/data.json",
      "mean": 0.027048489314999993,
      "stddev": 0.0024590001567928966,
      "median": 0.026371122965000004,
      "user": 0.02443516499999999,
      "system": 0.0008518499999999997,
      "min": 0.025732157965000002,
      "max": 0.044098835965000006,
      "times": [
        0.026001785965000003,
        0.026350156965000003,
        0.025750059965000002,
        0.026405137965000002,
        0.026017011965000003,
        0.026633416965000004,
        0.028350913965000002,
        0.026267599965000003,
        0.026383663965,
        0.026241781965000002,
        0.026391832965000004,
        0.026378301965000003,
        0.026258804965000004,
        0.026618727965000002,
        0.025992624965000002,
        0.027196833965000004,
        0.026935765965000004,
        0.026937051965000004,
        0.026156150965000003,
        0.026128479965000003,
        0.026086679965,
        0.025901659965000004,
        0.026221953965000003,
        0.026621783965000003,
        0.026053993965000005,
        0.026246909965000002,
        0.026473324965000003,
        0.027680904965000003,
        0.026652937965,
        0.026403184965000003,
        0.026257966965000004,
        0.025746059965000002,
        0.026894313965000003,
        0.027781934965000005,
        0.027198924965000003,
        0.027010414965000003,
        0.026099618965,
        0.026480645965000004,
        0.026003622965000004,
        0.026927869965000004,
        0.026363943965000004,
        0.025993302965000003,
        0.026614287965000004,
        0.029699217965000003,
        0.030744178965,
        0.031151399965000007,
        0.026335130965000002,
        0.026700470965000004,
        0.026232224965000002,
        0.026500312965,
        0.026908863965,
        0.026868554965000003,
        0.026689683965000002,
        0.026490115965,
        0.026225546965000002,
        0.026322308965000003,
        0.027483905965000003,
        0.044098835965000006,
        0.039261976965,
        0.034725140965000005,
        0.028512910965000006,
        0.025996585965000003,
        0.027071866965000004,
        0.025732157965000002,
        0.026289092965000004,
        0.026052332965000004,
        0.026524602965000005,
        0.026914920965000002,
        0.026580706965000003,
        0.025764797965000003,
        0.027081266965000003,
        0.026056336965000003,
        0.025993399965000004,
        0.026111912965000005,
        0.026324852965000003,
        0.025841943965000003,
        0.028743733965000004,
        0.026181108965,
        0.026359650965000002,
        0.026559418965000005,
        0.026050177965000004,
        0.025986297965000002,
        0.027010000965000003,
        0.026279955965000004,
        0.028005965965000004,
        0.025954710965000002,
        0.026193969965000004,
        0.026101638965000003,
        0.027168298965000004,
        0.027246358965000002,
        0.027975988965000004,
        0.026156057965000003,
        0.026183883965,
        0.027571725965000002,
        0.026183325965000004,
        0.026122089965000005,
        0.026034723965000003,
        0.026071475965000004,
        0.028188439965000006,
        0.026120018965000002
      ]
    },
    {
      "command": "yq --yaml-output '.id' benchmark/data.yaml",
      "mean": 0.13261491791499996,
      "stddev": 0.005306015269994899,
      "median": 0.132110914965,
      "user": 0.106935605,
      "system": 0.024508539999999995,
      "min": 0.122025367965,
      "max": 0.152090889965,