{
  "results": [
    {
      "command": "dasel -f benchmark/data.json 'id'",
      "mean": 0.007014599750000005,
      "stddev": 0.0011181428278622077,
      "median": 0.006677097140000002,
      "user": 0.0035457650000000006,
      "system": 0.0019644449999999996,
      "min": 0.006310093140000002,
      "max": 0.013158861140000002,
      "times": [
        0.006757543140000001,
        0.007069361140000001,
        0.0069414991400000015,
        0.006941729140000002,
        0.006404048140000002,
        0.006555860140000001,
        0.006507761140000002,
        0.006784490140000002,
        0.006676258140000002,
        0.006966559140000002,
        0.006480072140000001,
        0.006508644140000002,
        0.006683249140000002,
        0.006623257140000002,
        0.006748391140000001,
        0.007020368140000002,
        0.0066636861400000014,
        0.006436725140000002,
        0.006351982140000002,
        0.006471508140000002,
        0.006595187140000002,
        0.006939417140000001,
        0.006702772140000002,
        0.006502173140000001,
        0.006612613140000001,
        0.006611870140000002,
        0.007179852140000002,
        0.006952552140000002,
        0.006666393140000001,
        0.006879990140000002,
        0.0067633981400000015,
        0.006604804140000002,
        0.007795050140000001,
        0.008663541140000001,
        0.012136710140000003,
        0.013158861140000002,
        0.010716828140000002,
        0.010221644140000001,
        0.00989683514,
        0.009034630140000001,
        0.008550468140000001,
        0.008842947140000001,
        0.008003695140000001,
        0.006898573140000001,
        0.006615842140000001,
        0.006495368140000001,
        0.006713070140000001,
        0.006691907140000002,
        0.006836645140000002,
        0.006671130140000002,
        0.006378257140000001,
        0.006852471140000002,
        0.006503856140000002,
        0.007325607140000001,
        0.0067513061400000015,
        0.006788905140000001,
        0.006677936140000002,
        0.006625809140000001,
        0.006497122140000002,
        0.006525559140000001,
        0.0065234761400000014,
        0.006826133140000001,
        0.006670895140000001,
        0.006759852140000001,
        0.006455215140000001,
        0.006580615140000001,
        0.006622017140000002,
        0.006662486140000002,
        0.006425594140000001,
        0.006880140140000001,
        0.0069570171400000005,
        0.006649162140000001,
        0.0066066371400000014,
        0.006587963140000002,
        0.006450563140000001,
        0.006729205140000001,
        0.006631359140000001,
        0.0068979591400000016,
        0.006472078140000002,
        0.006310093140000002,
        0.006527056140000001,
        0.0071705451400000016,
        0.006686653140000002,
        0.006637210140000002,
        0.006690921140000002,
        0.006794018140000002,
        0.0065819671400000005,
        0.006615403140000002,
        0.006573071140000001,
        0.006570180140000001,
        0.006929653140000002,
        0.006680930140000001,
        0.006590871140000001,
        0.006539469140000002,
        0.006513451140000001,
        0.006694904140000001,
        0.0067845961400000016,
        0.006865149140000002,
        0.0063690501400000005,
        0.0064718221400000015
      ]
    },
    {
      "command": "jq '.id' benchmark/data.json",
      "mean": 0.028399940960000012,
      "stddev": 0.0010818387109721233,
      "median": 0.027937015140000004,
      "user": 0.023709325000000003,
      "system": 0.0011424049999999991,
      "min": 0.02720518414,
      "max": 0.03175624614,
      "times": [
        0.03108940614,
        0.028080561140000005,
        0.02776170114,
        0.027304507140000003,
        0.02742409314,
        0.027635241140000003,
        0.028444744140000002,
        0.02720518414,
        0.028052903140000005,
        0.027570089140000004,
        0.02739333114,
        0.02979505614,
        0.027673589140000003,
        0.028618561140000002,
        0.028003590140000003,
        0.02820211714,
        0.02768138314,
        0.027643556140000004,
        0.02783204614,
        0.027626857140000002,
        0.030898429140000006,
        0.027961836140000005,
        0.02872646614,
        0.030253082140000002,
        0.02736139514,
        0.027662140140000003,
        0.02834444014,
        0.02882511314,
        0.028892670140000003,
        0.030156646140000003,
        0.029282541140000003,
        0.027791712140000004,
        0.027720051140000004,
        0.027674299140000004,
        0.027652232140000003,
        0.027560034140000002,
        0.02758947914,
        0.03175624614,
        0.027767482140000004,
        0.03139401214,
        0.028275104140000003,
        0.027882215140000003,
        0.03114133314,
        0.027578116140000004,
        0.028167028140000005,
        0.027225471140000002,
        0.027609693140000002,
        0.027521605140000002,
        0.02772274414,
        0.027646606140000002,
        0.028654243140000004,
        0.027927747140000004,
        0.027967622140000006,
        0.028731879140000003,
        0.02799488014,
        0.02976610914,
        0.027449073140000002,
        0.027552835140000002,
        0.027609651140000004,
        0.028805528140000005,
        0.02888923714,
        0.02733555014,
        0.03037659314,
        0.027512007140000003,
        0.02747480814,
        0.027669850140000004,
        0.029406534140000006,
        0.02741375814,
        0.027628076140000003,
        0.02891531214,
        0.030379594140000004,
        0.030062555140000006,
        0.027940243140000005,
        0.02777946014,
        0.028118145140000005,
        0.029183468140000005,
        0.029642329140000003,
        0.029199392140000006,
        0.029378325140000005,
        0.02917431514,
        0.029325373140000003,
        0.029644977140000004,
        0.02945160514,
        0.02863745714,
        0.027931698140000006,
        0.027933787140000003,
        0.02821639414,
        0.03117077014,
        0.029171884140000003,
        0.027705096140000003,
        0.028393403140000006,
        0.02741005914,
        0.02757830614,
        0.027803511140000004,
        0.027605169140000003,
        0.02861442614,
        0.027756647140000004,
        0.02745030014,
        0.02783132314,
        0.027344044140000003
      ]
    },
    {
      "command": "yq --yaml-output '.id' benchmark/data.yaml",
      "mean": 0.12901828711000002,
      "stddev": 0.00580042683641256,
      "median": 0.12745791264,
      "user": 0.101454545,
      "system": 0.023025095,
      "min": 0.12359427014000002,
      "max": 0.16393433614,