{
  "results": [
    {
      "command": "dasel put string -f benchmark/data.json -o - '.favouriteColours.[0]' blue",
      "mean": 0.007456364085000003,
      "stddev": 0.0002458556596538138,
      "median": 0.007418757775,
      "user": 0.003590715,
      "system": 0.0021799700000000007,
      "min": 0.007090478775,
      "max": 0.008497917774999999,
      "times": [
        0.007228460775,
        0.007489566775,
        0.007449725775,
        0.007974371775,
        0.007746495775,
        0.007401778775,
        0.007549235775,
        0.008312794775,
        0.007722442775,
        0.007353348775,
        0.007954721775,
        0.007997570775,
        0.007748354775,
        0.007418458775,
        0.0076417287749999995,
        0.007662775774999999,
        0.007559515775,
        0.0075386647749999995,
        0.007489060775,
        0.007194576775,
        0.007376223775,
        0.007100493775,
        0.007291439774999999,
        0.007387475775,
        0.008497917774999999,
        0.007837554774999998,
        0.007637764775000001,
        0.007358507774999999,
        0.007560492774999999,
        0.007562776774999999,
        0.007749456774999999,
        0.007509378775,
        0.007386922775,
        0.007504201774999999,
        0.0071162367750000005,
        0.007266544775000001,
        0.007266673775,
        0.0072086257750000006,
        0.007560128775,
        0.0076594447750000004,
        0.007666310775,
        0.007810732775,
        0.007347890775,
        0.007739600775,
        0.007591836775,
        0.007201742775,
        0.007603274774999999,
        0.007230973775000001,
        0.007439965775000001,
        0.007304812775,
        0.007313366775000001,
        0.007521035775,
        0.007272592775,
        0.007151903775,
        0.007306792775,
        0.007214196775,
        0.0076587577749999995,
        0.007437998775,
        0.007409737775,
        0.007381915775,
        0.0072880777749999995,
        0.007527512774999999,
        0.007108513774999999,
        0.007430163774999999,
        0.007465068774999999,
        0.007525266775,
        0.007636362775,
        0.007328358774999999,
        0.007197556775,
        0.0071773677749999995,
        0.0072528807750000006,
        0.007664982775,
        0.007447771775,
        0.007337205775,
        0.0072374687749999994,
        0.007097280775,
        0.007306104775,
        0.0071753607749999995,
        0.007090478775,
        0.007419056774999999,
        0.007319835774999999,
        0.007502761774999999,
        0.007391869775,
        0.0072684617749999994,
        0.0073907297749999995,
        0.0071475317749999994,
        0.0074962667750000005,
        0.007369348775,
        0.007254779775,
        0.007417091775,
        0.0071562997750000005,
        0.0074651057750000005,
        0.007651679775000001,
        0.007361113775,
        0.007566471775000001,
        0.007374483775,
        0.007200421774999999,
        0.007456150775000001,
        0.007519337775,
        0.007736470775
      ]
    },
    {
      "command": "jq '.favouriteColours[0] = \"blue\"' benchmark/data.json",
      "mean": 0.026187417205000004,
      "stddev": 0.0016605575498506407,
      "median": 0.025758912275000004,
      "user": 0.023973974999999995,
      "system": 0.0007203000000000001,
      "min": 0.024865478775,
      "max": 0.036106191775,
      "times": [
        0.025866845775,
        0.024865478775,
        0.025331122775000003,
        0.026037326775,
        0.025974553775000003,
        0.025121414775000003,
        0.025415273775,
        0.026542856775000002,
        0.025577495775,
        0.026948277775,
        0.025699424775000004,
        0.025393054775000003,
        0.025962523775000003,
        0.025418269775000002,
        0.025102865775000004,
        0.026481258775000002,
        0.025419172775000002,
        0.025409184775000003,
        0.026677027775,
        0.029396028775000003,
        0.026232100775000003,
        0.025971028775000002,
        0.025435302775,
        0.025879628775000003,
        0.026107002775000002,
        0.026098062775000003,
        0.027198920775000003,
        0.027320497775,
        0.025655024775000004,
        0.025780017775,
        0.025579416775000002,
        0.025715050775,
        0.025533069775000004,
        0.026112217775000002,
        0.025675041775,
        0.026420439775000002,
        0.025388553775000003,
        0.025641121775,
        0.026051276775000003,
        0.025940144775000003,
        0.025207262775000003,
        0.025749444775,
        0.025768379775000003,
        0.025228068775,
        0.026458634775000003,
        0.026200035775,
        0.025272206775000004,
        0.026354965775000003,
        0.025338603775000003,
        0.025714490775,
        0.025409504775,
        0.025056331775000003,
        0.025721194775,
        0.025805970775000003,
        0.025364714775,
        0.025500937775000003,
        0.026080422775,
        0.025285296775,
        0.026045821775000002,
        0.028786640775,
        0.036106191775,
        0.035424933775,
        0.030888835775,
        0.029357988775,
        0.025068012775000002,
        0.025862360775000003,
        0.025792833775000003,
        0.025605526775,
        0.025619986775000003,
        0.026684637775000002,
        0.025611522775000003,
        0.025591885775000003,
        0.026253095775000002,
        0.025915797775000003,
        0.026239724775,
        0.026012735775,
        0.025769419775000003,
        0.026207530775,
        0.027708001775,
        0.026782946775000004,
        0.025484344775,
        0.025284119775000002,
        0.026118564775000002,
        0.025986804775,
        0.025743909775,
        0.025476617775,
        0.025886174775000003,
        0.025730944775,
        0.025170569775000002,
        0.025837397775000003,
        0.025494706775,
        0.025439201775000003,
        0.025512738775000002,
        0.025668455775,
        0.025716659775,
        0.025701518775,
        0.028114466775000003,
        0.025668071775000002,
        0.025697618775000004,
        0.025782551775000002
      ]
    },
    {
      "command": "yq --yaml-output '.favouriteColours[0] = \"blue\"' benchmark/data.yaml",
      "mean": 0.11956973725499996,
      "stddev": 0.003203741261497581,
      "median": 0.11966155877500001,
      "user": 0.09871586499999996,
      "system": 0.02040794,
      "min": 0.111409101775,
      "max": 0.127779698775,