{
  "results": [
    {
      "command": "daselv2 put -f benchmark/data.json -t string -v 'blue' -o - 'favouriteColours.[0]'",
      "mean": 0.007348956765,
      "stddev": 0.0012871405476581278,
      "median": 0.006795642915000001,
      "user": 0.0037600249999999997,
      "system": 0.0021623149999999997,
      "min": 0.006061493915000001,
      "max": 0.012096265915000001,
      "times": [
        0.008779610915,
        0.007243573915000002,
        0.007844644915,
        0.007406946915000001,
        0.007239142915000001,
        0.010364835915000002,
        0.009048823915,
        0.008694593915,
        0.009171591915000003,
        0.008502782915,
        0.008707071915,
        0.010950794915000003,
        0.010974576915000003,
        0.011643710915000001,
        0.012096265915000001,
        0.009899599915000001,
        0.009809544915000003,
        0.009623433915,
        0.009333364915,
        0.008917843915000001,
        0.009183385915000002,
        0.008042619915,
        0.006431357915000001,
        0.0062626369150000005,
        0.007037167915000001,
        0.006742756915000001,
        0.008207210915000002,
        0.006254261915000001,
        0.0076904249150000015,
        0.006457336915000001,
        0.006815802915000001,
        0.0067488169150000015,
        0.006554118915000001,
        0.006646792915000001,
        0.007574708915000001,
        0.007005829915,
        0.006586420915000001,
        0.006320215915000001,
        0.006652925915000001,
        0.0067580269150000006,
        0.007239009915000001,
        0.0064414299150000005,
        0.0063498629150000015,
        0.0065168689150000006,
        0.006951537915000001,
        0.006569011915000002,
        0.006738013915000001,
        0.007585881915000001,
        0.007673647915000001,
        0.006374670915000001,
        0.0063297509150000006,
        0.006103079915000001,
        0.006435362915,
        0.006516388915000002,
        0.007030519915000001,
        0.007438178915,
        0.006230157915,
        0.0067239559150000005,
        0.006642036915000001,
        0.0065919589150000004,
        0.006510473915000001,
        0.007662354915000002,
        0.007857478915,
        0.006383583915,
        0.006436311915,
        0.006252321915,
        0.006614144915000001,
        0.0067378309150000005,
        0.006805816915000001,
        0.007399491915000001,
        0.006504947915000001,
        0.006391612915000002,
        0.0064885239150000015,
        0.006727465915,
        0.0067204359150000005,
        0.0075415689150000005,
        0.009121186915000003,
        0.006841634915000001,
        0.006275815915000001,
        0.006296316915000002,
        0.006497748915000001,
        0.006905588915000001,
        0.007340427915,
        0.006785468915000001,
        0.006332274915000001,
        0.006304554915000001,
        0.006662614915000001,
        0.0066613979150000014,
        0.007736604915000001,
        0.007126752915,
        0.007932950915,
        0.006899076915000001,
        0.0064337489150000015,
        0.006189730915000001,
        0.006426672915000002,
        0.007088465915000001,
        0.007716270915000001,
        0.007020722915,
        0.006496882915000001,
        0.006061493915000001
      ]
    },
    {
      "command": "dasel put string -f benchmark/data.json -o - '.favouriteColours.[0]' blue",
      "mean": 0.008458803704999997,
      "stddev": 0.0005209867420082875,
      "median": 0.008293932415000002,
      "user": 0.004683495000000002,
      "system": 0.002631175,
      "min": 0.0076630689150000006,
      "max": 0.010002525915000001,
      "times": [
        0.007844193915000002,
        0.008153394915,
        0.008585364915000001,
        0.009087053915,
        0.008744364915,
        0.009175479915,
        0.008168961915000002,
        0.008310178915,
        0.008719592915000001,
        0.009624738915,
        0.008195855915000001,
        0.007992156915,
        0.007792852915000001,
        0.007965368915,
        0.008782752915,
        0.009159801915000002,
        0.008789051915000002,
        0.009050512915,
        0.008218527915000003,
        0.008262150915000002,
        0.008793657915000003,
        0.009246317915,
        0.008907708915,
        0.007956140915,
        0.007782109915000001,
        0.008129931915,
        0.008227493915000002,
        0.008803280915,
        0.008279066915000001,
        0.007901581915,
        0.008451425915000001,
        0.008329985915000001,
        0.008435975915000001,
        0.009113064915,
        0.009138125915,
        0.008528787915000002,
        0.008656367915000001,
        0.008635219915000002,
        0.008675158915000002,
        0.008647446915000002,
        0.008893728915,
        0.008308797915000003,
        0.008134140915000001,
        0.008309393915000001,
        0.008160774915000002,
        0.009295833915000003,
        0.010002525915000001,
        0.008153570915000002,
        0.008158698915000002,
        0.008074705915,
        0.009038527915,
        0.008091601915,
        0.008127610915,
        0.007901111915000002,
        0.008157019915,
        0.008509152915000002,
        0.009193686915000002,
        0.0076630689150000006,
        0.007823127915000002,
        0.007976450915000002,
        0.008151234915,
        0.007962519915,
        0.008340799915000002,
        0.009724732915000003,
        0.008046395915,
        0.007967285915,
        0.008190313915,
        0.008427442915,
        0.008972656915000002,
        0.008041840915,
        0.007837498915000001,
        0.008726907915000002,
        0.009852322915,
        0.009074315915000002,
        0.008778596915000002,
        0.009180680915,
        0.008067191915,
        0.007856941915000002,
        0.008494297915,
        0.009401096915,
        0.009444255915000001,
        0.008178479915000002,
        0.007732065915000002,
        0.008021178915,
        0.007980486915000001,
        0.007974571915000003,
        0.008232319915000001,
        0.008908697915,
        0.008447042915000001,
        0.008048476915000002,
        0.008055454915,
        0.008270605915,
        0.008934267915000002,
        0.008017466915,
        0.007914777915,
        0.008038643915000001,
        0.008379834915000002,
        0.008716148915,
        0.008270864915000002,
        0.007984908915000002
      ]
    },
    {
      "command": "jq '.favouriteColours[0] = \"blue\"' benchmark/data.json",
      "mean": 0.028338880715,
      "stddev": 0.0009631346745626541,
      "median": 0.028079885415000002,
      "user": 0.023773925,
      "system": 0.0010715550000000003,
      "min": 0.026895565915000003,
      "max": 0.032091306915000006,