{
  "results": [
    {
      "command": "daselv2 put -f benchmark/data.json -t string -v 'blue' -o - 'favouriteColours.[0]'",
      "mean": 0.006697001335000003,
      "stddev": 0.000706426957823851,
      "median": 0.006457236375000003,
      "user": 0.003550695,
      "system": 0.0019827000000000013,
      "min": 0.005971610375000003,
      "max": 0.009549397375000004,
      "times": [
        0.009303531375000004,
        0.009549397375000004,
        0.009189002375000001,
        0.008580641375000003,
        0.007673831375000003,
        0.006232014375000003,
        0.006090102375000002,
        0.006226931375000002,
        0.006579645375000003,
        0.006619163375000003,
        0.0076614703750000025,
        0.006604315375000004,
        0.006145337375000003,
        0.006073259375000003,
        0.006700908375000003,
        0.006460783375000004,
        0.006586505375000004,
        0.0073528633750000036,
        0.007887649375000003,
        0.006531708375000003,
        0.0062217973750000035,
        0.006296398375000002,
        0.006495800375000004,
        0.007268226375000003,
        0.006537354375000003,
        0.006290178375000003,
        0.006304981375000004,
        0.006307957375000004,
        0.006242080375000003,
        0.006654243375000003,
        0.007407466375000004,
        0.0060573063750000026,
        0.0063178203750000024,
        0.006284156375000003,
        0.006232819375000003,
        0.006240583375000003,
        0.006256543375000002,
        0.006324519375000003,
        0.006711656375000002,
        0.007355240375000003,
        0.006202488375000003,
        0.006060271375000003,
        0.006145609375000002,
        0.006248190375000003,
        0.006738057375000003,
        0.007035512375000003,
        0.006165704375000003,
        0.006205924375000002,
        0.0064515983750000035,
        0.006615091375000002,
        0.0066575303750000024,
        0.006709828375000003,
        0.007047659375000004,
        0.006271752375000003,
        0.006178717375000003,
        0.006310323375000004,
        0.006130324375000004,
        0.006406986375000002,
        0.0077019353750000024,
        0.006182946375000002,
        0.006338154375000003,
        0.006087053375000003,
        0.006443200375000004,
        0.006292531375000003,
        0.006655284375000003,
        0.006334883375000004,
        0.006383365375000003,
        0.007243699375000003,
        0.006396824375000003,
        0.006206017375000004,
        0.006525202375000003,
        0.006239864375000004,
        0.006609801375000003,
        0.007528703375000004,
        0.006694470375000003,
        0.006363081375000004,
        0.006191820375000003,
        0.006453689375000003,
        0.006518825375000003,
        0.007307859375000002,
        0.006469680375000003,
        0.006219415375000003,
        0.006230171375000004,
        0.006568396375000003,
        0.0066005933750000025,
        0.006654183375000003,
        0.0075041093750000025,
        0.0063508103750000025,
        0.006180943375000004,
        0.006264752375000003,
        0.005971610375000003,
        0.006480112375000004,
        0.006425170375000003,
        0.0068917803750000025,
        0.008065167375000001,
        0.007394433375000003,
        0.007939229375000002,
        0.007918081375000004,
        0.006587635375000004,
        0.006846883375000002
      ]
    },
    {
      "command": "dasel put string -f benchmark/data.json -o - 'favouriteColours.[0]' 'blue'",
      "mean": 0.008744504595000004,
      "stddev": 0.0008142154581621089,
      "median": 0.008456033875000003,
      "user": 0.004778985000000002,
      "system": 0.002692649999999999,
      "min": 0.007693912375000003,
      "max": 0.012094257375000004,
      "times": [
        0.008094462375000003,
        0.008213325375000004,
        0.008424322375000005,
        0.009300827375000004,
        0.007993277375000003,
        0.007941521375000003,
        0.008614810375000004,
        0.008491176375000003,
        0.009085763375000003,
        0.009250494375000005,
        0.009723100375000002,
        0.008104024375000005,
        0.008015765375000004,
        0.008320306375000003,
        0.008332513375000003,
        0.009117277375000003,
        0.008055204375000003,
        0.007884794375000004,
        0.008381618375000004,
        0.008606952375000004,
        0.009310967375000003,
        0.009108310375000005,
        0.010296295375000004,
        0.008142168375000002,
        0.007973990375000004,
        0.008177831375000003,
        0.008927141375000003,
        0.009548407375000002,
        0.008164411375000003,
        0.008023330375000002,
        0.008192087375000004,
        0.008353570375000004,
        0.008928605375000002,
        0.009288244375000004,
        0.010234052375000004,
        0.008574487375000002,
        0.008133820375000003,
        0.008312922375000004,
        0.008072908375000003,
        0.008551337375000002,
        0.009168413375000004,
        0.007919477375000004,
        0.008166523375000002,
        0.008246605375000004,
        0.008446576375000004,
        0.009145896375000004,
        0.010149188375000003,
        0.008597930375000003,
        0.008478291375000002,
        0.008247805375000004,
        0.009870658375000004,
        0.009483079375000002,
        0.008020195375000004,
        0.008182184375000002,
        0.008306421375000005,
        0.009077962375000002,
        0.008237590375000003,
        0.008106402375000002,
        0.007904909375000001,
        0.008055045375000004,
        0.008709095375000003,
        0.008521615375000003,
        0.009048961375000004,
        0.009698493375000002,
        0.008222102375000002,
        0.008989621375000003,
        0.011560710375000002,
        0.012094257375000004,
        0.010496952375000004,
        0.010079962375000005,
        0.010066602375000004,
        0.008853652375000003,
        0.008465491375000002,
        0.009609981375000003,
        0.010474951375000003,
        0.008834184375000002,
        0.008236098375000004,
        0.008217681375000004,
        0.008605544375000003,
        0.009433845375000003,
        0.007954008375000002,
        0.008057518375000003,
        0.008103031375000003,
        0.008478676375000004,
        0.008730359375000003,
        0.008941353375000002,
        0.010099512375000005,
        0.008030295375000003,
        0.007917242375000005,
        0.008376503375000004,
        0.008239218375000003,
        0.009035333375000003,
        0.008358748375000002,
        0.007693912375000003,
        0.008132653375000003,
        0.008283880375000004,
        0.008416334375000004,
        0.009001374375000003,
        0.009877811375000004,
        0.008425304375000005
      ]
    },
    {
      "command": "jq '.favouriteColours[0] = \"blue\"' benchmark/data.json",
      "mean": 0.028603708195,
      "stddev": 0.001534605554818364,
      "median": 0.028093297875000006,
      "user": 0.023919964999999998,
      "system": 0.00117679,
      "min": 0.027311978375000004,
      "max": 0.036899853375,