{
  "results": [
    {
      "command": "dasel put -f benchmark/data.json -t string -v 'blue' -o - 'favouriteColours.[0]'",
      "mean": 0.0064393434050000024,
      "stddev": 0.0003131927640331521,
      "median": 0.006385316945,
      "user": 0.0034683099999999996,
      "system": 0.00190258,
      "min": 0.005991591445000001,
      "max": 0.008413546445000001,
      "times": [
        0.007376022445,
        0.006266443445,
        0.006322044445000001,
        0.006454758445,
        0.006202976445000001,
        0.006261852445,
        0.006092961445000001,
        0.0063784894450000015,
        0.006652013445,
        0.006578247445000001,
        0.006412382445,
        0.006182375445000001,
        0.006220070445,
        0.006352686445,
        0.006342170445,
        0.0064358204450000005,
        0.006409604445000001,
        0.006265274445,
        0.006316293445000001,
        0.0066138784450000005,
        0.006516388445,
        0.006256309445,
        0.006307815445,
        0.0067464654450000005,
        0.006779068445000001,
        0.007110666445,
        0.006251624445000001,
        0.006077425445000001,
        0.006368661445,
        0.006326981445000001,
        0.006367441445,
        0.006444114445000001,
        0.0063282414450000005,
        0.006664933445,
        0.006432164445000001,
        0.006338418445000001,
        0.006087993445,
        0.006296641445000001,
        0.006595370445,
        0.006479633445000001,
        0.006407935445,
        0.006196948445000001,
        0.0065107354450000005,
        0.0066628444450000015,
        0.006623107445,
        0.006562852445000001,
        0.006370911445,
        0.006135448445,
        0.006406968445000001,
        0.006241550445000001,
        0.006808124445000001,
        0.0071887514450000006,
        0.006140788445,
        0.006536058445000001,
        0.006291026445,
        0.006442665445000001,
        0.005991591445000001,
        0.006443017445000001,
        0.006570219445000001,
        0.006648799445000001,
        0.006369697445000001,
        0.006066879445000001,
        0.006446866445000001,
        0.006454167445000001,
        0.006495332445,
        0.006225546445000001,
        0.006090294445,
        0.006038470445000001,
        0.006663863445000001,
        0.006748630445000001,
        0.006948156445000001,
        0.006443082445000001,
        0.006044509445,
        0.006379907445000001,
        0.006519556445000001,
        0.0061972594450000005,
        0.006237529445000001,
        0.006286098445000001,
        0.006598960445000001,
        0.008413546445000001,
        0.0066972964450000005,
        0.006253902445000001,
        0.006210090445,
        0.006258303445,
        0.006580823445,
        0.006611845445,
        0.006488354445,
        0.006353902445,
        0.006446576445000001,
        0.006566824445000001,
        0.006390726445,
        0.0061479454450000005,
        0.006344733445,
        0.006540484445000001,
        0.006294409445000001,
        0.006267831445,
        0.006119140445000001,
        0.006233002445,
        0.006668635445000001,
        0.0066980874450000005
      ]
    },
    {
      "command": "jq '.favouriteColours[0] = \"blue\"' benchmark/data.json",
      "mean": 0.028446837655000005,
      "stddev": 0.0015582465842065624,
      "median": 0.027960903444999997,
      "user": 0.023894600000000005,
      "system": 0.00111647,
      "min": 0.027237394445,
      "max": 0.038020087445,
      "times": [
        0.027711615445000004,
        0.027601303445000003,
        0.027463813445,
        0.027387520445,
        0.028761914445,
        0.027865634445000002,
        0.027415770445,
        0.027978660444999998,
        0.027811085445,
        0.033870017445,
        0.038020087445,
        0.028564069445,
        0.027764245445000002,
        0.028472723445,
        0.027648204445000005,
        0.027673445445,
        0.030981535445,
        0.027443438445000003,
        0.030431715445,
        0.028381541445,
        0.031186640445000004,
        0.028573133445000003,
        0.027770358444999997,
        0.027669613445000005,
        0.027848303445,
        0.028404185445,
        0.028548010445,
        0.027810556445000002,
        0.028847913444999998,
        0.028238511445000003,
        0.031870060445,
        0.027672160445000003,
        0.027237394445,
        0.027659029445000004,
        0.027918117445,
        0.028503940445,
        0.028077069445,
        0.027445407445,
        0.031658723445,
        0.031282018445000004,
        0.027511576445000005,
        0.027601559445,
        0.027377740445,
        0.027556715445000005,
        0.028244410445,
        0.028090138445000003,
        0.027724032445000005,
        0.028216011445,
        0.028294627444999998,
        0.028353253444999997,
        0.027533054445000003,
        0.028769844444999998,
        0.028101201445,
        0.027366671445000004,
        0.027570784445000003,
        0.028021469445000002,
        0.027361519445000003,
        0.028971375445000003,
        0.028365284445,
        0.028304696445,
        0.027777924444999998,
        0.027492444445,
        0.027290716445,
        0.028201822445000004,
        0.031474498445,
        0.028161574444999997,
        0.027421243445,
        0.027802005445,
        0.027772558444999998,
        0.027740009444999998,
        0.027943146444999997,
        0.030996743445000002,
        0.028734765444999998,
        0.027847727444999998,
        0.031510494445,
        0.027821215445,
        0.028042006445000003,
        0.027416140445,
        0.028121781445,
        0.027472720445,
        0.028250654445000002,
        0.027765383445,
        0.027302694445000004,
        0.027503666445000005,
        0.027835570445,
        0.027454155445000003,
        0.027548622445000004,
        0.027487222445,
        0.028044789445000003,
        0.027731354445000002,
        0.028942285445,
        0.028630594444999997,
        0.028391076445000003,
        0.029022449445,
        0.027462086445,
        0.028076464444999998,
        0.028245264445,
        0.029360038445,
        0.029129245445,
        0.030653151445
      ]
    },
    {
      "command": "yq --yaml-output '.favouriteColours[0] = \"blue\"' benchmark/data.yaml",
      "mean": 0.126953260615,
      "stddev": 0.002136195368290232,
      "median": 0.12656103294499998,
      "user": 0.10058454999999998,
      "system": 0.02232507,
      "min": 0.12373550644500002,
      "max": 0.140148222445,