{
  "results": [
    {
      "command": "dasel put string -f benchmark/data.json -o - '.favouriteColours.[0]' blue",
      "mean": 0.007797778630000003,
      "stddev": 0.00031930333622897115,
      "median": 0.007701958220000001,
      "user": 0.0037055349999999985,
      "system": 0.0023348149999999996,
      "min": 0.007326559220000002,
      "max": 0.00922828522,
      "times": [
        0.007549160220000001,
        0.00790085422,
        0.007886802220000003,
        0.007518790220000001,
        0.007627338220000001,
        0.007459918220000001,
        0.007653282220000001,
        0.007540395220000002,
        0.007507829220000001,
        0.00798253322,
        0.0077051872200000005,
        0.007385427220000002,
        0.007690336220000001,
        0.007326559220000002,
        0.007584117220000001,
        0.00776577922,
        0.0076740822200000005,
        0.007698729220000001,
        0.0074733442200000015,
        0.007609950220000001,
        0.007587736220000001,
        0.007413765220000001,
        0.007431155220000002,
        0.00783149922,
        0.007687537220000001,
        0.007715693220000001,
        0.007635962220000001,
        0.007580815220000001,
        0.007585271220000001,
        0.00759940122,
        0.00866883722,
        0.00826329122,
        0.008375928220000002,
        0.00808928322,
        0.008236791220000001,
        0.007978596220000002,
        0.007949212220000001,
        0.007707912220000001,
        0.00819743522,
        0.008344831220000001,
        0.00782296222,
        0.007904487220000003,
        0.007806763220000001,
        0.007846458220000001,
        0.008047417220000002,
        0.008223997220000001,
        0.008192780220000001,
        0.00814841522,
        0.00922828522,
        0.008099121220000002,
        0.008261067220000001,
        0.008011792220000001,
        0.0075244232200000006,
        0.00755711722,
        0.008699468220000003,
        0.007448409220000001,
        0.00759521922,
        0.007687623220000001,
        0.00765956822,
        0.007864486220000001,
        0.007565171220000001,
        0.007746365220000002,
        0.007649337220000001,
        0.007656436220000001,
        0.00808663422,
        0.007566558220000001,
        0.007811688220000001,
        0.00768776322,
        0.0074737332200000015,
        0.007536488220000001,
        0.00769783822,
        0.007454517220000001,
        0.00784317122,
        0.0074385942200000015,
        0.00776821522,
        0.00848911322,
        0.007457768220000002,
        0.00788941022,
        0.008050942220000003,
        0.00803071122,
        0.007815748220000002,
        0.007546510220000001,
        0.007447075220000001,
        0.007692286220000001,
        0.007526375220000002,
        0.007604321220000001,
        0.00789133422,
        0.0077873212200000015,
        0.008146040220000001,
        0.007735714220000001,
        0.007666610220000001,
        0.007632614220000001,
        0.007545977220000001,
        0.008032612220000002,
        0.008090196220000002,
        0.00752054822,
        0.00791545322,
        0.007568038220000001,
        0.007706765220000001,
        0.00795463422
      ]
    },
    {
      "command": "jq '.favouriteColours[0] = \"blue\"' benchmark/data.json",
      "mean": 0.026201975910000005,
      "stddev": 0.0010958184009630457,
      "median": 0.02583571622,
      "user": 0.023950625,
      "system": 0.0007661449999999999,
      "min": 0.02499729622,
      "max": 0.030702851220000004,
      "times": [
        0.027728615220000002,
        0.02607941922,
        0.02571451622,
        0.02624742222,
        0.026324670220000002,
        0.02574746622,
        0.02572382222,
        0.02567511122,
        0.02552101922,
        0.025646679220000003,
        0.02642343422,
        0.025456708220000002,
        0.02518258722,
        0.02559499822,
        0.02578901122,
        0.025591509220000003,
        0.02554082422,
        0.02818337522,
        0.02602183022,
        0.02604697622,
        0.02604419422,
        0.02649476722,
        0.025902060220000002,
        0.025898381220000002,
        0.026571711220000002,
        0.02718410022,
        0.030360899220000005,
        0.027136355220000002,
        0.025479804220000003,
        0.02559227022,
        0.02527791322,
        0.025921274220000002,
        0.02567689422,
        0.026211363220000002,
        0.02715882122,
        0.02604924422,
        0.02576325222,
        0.02581409122,
        0.02540329422,
        0.02543588122,
        0.030154562220000004,
        0.02858801722,
        0.02603933622,
        0.026021721220000002,
        0.02570842022,
        0.026216905220000003,
        0.02553530322,
        0.026164793220000003,
        0.02543724722,
        0.02535783922,
        0.025334001220000003,
        0.02710862722,
        0.02659156822,
        0.025442925220000003,
        0.025301111220000002,
        0.025684033220000003,
        0.02560960822,
        0.02574423222,
        0.025780466220000003,
        0.02567108422,
        0.02595587522,
        0.026065111220000003,
        0.025686802220000002,
        0.025811098220000002,
        0.02565192522,
        0.02499729622,
        0.025757199220000002,
        0.025581892220000003,
        0.02583349822,
        0.027504677220000003,
        0.027076788220000002,
        0.02612297422,
        0.02556635422,
        0.02576153122,
        0.02576001822,
        0.02585367522,
        0.02602921822,
        0.02583793422,
        0.02522433822,
        0.02594230422,
        0.02582163322,
        0.026062759220000002,
        0.02573048622,
        0.02544778622,
        0.026052431220000002,
        0.02655989422,
        0.02692683322,
        0.02887246422,
        0.02689890722,
        0.02627215722,
        0.02610348322,
        0.02573097522,
        0.02622481422,
        0.02582548222,
        0.030702851220000004,
        0.03042163122,
        0.02596845822,
        0.026125582220000002,
        0.025599452220000003,
        0.02572062722
      ]
    },
    {
      "command": "yq --yaml-output '.favouriteColours[0] = \"blue\"' benchmark/data.yaml",
      "mean": 0.12560243294000006,
      "stddev": 0.004131640043663288,
      "median": 0.12550462672,
      "user": 0.10386324500000008,
      "system": 0.021328474999999993,
      "min": 0.11160077322,
      "max": 0.14562289322000002,