{
  "results": [
    {
      "command": "dasel put string -f benchmark/data.json -o - '.favouriteColours.[0]' blue",
      "mean": 0.007557946555000004,
      "stddev": 0.0002739925649522916,
      "median": 0.007532514895000001,
      "user": 0.003643945,
      "system": 0.002272800000000002,
      "min": 0.0069426368950000015,
      "max": 0.008921962895000001,
      "times": [
        0.007898328895,
        0.007678421895000001,
        0.007837430895,
        0.007749552895000001,
        0.007640090895000002,
        0.007724428895000001,
        0.0075490288950000005,
        0.007469758895000001,
        0.007406414895000001,
        0.007495929895000001,
        0.007651882895,
        0.0072968578950000015,
        0.007494956895,
        0.0075383308950000005,
        0.0077818368950000015,
        0.007309645895000001,
        0.007263458895000002,
        0.0071835938950000015,
        0.0074421848950000005,
        0.007251802895000001,
        0.007381028895000001,
        0.007366309895000001,
        0.0070153998950000015,
        0.0074853488950000005,
        0.007305641895000001,
        0.007655714895,
        0.007700243895,
        0.007816967895,
        0.007719653895000001,
        0.007707281895000001,
        0.007419587895000001,
        0.007658228895000001,
        0.007361721895000001,
        0.007424551895000001,
        0.007343048895000001,
        0.007293229895000001,
        0.007475601895000001,
        0.0073966128950000015,
        0.007595843895000001,
        0.007655115895,
        0.007788897895000001,
        0.007584971895000001,
        0.007972739895,
        0.007431212895000001,
        0.007820548895000001,
        0.007373410895000002,
        0.0075858618950000005,
        0.007471650895000001,
        0.007225569895000001,
        0.007631870895,
        0.007461828895000001,
        0.007900561895000002,
        0.007763924895000001,
        0.007507926895000001,
        0.007526698895000001,
        0.007636849895000001,
        0.007950195895000001,
        0.007701544895000001,
        0.007566097895,
        0.008054670895000001,
        0.007563245895000001,
        0.007170660895,
        0.007795495895000001,
        0.007419944895000001,
        0.007215843895000001,
        0.007746968895000001,
        0.0073876088950000016,
        0.007463231895,
        0.008921962895000001,
        0.007859530895000001,
        0.007468468895,
        0.007753602895000001,
        0.007420593895000001,
        0.008623540895,
        0.007811372895000002,
        0.007635441895000001,
        0.007574408895000001,
        0.007469659895000001,
        0.007219024895,
        0.0075890138950000015,
        0.0069426368950000015,
        0.0076911748950000015,
        0.007329147895000001,
        0.007389788895000001,
        0.007458887895,
        0.007514895895,
        0.007613760895,
        0.007572629895,
        0.007177652895000001,
        0.007348524895000002,
        0.007419716895000001,
        0.007671588895000001,
        0.007690412895,
        0.007489033895,
        0.007751772895,
        0.007602391895000001,
        0.007307181895000001,
        0.007603402895000002,
        0.0074455048950000016,
        0.007266811895000001
      ]
    },
    {
      "command": "jq '.favouriteColours[0] = \"blue\"' benchmark/data.json",
      "mean": 0.026847289614999995,
      "stddev": 0.001789064938955616,
      "median": 0.026123288895000003,
      "user": 0.024543735,
      "system": 0.0007896600000000007,
      "min": 0.024885397895,
      "max": 0.032024186895,
      "times": [
        0.026056772895000004,
        0.028396641895000005,
        0.026557847895,
        0.027265469895000005,
        0.029573121895,
        0.031196120895,
        0.030114046895000003,
        0.030945700894999997,
        0.028401349895000004,
        0.027958261895000003,
        0.026023419895000004,
        0.029442741895,
        0.027358150895000002,
        0.030557877895000002,
        0.032024186895,
        0.028249969895000004,
        0.025767962895000003,
        0.025515334895000005,
        0.026029945895000003,
        0.026204232895,
        0.025509079895,
        0.025844641895,
        0.025535113895000003,
        0.025578638895,
        0.026010795895,
        0.026218792895000002,
        0.024885397895,
        0.028867745894999998,
        0.025607114895000005,
        0.025837091895000004,
        0.025890344895,
        0.025664850895,
        0.025384912895,
        0.025803196895000005,
        0.025493137895000004,
        0.025365417895,
        0.026559245895,
        0.026283964895000005,
        0.026539108895000003,
        0.026168458895000003,
        0.026178824895,
        0.025757525895,
        0.026243444895000002,
        0.026227662895000003,
        0.025951319895000005,
        0.025981688895,
        0.026126059895000005,
        0.026480968895000005,
        0.025753045895,
        0.026397228895,
        0.026217815895000003,
        0.025938650895000005,
        0.026821059895,
        0.030229091894999997,
        0.031385887895,
        0.031319391895,
        0.030331384895,
        0.027400146895000005,
        0.026523851895,
        0.026348646895,
        0.031200257895,
        0.026007007895000003,
        0.030991715895,
        0.030981884895,
        0.027896819895,
        0.025519659895000005,
        0.025625670895,
        0.025619971895000003,
        0.025856386895,
        0.026610195895,
        0.027792520895,
        0.025271968895000003,
        0.026719406895,
        0.025484415895,
        0.025740276895000004,
        0.025922911895000005,
        0.025872285895,
        0.025326378895,
        0.028634189895000002,
        0.025829342895000003,
        0.026470820895000004,
        0.025325380895,
        0.025253900895,
        0.025945410895,
        0.025483768895,
        0.025145574895,
        0.025658209895,
        0.025829041895,
        0.025856264895,
        0.026214697895,
        0.026017796895,
        0.024948213895,
        0.025898742895,
        0.026232570895,
        0.026120517895,
        0.028650011895,
        0.026163370895000003,
        0.025916821895000004,
        0.026332912895000005,
        0.026061745895000002
      ]
    },
    {
      "command": "yq --yaml-output '.favouriteColours[0] = \"blue\"' benchmark/data.yaml",
      "mean": 0.13151680883499994,
      "stddev": 0.008776331711518703,
      "median": 0.131262245395,
      "user": 0.10831480500000001,
      "system": 0.02270247,
      "min": 0.114013903895,
      "max": 0.15919575089500002,