{
  "results": [
    {
      "command": "daselv2 put -f benchmark/data.json -t string -v 'blue' -o - 'favouriteColours.[0]'",
      "mean": 0.006545041345000003,
      "stddev": 0.00028661556512028406,
      "median": 0.006488265025,
      "user": 0.0034606200000000015,
      "system": 0.0019084850000000008,
      "min": 0.006076421525,
      "max": 0.007737871525,
      "times": [
        0.006895936525,
        0.006385413525,
        0.006322868525000001,
        0.006164844525000001,
        0.006373067525,
        0.0063538585250000005,
        0.006437165525,
        0.006182877525,
        0.006491356525,
        0.0066657215249999995,
        0.006780815525000001,
        0.006546877525,
        0.006316113525,
        0.006335375525000001,
        0.006625049525000001,
        0.006622884525000001,
        0.006526171525000001,
        0.006709265525000001,
        0.006385648525000001,
        0.006364771525,
        0.006485173525,
        0.006650900525,
        0.006547404525,
        0.006880204525000001,
        0.006505868525,
        0.006684481525000001,
        0.007029726525,
        0.0071867655249999995,
        0.007426265525,
        0.007737871525,
        0.006827007525,
        0.006618243524999999,
        0.006243401525000001,
        0.006508033525,
        0.006976303525,
        0.006366622525000001,
        0.006714596525,
        0.0062421585249999995,
        0.006566787525000001,
        0.006689837525000001,
        0.006550055525000001,
        0.006684998525000001,
        0.006381126525000001,
        0.0064489685249999994,
        0.006676379525,
        0.006473178525,
        0.006355008525000001,
        0.006199569525,
        0.006458436525,
        0.006472495525,
        0.006753574525,
        0.0063166035250000006,
        0.006214043525000001,
        0.0065067425249999995,
        0.006483000525000001,
        0.006458983525,
        0.006263727525,
        0.006656788525,
        0.006409636525,
        0.006673816525000001,
        0.006553186525000001,
        0.006272779525000001,
        0.006259896525000001,
        0.006676600525,
        0.0063053045249999995,
        0.007009957525000001,
        0.006508394525000001,
        0.006446454525000001,
        0.006440127525,
        0.006154873525,
        0.006457811525000001,
        0.006563187525,
        0.006671017525,
        0.006647427525000001,
        0.006478751525,
        0.006316923525,
        0.006076421525,
        0.006532043525,
        0.006829607525,
        0.006475979525,
        0.0062300745250000004,
        0.006156356525,
        0.006261454525,
        0.006324688525,
        0.007355968525000001,
        0.007269823525,
        0.006651054525,
        0.006949413525,
        0.006431134525,
        0.006343431525,
        0.006471864525000001,
        0.006316153525,
        0.006788081525,
        0.0067514335249999995,
        0.006493848525,
        0.006296943525000001,
        0.0062344365249999995,
        0.006497933525000001,
        0.006427278525,
        0.006765141525000001
      ]
    },
    {
      "command": "dasel put string -f benchmark/data.json -o - '.favouriteColours.[0]' blue",
      "mean": 0.008454649225000005,
      "stddev": 0.0002795004212115328,
      "median": 0.008439627025,
      "user": 0.00459195,
      "system": 0.0025322150000000004,
      "min": 0.007955812525,
      "max": 0.009901917525,
      "times": [
        0.008938659525,
        0.008750629525000001,
        0.008489917525,
        0.008244779525,
        0.008427275525,
        0.008527328525,
        0.008409391525,
        0.008451765525,
        0.008515891525000001,
        0.008324099525,
        0.008427484525,
        0.008076971525,
        0.008237011525,
        0.008813182525000001,
        0.008649054525,
        0.008122186525,
        0.008579402525,
        0.008485104525,
        0.008512292525000001,
        0.008305080525000001,
        0.008608748525000001,
        0.008336137525,
        0.008324365525,
        0.008022257525,
        0.008483597525,
        0.008864586525,
        0.008610010525,
        0.008389627525,
        0.008067698525,
        0.008256035525,
        0.008391319525,
        0.008455842525,
        0.008265250525,
        0.008490503525,
        0.008359677525000001,
        0.008362161525,
        0.007955812525,
        0.008423903525,
        0.008457163525,
        0.008512803525000001,
        0.008087937525,
        0.008212036525,
        0.008295098525,
        0.008535530525,
        0.008413351525,
        0.008512088525000001,
        0.008415612525000001,
        0.008449965525,
        0.008548430525000001,
        0.008348095525,
        0.008429288525,
        0.008313402525000001,
        0.008223086525000001,
        0.008122347525,
        0.008320138525,
        0.008496079525,
        0.008632370525,
        0.008529918525000001,
        0.008367917525,
        0.008569579525,
        0.008951619525000001,
        0.008589390525,
        0.009901917525,
        0.008410060525,
        0.008087274525,
        0.008110247525000001,
        0.008182147525,
        0.008909689525,
        0.008572350525000001,
        0.008182422525,
        0.009040753525,
        0.008510179525,
        0.008603042525,
        0.008190591525,
        0.008175122525,
        0.008408848525,
        0.008257008525,
        0.008029679525,
        0.008195677525,
        0.008524148525,
        0.008291999525,
        0.008775357525000001,
        0.008573712525,
        0.008541712525,
        0.008646670525,
        0.008519073525,
        0.009215897525,
        0.009000826525,
        0.008296535525,
        0.008069481525,
        0.008524006525,
        0.008694664525,
        0.008491217525,
        0.008209117525,
        0.008230697525,
        0.008620046525000001,
        0.008624433525,
        0.008498062525,
        0.008316871525,
        0.008745075525
      ]
    },
    {
      "command": "jq '.favouriteColours[0] = \"blue\"' benchmark/data.json",
      "mean": 0.028035495614999992,
      "stddev": 0.0007458235517543381,
      "median": 0.027827459025000004,
      "user": 0.02356721,
      "system": 0.001065715000000001,
      "min": 0.027228229525,
      "max": 0.032316029525,