{
  "results": [
    {
      "command": "dasel put -f benchmark/data.json -t string -v 'blue' -o - 'favouriteColours.[0]'",
      "mean": 0.006559504575000005,
      "stddev": 0.0009318992357242185,
      "median": 0.006426272605000003,
      "user": 0.003500094999999999,
      "system": 0.00202741,
      "min": 0.006128161605000002,
      "max": 0.015308242605000001,
      "times": [
        0.006414249605000003,
        0.006302973605000002,
        0.006760037605000002,
        0.0065447456050000035,
        0.006323218605000003,
        0.006228803605000002,
        0.006380185605000002,
        0.006214817605000003,
        0.006480617605000003,
        0.006426150605000003,
        0.006474079605000003,
        0.006313441605000004,
        0.006265159605000003,
        0.006309133605000002,
        0.006216177605000002,
        0.006442084605000003,
        0.006636874605000003,
        0.0063660876050000035,
        0.006543118605000003,
        0.0062055976050000025,
        0.006448679605000003,
        0.006396133605000002,
        0.006376517605000002,
        0.006757238605000003,
        0.006446845605000004,
        0.0062524926050000025,
        0.0064481216050000035,
        0.006331962605000002,
        0.006564542605000004,
        0.0065241986050000025,
        0.006302182605000002,
        0.006330395605000003,
        0.006631863605000002,
        0.006519422605000003,
        0.006496008605000003,
        0.006683086605000004,
        0.006562125605000003,
        0.007328286605000002,
        0.006473468605000004,
        0.006196519605000003,
        0.006290594605000002,
        0.006647543605000003,
        0.006471688605000002,
        0.006450963605000003,
        0.006428242605000003,
        0.006352816605000003,
        0.006448997605000002,
        0.0063452026050000035,
        0.006197574605000003,
        0.006413022605000003,
        0.006529206605000003,
        0.0064964336050000035,
        0.006279326605000002,
        0.006316658605000003,
        0.006151877605000002,
        0.006267544605000002,
        0.006219763605000004,
        0.006495516605000002,
        0.006603139605000003,
        0.006229734605000003,
        0.006310054605000003,
        0.006429969605000003,
        0.006295868605000004,
        0.0063394186050000035,
        0.006268918605000002,
        0.0065521676050000035,
        0.006463493605000003,
        0.0064806786050000025,
        0.006198047605000002,
        0.006226715605000003,
        0.006338887605000004,
        0.006421074605000003,
        0.006669016605000002,
        0.0063214556050000025,
        0.006297664605000004,
        0.008057059605000003,
        0.006558182605000003,
        0.007678126605000003,
        0.015308242605000001,
        0.007423025605000004,
        0.007046973605000002,
        0.006287168605000003,
        0.006333915605000003,
        0.006269999605000002,
        0.006624199605000003,
        0.0069078506050000025,
        0.006870906605000004,
        0.006367978605000002,
        0.006276662605000003,
        0.006360802605000003,
        0.0063530516050000025,
        0.006875256605000004,
        0.006128161605000002,
        0.0065175196050000035,
        0.0064263946050000026,
        0.006501695605000002,
        0.006235773605000002,
        0.006433823605000002,
        0.006488389605000003,
        0.006452366605000003
      ]
    },
    {
      "command": "jq '.favouriteColours[0] = \"blue\"' benchmark/data.json",
      "mean": 0.028278361035000005,
      "stddev": 0.001038204516744107,
      "median": 0.027906622105000004,
      "user": 0.023752685,
      "system": 0.0010914899999999999,
      "min": 0.027218587605000004,
      "max": 0.032443992605000006,
      "times": [
        0.028396111605000007,
        0.027942069605000005,
        0.027791260605000003,
        0.027703588605000003,
        0.029190089605,
        0.028052576605,
        0.027218587605000004,
        0.028775832605000006,
        0.028384199605000004,
        0.027855931605000005,
        0.027347258605000004,
        0.027756592605,
        0.028280844605000004,
        0.030629976605,
        0.029346513605000003,
        0.028026773605000003,
        0.027743435605000002,
        0.027521400605000003,
        0.028021626605000006,
        0.027509248605000005,
        0.031013826605000006,
        0.027464828605,
        0.027767075605,
        0.027942672605000007,
        0.029126536605000006,
        0.027751503605000002,
        0.028824896605,
        0.027910071605000007,
        0.030869917605,
        0.028770860605,
        0.027807949605000003,
        0.027671682605000004,
        0.027591343605000002,
        0.027534777605000005,
        0.028440033605,
        0.027576935605000002,
        0.027955583605000004,
        0.028337379605,
        0.027662441605000004,
        0.028786035605000006,
        0.028204611605000002,
        0.027776913605000005,
        0.027611055605000004,
        0.028371378605,
        0.030045056605000005,
        0.028444012605000003,
        0.027815869605000005,
        0.027726190605000003,
        0.027981098605,
        0.028048285605000004,
        0.027481572605000004,
        0.027348776605000003,
        0.027903172605000002,
        0.027894618605,
        0.032261993605000004,
        0.028173173605,
        0.028817647605000007,
        0.027857217605,
        0.028027931605000004,
        0.027925278605000003,
        0.027757781605,
        0.028340410605,
        0.027689591605000004,
        0.027679901605000005,
        0.027562368605000002,
        0.027534409605000004,
        0.027654449605000003,
        0.027766995605,
        0.027567470605,
        0.027551717605000005,
        0.027834943605000006,
        0.027744251605000003,
        0.029457512605000003,
        0.028746123605000003,
        0.028804752605,
        0.028639539605000004,
        0.029378036605,
        0.028061325605000003,
        0.027439132605000003,
        0.03126117960500001,
        0.027878264605000005,
        0.029682146605000004,
        0.027638038605,
        0.028060113605000003,
        0.027474963605000003,
        0.027922307605000005,
        0.03139779460500001,
        0.028756583605,
        0.028459824605000007,
        0.028380642605000003,
        0.032443992605000006,
        0.027570796605000003,
        0.027560367605000004,
        0.027828209605000005,
        0.027560058605000003,
        0.027873962605,
        0.027439554605000003,
        0.028267274605,
        0.027290289605000004,
        0.027862893605000005
      ]
    },
    {
      "command": "yq --yaml-output '.favouriteColours[0] = \"blue\"' benchmark/data.yaml",
      "mean": 0.12732136814500003,
      "stddev": 0.0018604341093356048,
      "median": 0.126788498105,
      "user": 0.100891325,
      "system": 0.022355210000000007,
      "min": 0.12460884460500002,
      "max": 0.13188069560500001,