{
  "results": [
    {
      "command": "dasel put string -f benchmark/data.json -o - '.favouriteColours.[0]' blue",
      "mean": 0.011852369169999996,
      "stddev": 0.0007791324196947565,
      "median": 0.011667349389999998,
      "user": 0.007292285000000001,
      "system": 0.0033187849999999994,
      "min": 0.010936458389999997,
      "max": 0.01644736739,
      "times": [
        0.011831927389999998,
        0.011799289389999999,
        0.011894559389999998,
        0.011644758389999997,
        0.011782732389999998,
        0.011443191389999998,
        0.011687772389999998,
        0.011619384389999998,
        0.011661735389999997,
        0.011402354389999998,
        0.011331199389999998,
        0.012069472389999997,
        0.011400734389999998,
        0.011631061389999997,
        0.014945648389999998,
        0.012106748389999998,
        0.012109848389999997,
        0.013220284389999998,
        0.011542274389999998,
        0.011541751389999997,
        0.011444345389999997,
        0.011805303389999997,
        0.012023216389999997,
        0.011301357389999997,
        0.011465146389999998,
        0.011248171389999997,
        0.011799874389999998,
        0.011404071389999998,
        0.011570204389999998,
        0.012263136389999998,
        0.011702569389999997,
        0.012153125389999998,
        0.012088202389999999,
        0.011668157389999998,
        0.011807002389999998,
        0.012222899389999998,
        0.011529230389999997,
        0.011990093389999998,
        0.011434679389999997,
        0.011658107389999998,
        0.011835650389999997,
        0.011527613389999998,
        0.011747018389999997,
        0.011392499389999998,
        0.011906496389999998,
        0.012286415389999998,
        0.012639768389999998,
        0.011425940389999998,
        0.011967859389999998,
        0.011510564389999998,
        0.011849866389999998,
        0.011604281389999999,
        0.011154441389999999,
        0.012400120389999998,
        0.01644736739,
        0.012357032389999998,
        0.011273841389999997,
        0.011805357389999998,
        0.011538943389999997,
        0.011666541389999998,
        0.011333003389999997,
        0.011914036389999999,
        0.011552985389999998,
        0.010936458389999997,
        0.011794688389999999,
        0.011922584389999998,
        0.012007720389999997,
        0.011207751389999998,
        0.011726518389999998,
        0.011287323389999998,
        0.011947684389999998,
        0.012479152389999998,
        0.011438244389999998,
        0.011626931389999998,
        0.011235243389999998,
        0.014281268389999999,
        0.011822140389999998,
        0.011312220389999997,
        0.012259358389999997,
        0.011962420389999997,
        0.011479246389999998,
        0.011492816389999997,
        0.011400308389999997,
        0.011382146389999999,
        0.011982051389999998,
        0.011722927389999999,
        0.011620472389999997,
        0.011174431389999998,
        0.011553686389999998,
        0.011583260389999997,
        0.011746411389999998,
        0.011511477389999998,
        0.011246094389999997,
        0.012078026389999998,
        0.011456878389999998,
        0.01481464139,
        0.01252670339,
        0.011605261389999998,
        0.011429562389999998,
        0.011799539389999997
      ]
    },
    {
      "command": "jq '.favouriteColours[0] = \"blue\"' benchmark/data.json",
      "mean": 0.027367063379999997,
      "stddev": 0.0021613692517624353,
      "median": 0.02658746889,
      "user": 0.024743275000000002,
      "system": 0.0008717450000000002,
      "min": 0.02582284339,
      "max": 0.037015820389999995,
      "times": [
        0.02620143439,
        0.02606777239,
        0.02663093939,
        0.02645051239,
        0.02625954339,
        0.02634594939,
        0.02688798739,
        0.02707640039,
        0.028464938390000003,
        0.02631475839,
        0.02664211939,
        0.027312122390000002,
        0.030903090390000002,
        0.02638795639,
        0.02900777639,
        0.02607654239,
        0.02740426339,
        0.02663882539,
        0.02608252239,
        0.02731088939,
        0.026281477390000002,
        0.02621227239,
        0.02666472739,
        0.02787731039,
        0.02698405939,
        0.02739223739,
        0.02634053839,
        0.02629253339,
        0.02746094839,
        0.02692232939,
        0.02633316439,
        0.02635833939,
        0.02631601439,
        0.02656340239,
        0.02682911339,
        0.02592258939,
        0.025895917390000002,
        0.02738244339,
        0.02707963839,
        0.02792124139,
        0.02613796139,
        0.02637043739,
        0.026082778390000002,
        0.02701007839,
        0.02633322439,
        0.02906878439,
        0.02652910039,
        0.026528854390000002,
        0.02642171439,
        0.02636294939,
        0.02643202439,
        0.02668468539,
        0.02631399839,
        0.026331783390000002,
        0.02623632539,
        0.02658689439,
        0.02692517439,
        0.02744770439,
        0.02620862039,
        0.02619020139,
        0.02646096039,
        0.026457660390000002,
        0.026037811390000002,
        0.02698536039,
        0.02667050039,
        0.02611545539,
        0.02658993939,
        0.02626798339,
        0.02620360839,
        0.02682732939,
        0.02651319439,
        0.026945229390000002,
        0.02689283039,
        0.02737522339,
        0.02650771339,
        0.02658804339,
        0.02642719839,
        0.02692783139,
        0.02582284339,
        0.02704129939,
        0.02719951639,
        0.02632549339,
        0.02617918939,
        0.02677947739,
        0.026362947390000002,
        0.02647826039,
        0.02703019439,
        0.02614107739,
        0.02644680339,
        0.02748465239,
        0.033059105389999996,
        0.03346644839,
        0.029943014389999998,
        0.03135675239,
        0.03425655639,
        0.03499684039,
        0.037015820389999995,
        0.03486959939,
        0.03211359939,
        0.029843037390000004
      ]
    },
    {
      "command": "yq --yaml-output '.favouriteColours[0] = \"blue\"' benchmark/data.yaml",
      "mean": 0.13387893939000003,
      "stddev": 0.004239457964999002,
      "median": 0.13323020789,
      "user": 0.10821480500000004,
      "system": 0.024566414999999998,
      "min": 0.12624951239,
      "max": 0.14817911339,