{
  "results": [
    {
      "command": "dasel put string -f benchmark/data.json -o - '.favouriteColours.[0]' blue",
      "mean": 0.007531013630000004,
      "stddev": 0.00034954520759746747,
      "median": 0.007450751500000003,
      "user": 0.003606605000000001,
      "system": 0.0022306799999999996,
      "min": 0.007038094500000003,
      "max": 0.009375680500000002,
      "times": [
        0.007498477500000003,
        0.007129347500000003,
        0.007848204500000002,
        0.007573744500000002,
        0.007293458500000002,
        0.007327497500000002,
        0.007167845500000002,
        0.007377070500000003,
        0.007381321500000003,
        0.007400819500000003,
        0.007404769500000002,
        0.007285456500000002,
        0.007440384500000003,
        0.007121565500000003,
        0.007435604500000003,
        0.0074864295000000025,
        0.0073944525000000025,
        0.007508242500000003,
        0.007299058500000002,
        0.007236382500000003,
        0.0075908645000000025,
        0.007158359500000003,
        0.007359648500000003,
        0.008631050500000003,
        0.007540362500000003,
        0.007606215500000003,
        0.008281081500000002,
        0.007355174500000002,
        0.007290712500000003,
        0.007399556500000003,
        0.007611474500000003,
        0.007381174500000002,
        0.007310173500000003,
        0.007577423500000003,
        0.008098778500000002,
        0.007784883500000003,
        0.007618979500000003,
        0.007320060500000003,
        0.007528455500000003,
        0.007144159500000002,
        0.007364174500000003,
        0.007261818500000003,
        0.007468745500000002,
        0.007899547500000003,
        0.007378678500000003,
        0.007402887500000002,
        0.007431994500000002,
        0.007038094500000003,
        0.007354322500000003,
        0.0070908965000000025,
        0.007290698500000003,
        0.007595630500000002,
        0.008456894500000003,
        0.007477194500000003,
        0.007336601500000003,
        0.007449687500000003,
        0.007808423500000003,
        0.007451815500000002,
        0.007717348500000002,
        0.007324645500000003,
        0.007585077500000002,
        0.008494760500000002,
        0.007301026500000002,
        0.007319442500000002,
        0.007686517500000002,
        0.007504716500000003,
        0.007572615500000003,
        0.007355877500000002,
        0.007247100500000003,
        0.007429708500000003,
        0.007214355500000002,
        0.007559420500000002,
        0.007391528500000003,
        0.007650052500000002,
        0.007453566500000003,
        0.007803128500000003,
        0.007709948500000003,
        0.007839751500000002,
        0.007637296500000003,
        0.007567869500000003,
        0.007475472500000002,
        0.007393089500000002,
        0.009375680500000002,
        0.007308318500000003,
        0.008308001500000002,
        0.0074732565000000025,
        0.007345488500000002,
        0.007561689500000003,
        0.007263739500000003,
        0.007172878500000002,
        0.007601668500000002,
        0.007537954500000003,
        0.008068227500000002,
        0.007932539500000002,
        0.007630894500000002,
        0.007659057500000002,
        0.007382736500000002,
        0.007202589500000002,
        0.007746172500000002,
        0.007539324500000003
      ]
    },
    {
      "command": "jq '.favouriteColours[0] = \"blue\"' benchmark/data.json",
      "mean": 0.026135673580000005,
      "stddev": 0.0016362902746213884,
      "median": 0.025769952500000002,
      "user": 0.02387565500000001,
      "system": 0.0007621899999999993,
      "min": 0.0248163695,
      "max": 0.035892900500000005,
      "times": [
        0.025015472500000004,
        0.0254598265,
        0.026534380500000003,
        0.026078680500000003,
        0.0255347265,
        0.025288313500000003,
        0.0254755855,
        0.026939286500000003,
        0.0266025125,
        0.026257547500000002,
        0.025600648500000003,
        0.0255476235,
        0.025913348500000002,
        0.0254537635,
        0.0258002095,
        0.025669050500000002,
        0.025406200500000004,
        0.0259268255,
        0.025179120500000002,
        0.025463784500000003,
        0.025974350500000003,
        0.026138769500000002,
        0.026153426500000004,
        0.0257065985,
        0.0259731425,
        0.027824941500000002,
        0.025651903500000003,
        0.0259895805,
        0.0256253705,
        0.0257507075,
        0.0252620235,
        0.0259139915,
        0.0257673575,
        0.0259642315,
        0.0253121335,
        0.025572228500000002,
        0.0251955635,
        0.0252013815,
        0.025966335500000003,
        0.0254620415,
        0.028060848500000003,
        0.035892900500000005,
        0.0352665515,
        0.031128133500000002,
        0.0278323645,
        0.025327501500000002,
        0.025997132500000002,
        0.0252866625,
        0.0256612805,
        0.025247512500000003,
        0.0248163695,
        0.026246559500000002,
        0.026541422500000002,
        0.0249607935,
        0.025001237500000002,
        0.0263257515,
        0.0259566845,
        0.025565952500000003,
        0.0255468925,
        0.0265266715,
        0.026950649500000003,
        0.0261513685,
        0.025772547500000003,
        0.026071391500000003,
        0.026180777500000002,
        0.025027167500000003,
        0.025513577500000002,
        0.0257437525,
        0.0254650735,
        0.0258064915,
        0.0254604275,
        0.0255315945,
        0.0256425735,
        0.025813856500000003,
        0.0255956845,
        0.0256022625,
        0.025881219500000004,
        0.0286450065,
        0.0255819535,
        0.0260405985,
        0.025454891500000004,
        0.025750979500000003,
        0.0260541525,
        0.026125170500000003,
        0.0260581725,
        0.0251728365,
        0.025495014500000003,
        0.025229945500000003,
        0.025000221500000003,
        0.0257962265,
        0.026115301500000004,
        0.0255260045,
        0.025203369500000003,
        0.0258143225,
        0.0260617455,
        0.027640104500000002,
        0.029579559500000005,
        0.0257868155,
        0.0260302905,
        0.0264520505
      ]
    },
    {
      "command": "yq --yaml-output '.favouriteColours[0] = \"blue\"' benchmark/data.yaml",
      "mean": 0.11910892674000001,
      "stddev": 0.0027313791991403994,
      "median": 0.11889076950000001,
      "user": 0.09826680500000001,
      "system": 0.02043242999999999,
      "min": 0.1136626005,
      "max": 0.1287089585,