{
  "results": [
    {
      "command": "dasel put string -f benchmark/data.json -o - '.favouriteColours.[0]' blue",
      "mean": 0.007508638084999998,
      "stddev": 0.0002803180885038857,
      "median": 0.007450679435000001,
      "user": 0.003609049999999999,
      "system": 0.0022459199999999998,
      "min": 0.0070370214350000005,
      "max": 0.008443476435000001,
      "times": [
        0.0076178104350000005,
        0.007705934435000001,
        0.0074655294350000016,
        0.007678978435000001,
        0.007334780435,
        0.007432288435000002,
        0.007451802435000002,
        0.007231475435000001,
        0.0072594874350000015,
        0.007314559435000001,
        0.007382384435,
        0.007367562435000001,
        0.0071508374350000015,
        0.007283555435,
        0.007041715435,
        0.007304822435,
        0.007494788435,
        0.007663557435000001,
        0.007641593435000002,
        0.007287655435,
        0.007350644435000001,
        0.0074139844350000015,
        0.007236122435000001,
        0.007637029435000001,
        0.007399818435,
        0.007244773435000001,
        0.007442073435000002,
        0.007139215435,
        0.007416668435000001,
        0.007227734435000001,
        0.007283354435,
        0.007566451435000001,
        0.007143655435,
        0.007302962435000001,
        0.007424879435,
        0.007059323435000001,
        0.007280272435,
        0.007257456435,
        0.007488229435,
        0.007273684435,
        0.007085850435000001,
        0.007361746435,
        0.0070370214350000005,
        0.007605696435000002,
        0.007702077435000001,
        0.008443476435000001,
        0.007967252435,
        0.007548343435,
        0.0072441524350000015,
        0.007563686435000001,
        0.007226368435000002,
        0.007944369435000001,
        0.007799327435000001,
        0.007606954435,
        0.007450458435000001,
        0.007415868435,
        0.007953962435000001,
        0.008023463435000001,
        0.007450900435000001,
        0.007404744435000001,
        0.007428661435000001,
        0.0071884284350000015,
        0.007381340435000001,
        0.0075073424350000015,
        0.0076684604350000015,
        0.007831137435000001,
        0.007572000435,
        0.008005039435000002,
        0.007791804435000001,
        0.007557155435000001,
        0.0075509974350000016,
        0.007739294435,
        0.007593599435000001,
        0.007596248435000001,
        0.007270557435000002,
        0.007636971435000001,
        0.0072560914350000005,
        0.007366560435000001,
        0.007488224435000001,
        0.007609103435,
        0.008169371435000001,
        0.007802730435,
        0.007276095435000001,
        0.0073820654350000015,
        0.007947708435,
        0.008116103435,
        0.007899633435000001,
        0.007590123435,
        0.007484709435,
        0.007371852435000001,
        0.007375467435000001,
        0.007602120435000002,
        0.007929619435,
        0.007629771435000002,
        0.007614383435,
        0.007449863435000001,
        0.008421779435,
        0.007662364435000001,
        0.007141660435000001,
        0.007422193435
      ]
    },
    {
      "command": "jq '.favouriteColours[0] = \"blue\"' benchmark/data.json",
      "mean": 0.025858179595000003,
      "stddev": 0.0006591467484657602,
      "median": 0.025679929435000002,
      "user": 0.02368254000000001,
      "system": 0.0007183700000000003,
      "min": 0.024843303435000005,
      "max": 0.028544036435000003,
      "times": [
        0.026183011435,
        0.025651891435000004,
        0.024843303435000005,
        0.025574436435,
        0.028544036435000003,
        0.026783189435,
        0.027277531435000002,
        0.025997551435000002,
        0.025601870435,
        0.025887300435000003,
        0.025255610435,
        0.025700034435000005,
        0.026346639435,
        0.025349887435000003,
        0.025105706435,
        0.025703864435,
        0.025543716435000002,
        0.026031611435000004,
        0.025614595435000005,
        0.025746980435000004,
        0.025114281435000003,
        0.026016635435000005,
        0.027376616435,
        0.025723366435,
        0.025580205435000003,
        0.026101829435,
        0.025834831435000004,
        0.025524826435000002,
        0.025782646435,
        0.025163152435000002,
        0.025354468435,
        0.025428390435000003,
        0.026550242435000003,
        0.026552859435,
        0.025456639435000004,
        0.025629748435000002,
        0.025001560435,
        0.025441580435,
        0.025225137435000003,
        0.026885720435000003,
        0.026426182435,
        0.026217529435000005,
        0.025416173435,
        0.024947275435,
        0.026212888435000005,
        0.025648307435000003,
        0.025885809435000004,
        0.025990295435000005,
        0.025750732435,
        0.025412246435,
        0.026004199435,
        0.025883455435,
        0.025489198435,
        0.025524069435000005,
        0.025526668435000004,
        0.026063832435000003,
        0.024932440435,
        0.026829966435000005,
        0.026156585435000004,
        0.025316616435,
        0.025129298435000003,
        0.026254780435,
        0.025244169435000005,
        0.025108629435,
        0.026134726435000005,
        0.026015919435,
        0.025675612435,
        0.025539354435,
        0.025676446435,
        0.025639569435000002,
        0.025515257435,
        0.025601078435,
        0.026890626435000002,
        0.026150814435000003,
        0.026836378435000002,
        0.026523009435,
        0.025899513435,
        0.025310970435000003,
        0.025392891435000002,
        0.025951337435,
        0.025698723435,
        0.028493339435,
        0.026489222435,
        0.025965324435,
        0.025672128435000004,
        0.026312290435000003,
        0.025616139435000004,
        0.026399886435,
        0.025577256435,
        0.024854192435000005,
        0.025430389435,
        0.025607375435000003,
        0.026882884435000004,
        0.025364338435,
        0.025683412435000004,
        0.025260199435000005,
        0.025386919435000002,
        0.025423268435,
        0.026178974435000002,
        0.026909330435000003
      ]
    },
    {
      "command": "yq --yaml-output '.favouriteColours[0] = \"blue\"' benchmark/data.yaml",
      "mean": 0.12970497147499999,
      "stddev": 0.008538424496026518,
      "median": 0.13097918593500002,
      "user": 0.10702374999999999,
      "system": 0.02218568999999999,
      "min": 0.113117209435,
      "max": 0.16429576443500002,