{
  "results": [
    {
      "command": "daselv2 put -f benchmark/data.json -t string -v 'blue' -o - 'favouriteColours.[0]'",
      "mean": 0.006574598319999999,
      "stddev": 0.0002567829726151101,
      "median": 0.006507481229999999,
      "user": 0.003468090000000002,
      "system": 0.001919109999999999,
      "min": 0.0060936412299999985,
      "max": 0.0073594002299999985,
      "times": [
        0.006508482229999999,
        0.00667546223,
        0.0070476082299999986,
        0.00658238823,
        0.006416818229999999,
        0.007076544229999999,
        0.00644592823,
        0.006498118229999999,
        0.006772679229999998,
        0.00653950423,
        0.006447516229999999,
        0.006428137229999999,
        0.0065064802299999985,
        0.00630173723,
        0.006444141229999999,
        0.00671026223,
        0.006686136229999999,
        0.006752340229999999,
        0.006709370229999999,
        0.006816884229999999,
        0.007300495229999999,
        0.006614820229999999,
        0.00671437823,
        0.006477968229999999,
        0.006465355229999999,
        0.00670829823,
        0.006676275229999999,
        0.006331348229999999,
        0.00623990923,
        0.006823571229999999,
        0.006398838229999999,
        0.006514375229999999,
        0.006355667229999999,
        0.006181164229999999,
        0.00663012323,
        0.0072106312299999985,
        0.00670738123,
        0.006669443229999999,
        0.006284765229999999,
        0.00632453023,
        0.006371354229999999,
        0.00629729823,
        0.0063768672299999996,
        0.006166249229999999,
        0.0064860632299999985,
        0.0066769792299999995,
        0.00648823623,
        0.006977415229999999,
        0.006338235229999999,
        0.00625367223,
        0.006498987229999999,
        0.00696681423,
        0.00654343223,
        0.006321695229999999,
        0.00647472323,
        0.006673124229999999,
        0.00668090423,
        0.00643350023,
        0.00654756223,
        0.00649328823,
        0.0063800132299999986,
        0.006323642229999999,
        0.006368507229999999,
        0.00639039923,
        0.006304803229999999,
        0.007064060229999999,
        0.0070125022299999985,
        0.006231804229999999,
        0.00631734623,
        0.00644078723,
        0.0062989022299999985,
        0.006499539229999999,
        0.006852715229999999,
        0.0064666942299999985,
        0.007033320229999999,
        0.0073594002299999985,
        0.006565490229999998,
        0.006794377229999999,
        0.00627824223,
        0.0066632262299999995,
        0.006373599229999999,
        0.00646909423,
        0.006271544229999999,
        0.0064087832299999994,
        0.00661281123,
        0.006790426229999999,
        0.006676818229999999,
        0.006312856229999999,
        0.006454350229999999,
        0.006629442229999999,
        0.006737081229999999,
        0.00708443923,
        0.006822252229999999,
        0.0064669282299999985,
        0.006879202229999999,
        0.006686017229999999,
        0.00664213923,
        0.0060936412299999985,
        0.006579762229999999,
        0.006760592229999999
      ]
    },
    {
      "command": "dasel put string -f benchmark/data.json -o - '.favouriteColours.[0]' blue",
      "mean": 0.00951898981,
      "stddev": 0.0017225102963251645,
      "median": 0.00854833073,
      "user": 0.004997020000000001,
      "system": 0.003031049999999998,
      "min": 0.008015123229999999,
      "max": 0.01287717023,
      "times": [
        0.00821318523,
        0.00894063423,
        0.00876873223,
        0.00888657123,
        0.00911273723,
        0.01125576623,
        0.012431395230000001,
        0.012192480229999999,
        0.012503209230000001,
        0.012336281230000001,
        0.011628729229999999,
        0.012152274230000001,
        0.01231120923,
        0.012016926229999999,
        0.01242725123,
        0.012324456230000001,
        0.01206357623,
        0.012365973229999999,
        0.012784075229999999,
        0.01270946423,
        0.01260855023,
        0.012829796230000001,
        0.01251797723,
        0.01181978323,
        0.01267650223,
        0.012214772229999999,
        0.01200814723,
        0.01256976623,
        0.01255546323,
        0.01190315323,
        0.01287717023,
        0.01136526123,
        0.008957634229999999,
        0.00929474223,
        0.00950400023,
        0.008707574229999999,
        0.008323313229999999,
        0.008269586229999999,
        0.008528736229999999,
        0.008256986229999999,
        0.00811713523,
        0.008334235229999999,
        0.00874261623,
        0.00932214923,
        0.00846270823,
        0.008244466229999999,
        0.00838076623,
        0.008200653229999999,
        0.008305744229999999,
        0.00824571023,
        0.00907160523,
        0.008437339229999999,
        0.00818395123,
        0.008185578229999999,
        0.00841649823,
        0.00845421023,
        0.008515226229999999,
        0.00844964423,
        0.008417066229999999,
        0.008494160229999999,
        0.008153554229999999,
        0.00814737923,
        0.008511383229999999,
        0.008565272229999999,
        0.00967279823,
        0.008341950229999999,
        0.008015123229999999,
        0.00855768023,
        0.00864674023,
        0.00842890423,
        0.008480120229999999,
        0.008282252229999999,
        0.00830620423,
        0.008503487229999999,
        0.00868239123,
        0.008546387229999999,
        0.008408158229999999,
        0.00832261923,
        0.00806083323,
        0.00821423223,
        0.00854229323,
        0.00856298623,
        0.008247696229999999,
        0.00832277523,
        0.00861195123,
        0.008564946229999999,
        0.008315726229999999,
        0.008485519229999999,
        0.008498016229999999,
        0.00855027423,
        0.008265312229999999,
        0.00804678123,
        0.008601419229999999,
        0.008550365229999999,
        0.00833349823,
        0.00811315023,
        0.00854384823,
        0.00910500823,
        0.008357236229999999,
        0.008237400229999999
      ]
    },
    {
      "command": "jq '.favouriteColours[0] = \"blue\"' benchmark/data.json",
      "mean": 0.02846197351,
      "stddev": 0.0012764748490390692,
      "median": 0.027919681230000003,
      "user": 0.023889290000000004,
      "system": 0.0011117999999999998,
      "min": 0.027330357229999998,
      "max": 0.03306570423,