{
  "results": [
    {
      "command": "dasel put string -f benchmark/data.json -o - '.favouriteColours.[0]' blue",
      "mean": 0.009445308045000005,
      "stddev": 0.0007292290390488721,
      "median": 0.009324446845,
      "user": 0.0062667700000000005,
      "system": 0.0020951299999999993,
      "min": 0.008159100845000001,
      "max": 0.011087532845000001,
      "times": [
        0.010197910845000002,
        0.010072868845000001,
        0.010198204845000001,
        0.009657720845000002,
        0.009529709845000001,
        0.010545411845000002,
        0.009375509845000001,
        0.008836752845000002,
        0.008827761845,
        0.008948328845,
        0.009352321845,
        0.009262953845000001,
        0.009771328845000002,
        0.009040932845000002,
        0.008768743845000001,
        0.008910704845,
        0.009033777845000002,
        0.010210760845000002,
        0.009921017845000001,
        0.009505132845000002,
        0.010400696845000001,
        0.010471873845000002,
        0.009860302845000002,
        0.009287854845000002,
        0.009279019845000002,
        0.009273524845,
        0.008957028845000001,
        0.009424409845000002,
        0.010595336845,
        0.010733681845,
        0.009999817845000002,
        0.010254223845000002,
        0.011087532845000001,
        0.010701935845000001,
        0.010407074845000001,
        0.010706709845000002,
        0.010404481845,
        0.010889897845000001,
        0.010297779845000002,
        0.010482533845000001,
        0.010068277845000001,
        0.010347537845000001,
        0.010512341845000002,
        0.010488486845000002,
        0.010323054845000002,
        0.010323257845000001,
        0.010261782845000001,
        0.010303558845000001,
        0.010038005845000001,
        0.009986612845000001,
        0.009476355845000001,
        0.008854283845000002,
        0.008981590845000002,
        0.008918659845000001,
        0.009351960845000002,
        0.008729260845000001,
        0.008578638845000002,
        0.008989127845000002,
        0.008932701845000002,
        0.009396608845000001,
        0.009216751845000001,
        0.009871998845000002,
        0.010223433845000001,
        0.009452330845,
        0.009258671845000002,
        0.008847817845000001,
        0.009348795845,
        0.008806656845000002,
        0.008343995845000002,
        0.008331581845000002,
        0.008229105845000001,
        0.008178973845000001,
        0.009098674845000002,
        0.008876640845000002,
        0.008483771845000002,
        0.008547328845000002,
        0.008911367845000002,
        0.008948731845000002,
        0.009275517845000001,
        0.008750333845000001,
        0.008625605845000002,
        0.009032649845,
        0.009076856845000002,
        0.009071295845,
        0.008877635845,
        0.009382151845,
        0.008576262845000002,
        0.008560025845000001,
        0.008363921845000002,
        0.008814008845000002,
        0.009365529845000001,
        0.008843127845000001,
        0.008571726845,
        0.008159100845000001,
        0.008361415845000001,
        0.009556191845,
        0.009168743845,
        0.009692646845000001,
        0.009300097845,
        0.009783642845000001
      ]
    },
    {
      "command": "jq '.favouriteColours[0] = \"blue\"' benchmark/data.json",
      "mean": 0.025146739485,
      "stddev": 0.0007993066307256497,
      "median": 0.024979729345,
      "user": 0.02346073000000001,
      "system": 0.0000868088999999998,
      "min": 0.023615773845,
      "max": 0.028813740844999998,
      "times": [
        0.024813619845,
        0.024889040845,
        0.025360708845,
        0.024845704845,
        0.025392719845,
        0.024635592845000002,
        0.025921613845,
        0.025180895845000002,
        0.025581476845,
        0.025613680845,
        0.024283782845,
        0.024036204845,
        0.025793752845,
        0.025421935845,
        0.025013464845,
        0.026311191845,
        0.025802341845,
        0.025850822845,
        0.024679081845,
        0.024620469845,
        0.024574150845,
        0.024952994845,
        0.023685882845,
        0.026707473845,
        0.025949900845000002,
        0.024844091845,
        0.024763864845,
        0.025723666845,
        0.024354865845,
        0.025255758845,
        0.024692139845,
        0.024581260845,
        0.025222897845,
        0.025102235845,
        0.026473066845,
        0.024551037845000002,
        0.024913901845,
        0.025274247845,
        0.024678660845000002,
        0.024721907845000002,
        0.024732451845,
        0.026627524845,
        0.025152057845,
        0.025102910845,
        0.026494616845,
        0.024574316845,
        0.025563278845000002,
        0.024762272845,
        0.024321567845,
        0.024418647845000002,
        0.024779702845,
        0.026823651845,
        0.025896884845,
        0.025262881845,
        0.024452484845,
        0.024710170845,
        0.025719083845,
        0.025101074845,
        0.026724050845,
        0.024717178845,
        0.025188533845,
        0.024740445845,
        0.024484179845000002,
        0.025044162845000002,
        0.024276930845,
        0.024541433845000002,
        0.025006463845,
        0.025109502845,
        0.023975043845000002,
        0.027512390845,
        0.025744791845,
        0.025131006845,
        0.024405566845,
        0.025644633845,
        0.024898596845,
        0.026021519845,
        0.024810762845,
        0.025610565845000002,
        0.025520069845,
        0.024653015845,
        0.024861431845,
        0.024383445845,
        0.024362388845,
        0.024754042845,
        0.025409457845,
        0.024437635845,
        0.024845356845,
        0.028813740844999998,
        0.024411710845,
        0.025511754845,
        0.025685916845,
        0.024196382845,
        0.025637156845000002,
        0.026121227845,
        0.025219123845,
        0.025134670845000002,
        0.024437497845,
        0.023615773845,
        0.024800000845,
        0.024706686845
      ]
    },
    {
      "command": "yq --yaml-output '.favouriteColours[0] = \"blue\"' benchmark/data.yaml",
      "mean": 0.11181294371499995,
      "stddev": 0.002347809420281144,
      "median": 0.11170018734500001,
      "user": 0.09222630999999999,
      "system": 0.01880467999999999,
      "min": 0.10769974984500001,
      "max": 0.121903455845,