{
  "results": [
    {
      "command": "dasel put string -f benchmark/data.json -o - '.favouriteColours.[0]' blue",
      "mean": 0.010317136035,
      "stddev": 0.0012798216827299407,
      "median": 0.010106177174999998,
      "user": 0.006468980000000001,
      "system": 0.0026114599999999986,
      "min": 0.009122422174999999,
      "max": 0.021444994175,
      "times": [
        0.009818641175,
        0.010091325174999999,
        0.010436687174999999,
        0.010436779174999999,
        0.009792255175,
        0.009903146175,
        0.009663942174999999,
        0.010286827174999999,
        0.010707226174999999,
        0.011371097174999999,
        0.011300500175,
        0.011334878175,
        0.011185328175,
        0.011042476175,
        0.010563269174999999,
        0.009774341175,
        0.009708200174999999,
        0.009972902175,
        0.010577521175,
        0.010249010175,
        0.009667219175,
        0.009530957175,
        0.009817610175,
        0.010040488174999999,
        0.010539612175,
        0.010086816174999999,
        0.009793017175,
        0.009995912175,
        0.010017697175,
        0.010037604175,
        0.010193958175,
        0.010033037174999999,
        0.009611431174999999,
        0.009484408175,
        0.009526849175,
        0.009541929175,
        0.010229541174999999,
        0.010361868175,
        0.009871713175,
        0.009916514175,
        0.009819017175,
        0.010361337174999999,
        0.010628878175,
        0.010939543175,
        0.009936722174999999,
        0.009568488174999999,
        0.009419377175,
        0.009955484175,
        0.011510786175,
        0.010401084175,
        0.009930173175,
        0.009459378175,
        0.009352954174999999,
        0.009636742174999999,
        0.009905511175,
        0.010443144175,
        0.010422861175,
        0.009652606175,
        0.009122422174999999,
        0.009560653175,
        0.009729910175,
        0.010295069175,
        0.009488312175,
        0.009519004175,
        0.009596591175,
        0.010565354175,
        0.010752360175,
        0.010201396175,
        0.010263577175,
        0.010191809175,
        0.010692859175,
        0.010599940175,
        0.009926520175,
        0.009559724175,
        0.009714713174999999,
        0.011051886175,
        0.010122631174999999,
        0.010245061175,
        0.021444994175,
        0.013042705174999999,
        0.010443772175,
        0.010121029174999999,
        0.010057418174999999,
        0.010507833175,
        0.010333302175,
        0.010401300175,
        0.010920802175,
        0.011300852174999999,
        0.011105741175,
        0.010554261175,
        0.010352364175,
        0.009663399175,
        0.010934477175,
        0.011637789175,
        0.010526184175,
        0.009930155175,
        0.009597657175,
        0.010066060174999999,
        0.010256556174999999,
        0.009456530175
      ]
    },
    {
      "command": "jq '.favouriteColours[0] = \"blue\"' benchmark/data.json",
      "mean": 0.026331408005,
      "stddev": 0.0018583530072068407,
      "median": 0.025908126675000004,
      "user": 0.02391291,
      "system": 0.0007517899999999993,
      "min": 0.024564065175,
      "max": 0.036736962175,
      "times": [
        0.026438855175,
        0.025989127175,
        0.024626696175,
        0.025962314175,
        0.026124911175,
        0.026478397175,
        0.026382340175,
        0.025053104175,
        0.026424217175,
        0.028717632175000004,
        0.026125165175,
        0.026470150175000002,
        0.026271200175000002,
        0.026005626175,
        0.027457915175,
        0.026419022175,
        0.026714513175,
        0.026134617175,
        0.026486033175,
        0.026258393175000002,
        0.026569015175000002,
        0.033451929175,
        0.036372559175,
        0.036736962175,
        0.031420294174999995,
        0.026900076175,
        0.025576767175,
        0.026438683175,
        0.025916635175,
        0.025541968175,
        0.025599232175,
        0.025588433175,
        0.025911333175000002,
        0.025798158175000002,
        0.025799711175,
        0.025162576175,
        0.025679630175,
        0.026312561175000002,
        0.025816259175,
        0.025479877175000002,
        0.025713741175,
        0.024885914175,
        0.027315900175,
        0.025682030175000002,
        0.025296843175,
        0.025868492175,
        0.025657144175,
        0.025633782175,
        0.025940631175,
        0.024564065175,
        0.026076869175,
        0.026639543175000002,
        0.026137391175,
        0.026723650175000002,
        0.025621705175000002,
        0.025453840175,
        0.025746000175000002,
        0.025450435175,
        0.025706499175,
        0.025217698175,
        0.027345776175,
        0.025315268175,
        0.025779204175,
        0.025345906175000002,
        0.026139312175000002,
        0.025825375175,
        0.025411321175,
        0.025921900175000002,
        0.025555939175,
        0.025577262175,
        0.026390822175000002,
        0.025474448175,
        0.025749501175,
        0.025643806175000002,
        0.025562962175000002,
        0.025404427175,
        0.025660729175,
        0.027017257175,
        0.027162602175,
        0.026188207175000002,
        0.026481168175,
        0.025886923175,
        0.025415430175,
        0.025938682175,
        0.025338358175,
        0.025834172175,
        0.026428449175,
        0.026877758175000002,
        0.025480583175,
        0.025182049175000002,
        0.028340446175000002,
        0.025437318175,
        0.025759772175,
        0.027145448175,
        0.025979400175,
        0.026730401175,
        0.025904920175000002,
        0.025109527175,
        0.025515090175,
        0.025937808175
      ]
    },
    {
      "command": "yq --yaml-output '.favouriteColours[0] = \"blue\"' benchmark/data.yaml",
      "mean": 0.11683036409500006,
      "stddev": 0.009061223187232471,
      "median": 0.113903207675,
      "user": 0.09556373000000003,
      "system": 0.02040301,
      "min": 0.10944706517500001,
      "max": 0.153162209175,