{
  "results": [
    {
      "command": "dasel put -f benchmark/data.json -t string -v 'blue' -o - 'favouriteColours.[0]'",
      "mean": 0.006998191360000004,
      "stddev": 0.0006624734956297394,
      "median": 0.006759010710000001,
      "user": 0.0035389199999999997,
      "system": 0.002035389999999999,
      "min": 0.006428436210000001,
      "max": 0.00943279521,
      "times": [
        0.00723610421,
        0.00668321321,
        0.0068248402100000004,
        0.00652781021,
        0.006576045210000001,
        0.006755527210000001,
        0.00677222421,
        0.007206658210000001,
        0.006823982210000001,
        0.0068838732100000005,
        0.00692332321,
        0.007303303210000001,
        0.006563403210000001,
        0.006428436210000001,
        0.006670180210000001,
        0.007219463210000001,
        0.007037862210000001,
        0.006525945210000002,
        0.0066053792100000015,
        0.006591739210000001,
        0.006719192210000001,
        0.00662440421,
        0.006764183210000002,
        0.00674329421,
        0.00662041321,
        0.00668105821,
        0.006590773210000001,
        0.0065302072100000014,
        0.006569199210000001,
        0.006985084210000001,
        0.006764104210000002,
        0.006675721210000001,
        0.00650558021,
        0.006685812210000001,
        0.00656893421,
        0.007103537210000002,
        0.0070481022100000006,
        0.006573079210000001,
        0.006762494210000001,
        0.006712916210000001,
        0.006786528210000002,
        0.006649136210000002,
        0.006438082210000001,
        0.006600712210000002,
        0.007037267210000002,
        0.007412193210000001,
        0.0066693512100000005,
        0.006724659210000001,
        0.006722909210000001,
        0.007211182210000002,
        0.006984458210000001,
        0.006544846210000002,
        0.00658978321,
        0.006621744210000001,
        0.00726296721,
        0.006771472210000001,
        0.006985590210000002,
        0.0067039562100000005,
        0.006790465210000001,
        0.00653058221,
        0.006435448210000002,
        0.0066999552100000005,
        0.00671077921,
        0.006480616210000002,
        0.006725556210000001,
        0.0068507742100000005,
        0.006751030210000002,
        0.007061333210000001,
        0.0066167482100000004,
        0.00650360621,
        0.006483534210000001,
        0.0066428252100000015,
        0.0066835062100000005,
        0.007455484210000002,
        0.008124638210000002,
        0.00787341721,
        0.00906846621,
        0.00916773421,
        0.008590647210000002,
        0.009032552210000001,
        0.00943279521,
        0.00886217121,
        0.007898700210000002,
        0.00707203321,
        0.008657840210000002,
        0.008772488210000002,
        0.00773415021,
        0.006667887210000001,
        0.006500443210000002,
        0.006647120210000001,
        0.006815894210000001,
        0.006903874210000001,
        0.00699787921,
        0.007175394210000002,
        0.007076567210000001,
        0.00682700921,
        0.0066867902100000015,
        0.006875880210000001,
        0.006953608210000002,
        0.006876668210000001
      ]
    },
    {
      "command": "jq '.favouriteColours[0] = \"blue\"' benchmark/data.json",
      "mean": 0.030304743740000008,
      "stddev": 0.0032072786252638355,
      "median": 0.02977362571,
      "user": 0.025112829999999996,
      "system": 0.0013598300000000002,
      "min": 0.02750598421,
      "max": 0.05494447921,
      "times": [
        0.032342242210000004,
        0.03104699321,
        0.03144040921,
        0.03165816021,
        0.030753860209999997,
        0.029306180209999998,
        0.029426935209999998,
        0.02832189021,
        0.02776672921,
        0.02948277621,
        0.029978101210000004,
        0.02960160721,
        0.029634567210000004,
        0.029229445210000003,
        0.028152797210000004,
        0.02846820721,
        0.02857438221,
        0.02839234921,
        0.02975336321,
        0.02771032621,
        0.05494447921,
        0.04302709821,
        0.03343367221,
        0.03353191321,
        0.03383147921,
        0.03990062921,
        0.030177847209999997,
        0.03062786721,
        0.03174493221,
        0.029384314209999998,
        0.030092117209999998,
        0.030866917210000004,
        0.029956625210000004,
        0.02948351521,
        0.02999428621,
        0.030288556209999998,
        0.03017649521,
        0.030831589210000003,
        0.029307537209999998,
        0.03013126921,
        0.030243445209999997,
        0.03017333621,
        0.03003211521,
        0.03044878721,
        0.03072403421,
        0.02919028721,
        0.03041368321,
        0.02965106821,
        0.030060730209999997,
        0.03028554621,
        0.03011557621,
        0.028938115210000004,
        0.029971143210000002,
        0.030395812209999998,
        0.02955712421,
        0.029519059210000004,
        0.02952789921,
        0.02938940221,
        0.03098281721,
        0.02979388821,
        0.029510466210000003,
        0.030432609210000003,
        0.029316072210000002,
        0.03047457721,
        0.030788202210000004,
        0.030784330210000002,
        0.028689352209999998,
        0.02968331221,
        0.029845046210000004,
        0.02948581921,
        0.029610902209999998,
        0.031034775210000004,
        0.02989402621,
        0.030893261210000002,
        0.030610605210000003,
        0.029742813210000003,
        0.03169618121,
        0.030190453210000003,
        0.028771046209999998,
        0.03020569421,
        0.03016223221,
        0.02903939421,
        0.030536777209999998,
        0.028617178210000004,
        0.029109521210000003,
        0.02960351521,
        0.02813015821,
        0.02750598421,
        0.02761258321,
        0.028594687209999997,
        0.02795228921,
        0.02886736821,
        0.02841899221,
        0.029128751209999998,
        0.02915997421,
        0.02892068221,
        0.029246687210000004,
        0.029304651209999998,
        0.028214020210000003,
        0.028501049210000004
      ]
    },
    {
      "command": "yq --yaml-output '.favouriteColours[0] = \"blue\"' benchmark/data.yaml",
      "mean": 0.12860381069000004,
      "stddev": 0.005743641522524468,
      "median": 0.12712938821,
      "user": 0.10158276999999999,
      "system": 0.02284353000000001,
      "min": 0.12519277221,
      "max": 0.17117763121000001,