{
  "results": [
    {
      "command": "dasel put string -f benchmark/data.json -o - '.favouriteColours.[0]' blue",
      "mean": 0.007688692745000002,
      "stddev": 0.00036178244981612516,
      "median": 0.0075684596950000025,
      "user": 0.0036705349999999986,
      "system": 0.0023037149999999996,
      "min": 0.007067823695000001,
      "max": 0.008597280695000003,
      "times": [
        0.007766957695000002,
        0.0075683986950000025,
        0.0077003166950000024,
        0.007617648695000001,
        0.007357108695000001,
        0.007400989695000002,
        0.007067823695000001,
        0.007520786695000002,
        0.007531076695000001,
        0.0077602856950000024,
        0.008096632695000001,
        0.007492292695000001,
        0.008228907695000003,
        0.008421672695000002,
        0.007930751695000002,
        0.008219505695000002,
        0.008008940695000001,
        0.007457260695000002,
        0.0075898096950000014,
        0.007513532695000002,
        0.007354250695000002,
        0.007520031695000002,
        0.007464565695000001,
        0.007692815695000002,
        0.007466134695000001,
        0.007230063695000002,
        0.007495626695000002,
        0.007182546695000002,
        0.007327513695000001,
        0.0073726706950000016,
        0.007280013695000002,
        0.007511965695000003,
        0.007302560695000002,
        0.007347836695000002,
        0.007465427695000002,
        0.0071566196950000015,
        0.007415221695000002,
        0.007451192695000003,
        0.007514557695000002,
        0.007599121695000002,
        0.007469514695000002,
        0.007627192695000002,
        0.0075364846950000015,
        0.007686362695000002,
        0.007854249695000003,
        0.0075685206950000024,
        0.007568191695000002,
        0.007461541695000002,
        0.007266518695000002,
        0.007898903695000003,
        0.007686856695000003,
        0.008260756695000001,
        0.008597280695000003,
        0.008148408695000001,
        0.008121179695000001,
        0.008366148695000002,
        0.008011305695000002,
        0.008215451695000002,
        0.008347794695000002,
        0.007991329695000002,
        0.008211278695000003,
        0.008193043695000003,
        0.008278536695000002,
        0.008290397695000002,
        0.008086622695000002,
        0.008015756695000003,
        0.008036899695000002,
        0.007939884695000001,
        0.007918722695000002,
        0.007965198695000002,
        0.007894924695000001,
        0.008168059695000002,
        0.008053941695000002,
        0.0076350446950000025,
        0.007721594695000002,
        0.007452422695000002,
        0.007704700695000002,
        0.007922915695000001,
        0.008437492695000002,
        0.007389577695000002,
        0.0075251276950000015,
        0.0073980756950000025,
        0.007273058695000001,
        0.007738773695000001,
        0.007507458695000002,
        0.007905782695000002,
        0.0074137156950000015,
        0.007404191695000001,
        0.007449091695000002,
        0.007265170695000002,
        0.007259287695000002,
        0.007299044695000001,
        0.007357275695000002,
        0.007435181695000001,
        0.007298522695000002,
        0.007452964695000001,
        0.007217115695000002,
        0.007167260695000002,
        0.007702728695000001,
        0.008396996695000002
      ]
    },
    {
      "command": "jq '.favouriteColours[0] = \"blue\"' benchmark/data.json",
      "mean": 0.026827888084999998,
      "stddev": 0.0015617788311951765,
      "median": 0.026283080195000003,
      "user": 0.024437764999999997,
      "system": 0.0008334749999999999,
      "min": 0.025262432695000003,
      "max": 0.033376647695000004,
      "times": [
        0.026273503695000006,
        0.026050391695,
        0.025920399695000006,
        0.025939088695,
        0.026222110695000002,
        0.026292656695,
        0.026149550695000003,
        0.026729042695000003,
        0.026208648695000003,
        0.027707676695000003,
        0.028933651695,
        0.026363260695,
        0.025663521695000004,
        0.027559520695000006,
        0.028655750695000003,
        0.025885426695000005,
        0.027104512695000006,
        0.027506473695000005,
        0.025970517695,
        0.026423523695000006,
        0.026311000695000003,
        0.029344687695000003,
        0.027160760695,
        0.030949478695000004,
        0.027284021695,
        0.026356588695000002,
        0.025941081695,
        0.026833028695000004,
        0.027929609695000003,
        0.026117283695,
        0.026231791695000006,
        0.025973610695000003,
        0.025767717695000004,
        0.026580183695000002,
        0.026457843695000004,
        0.026384389695000003,
        0.025963957695000005,
        0.025992451695000002,
        0.026188478695000003,
        0.026317670695000003,
        0.026326549695,
        0.025822888695000004,
        0.025735040695000003,
        0.030263109695,
        0.030930804695,
        0.028936488695,
        0.026101259695000004,
        0.026906481695000005,
        0.026077946695,
        0.026356016695000005,
        0.026381989695000004,
        0.026499698695000004,
        0.025868230695,
        0.027032541695000002,
        0.028649712695000003,
        0.026901462695000003,
        0.026617935695000004,
        0.033376647695000004,
        0.029838042695000004,
        0.033189153695,
        0.031503325695,
        0.028979599695000004,
        0.025950788695000004,
        0.025877737695,
        0.026063504695000003,
        0.026096417695000006,
        0.026313884695000005,
        0.025445312695,
        0.026408211695000003,
        0.025262432695000003,
        0.025564227695000004,
        0.025912371695000005,
        0.027350535695000004,
        0.026249357695000003,
        0.026225265695,
        0.025424595695000003,
        0.025647778695000005,
        0.026833842695000006,
        0.028304844695000005,
        0.026490837695000005,
        0.026298226695000003,
        0.025716723695000006,
        0.025594730695000005,
        0.025645003695,
        0.025736152695,
        0.026068912695,
        0.025977445695000004,
        0.026235836695,
        0.025758207695,
        0.025645650695,
        0.026407972695000004,
        0.026006758695,
        0.025727506695000006,
        0.026119581695000005,
        0.027126784695000003,
        0.027725393695000003,
        0.027643197695000003,
        0.026130822695,
        0.026036499695,
        0.025825654695000005
      ]
    },
    {
      "command": "yq --yaml-output '.favouriteColours[0] = \"blue\"' benchmark/data.yaml",
      "mean": 0.12516344145500008,
      "stddev": 0.006469427533799472,
      "median": 0.123665315195,
      "user": 0.103302455,
      "system": 0.021450974999999994,
      "min": 0.11267478969500001,
      "max": 0.14142493369500003,