{
  "results": [
    {
      "command": "dasel put string -f benchmark/data.json -o - '.favouriteColours.[0]' blue",
      "mean": 0.007016114574999998,
      "stddev": 0.0006048123725661546,
      "median": 0.007008558585,
      "user": 0.003919635,
      "system": 0.0023348150000000014,
      "min": 0.0053776090849999994,
      "max": 0.009433668085,
      "times": [
        0.007462943084999999,
        0.007248850084999999,
        0.007096758084999999,
        0.007169818084999999,
        0.007070201084999999,
        0.006824740085,
        0.007131380084999999,
        0.007247308085,
        0.0073468400849999995,
        0.007182069085,
        0.007014995084999999,
        0.006922690085,
        0.0068790880849999994,
        0.006803996084999999,
        0.006687375085,
        0.006692530085,
        0.006665808085,
        0.007539358084999999,
        0.006788621084999999,
        0.007707952085,
        0.006905273084999999,
        0.006787331085,
        0.0066905660849999994,
        0.006839509085,
        0.007279287085,
        0.007169769084999999,
        0.006980322085,
        0.006694681085,
        0.006580673085,
        0.006599445085,
        0.006548281084999999,
        0.0060306090849999985,
        0.0054896570849999994,
        0.005513127084999999,
        0.005752356084999999,
        0.005599234084999999,
        0.0053776090849999994,
        0.005586454084999999,
        0.006669565085,
        0.0069084000849999995,
        0.006850572085,
        0.006945799085,
        0.006691992085,
        0.007046877084999999,
        0.006047782084999999,
        0.006434833085,
        0.006316049085,
        0.006732556085,
        0.007266964085,
        0.007071528085,
        0.006874668085,
        0.006955439085,
        0.007731036084999999,
        0.007333378084999999,
        0.007706535085,
        0.008629570085,
        0.007355247085,
        0.006762542084999999,
        0.007107200085,
        0.007294897084999999,
        0.008203313085,
        0.009433668085,
        0.008131469084999999,
        0.007413850084999999,
        0.006986463084999999,
        0.007167571085,
        0.007378999085,
        0.008683386084999998,
        0.007388607084999999,
        0.007330601085,
        0.006978244084999999,
        0.007103697085,
        0.007223390084999999,
        0.007771008084999999,
        0.006967960085,
        0.0071941510849999986,
        0.007222741084999999,
        0.006941852084999999,
        0.006979210084999999,
        0.006989127084999999,
        0.006867412084999999,
        0.006876019085,
        0.007151731084999999,
        0.007136623084999999,
        0.007061698084999999,
        0.007038143084999999,
        0.006949332085,
        0.0072439310849999996,
        0.007112706084999999,
        0.007482388084999999,
        0.007002344085,
        0.007357468085,
        0.007001942085,
        0.006735195084999999,
        0.006810970084999999,
        0.007182557085,
        0.007527859084999999,
        0.0070286280849999995,
        0.007014773084999999,
        0.006899491085
      ]
    },
    {
      "command": "jq '.favouriteColours[0] = \"blue\"' benchmark/data.json",
      "mean": 0.02726186149500001,
      "stddev": 0.003005207775172992,
      "median": 0.026180218085,
      "user": 0.02474328499999999,
      "system": 0.000917025,
      "min": 0.024220058085000003,
      "max": 0.041457252085,
      "times": [
        0.027569576085000002,
        0.031728723085,
        0.029455287085,
        0.026912839085,
        0.026745228085000003,
        0.026275176085,
        0.026740818085000003,
        0.026600782085,
        0.028999843085,
        0.027857602085000002,
        0.026173384085,
        0.026517415085000003,
        0.026508447085,
        0.027276478085,
        0.027672878085,
        0.026639188085,
        0.027039437085000003,
        0.028385730085,
        0.026012429085,
        0.026804729085000003,
        0.025893592085,
        0.025994020085,
        0.026356363085,
        0.026187052085000002,
        0.028149369085,
        0.030889151085,
        0.032112123085,
        0.033014056085,
        0.031411985085,
        0.026757055085000002,
        0.028578393085,
        0.027140350085,
        0.031319411085,
        0.032445273085,
        0.031307493085,
        0.039253322085,
        0.041457252085,
        0.028712790085000002,
        0.025097670085000003,
        0.025242084085,
        0.026941965085000002,
        0.025992787085,
        0.025217267085,
        0.025085567085,
        0.025147369085000003,
        0.026804075085,
        0.024993271085,
        0.025245058085,
        0.025779671085,
        0.025907243085,
        0.025740086085000002,
        0.025818862085,
        0.026011111085,
        0.026342711085,
        0.025537068085000003,
        0.025375550085,
        0.025034760085,
        0.027738482085000002,
        0.038034277085,
        0.030955356085,
        0.025636672085000003,
        0.024917825085,
        0.025724666085,
        0.024912547085,
        0.024220058085000003,
        0.024784728085000002,
        0.025617525085000002,
        0.025629128085,
        0.025425441085,
        0.026077511085,
        0.024933038085,
        0.026461666085000002,
        0.025009846085000002,
        0.025272115085,
        0.026495017085000003,
        0.026113039085,
        0.025627272085000003,
        0.025849953085000002,
        0.025298670085000002,
        0.025026044085,
        0.033380861085,
        0.032240567085,
        0.025035320085,
        0.025742053085,
        0.025766804085,
        0.025893298085000002,
        0.026003964085,
        0.025483937085000002,
        0.027707776085,
        0.026249470085,
        0.029164094085000005,
        0.026009435085,
        0.026854200085000002,
        0.027363011085000003,
        0.025746053085,
        0.025902961085000002,
        0.026067829085,
        0.026811721085,
        0.025730952085,
        0.025061745085
      ]
    },
    {
      "command": "yq --yaml-output '.favouriteColours[0] = \"blue\"' benchmark/data.yaml",
      "mean": 0.11537724142499999,
      "stddev": 0.013323246208291268,
      "median": 0.110238208585,
      "user": 0.09545294499999998,
      "system": 0.019549335000000004,
      "min": 0.104621638085,
      "max": 0.18090529708500003,